REPORT_NUMBER,CRASH_YEAR,CRASH_DATE_AND_TIME,REPORT_DATE_AND_TIME,INVESTIGATING_AGENCY_REPORT_NUMBER,FORM_TYPE,TOTAL_NUMBER_OF_VEHICLES,TOTAL_NUMBER_OF_PERSONS,COUNTY_CODE,CITY_CODE,COUNTY_NAME,CITY_NAME,RURAL_OR_URBAN,NOTIFIED_TIME,DISPATCHED_TIME,ARRIVED_TIME,CLEARED_TIME,COMPLETED_FLAG,NOTIFIED_BY,ON_STREET_ROAD_HIGHWAY,STREET_ADDRESS_NUMBER,LATITUDE,LONGITUDE,FEET_FROM_INTERSECTION,DIRECTION_FROM_INTERSECTION,FROM_INTERSECTION_OF,MILEPOST_NUMBER,ROAD_SYSTEM_IDENTIFER,TYPE_OF_SHOULDER,TYPE_OF_INTERSECTION,PHOTOS_TAKEN,LIGHT_CONDITION,WEATHER_CONDITION,ROAD_SURFACE_CONDITION,SCHOOL_BUS_RELATED_CODE,TYPE_OF_IMPACT,FIRST_HARMFUL_EVENT,LOCATION,INTERCHANGE_FLAG,JUNCTION_FLAG,ROAD_CIRCUMSTANCES_1,ROAD_CIRCUMSTANCES_2,ROAD_CIRCUMSTANCES_3,ENVIRONMENT_CIRCUMSTANCES_1,ENVIRONMENT_CIRCUMSTANCES_2,ENVIRONMENT_CIRCUMSTANCES_3,WORK_ZONE_RELATED_FLAG,CRASH_IN_WORK_ZONE,TYPE_OF_WORK_ZONE,WORKERS_PRESENT,LAW_ENFORCEMENT_PRESENT,INVESTIGATOR_RANK,INVESTIGATING_AGENCY_NAME,INVESTIGATING_AGENCY_TYPE,LOAD_DATE,UPDATE_DATE,DAYS_TO_LOAD,CODEABLE,S4_CRASH_TYPE,S4_CRASH_TYPE_SIMPLIFIED,S4_CRASH_SEVERITY,S4_CRASH_SEVERITY_DETAIL,S4_DAY_OR_NIGHT,S4_IS_AGGRESSIVE_DRIVING,S4_IS_ALCOHOL_RELATED,S4_IS_CMV_INVOLVED,S4_IS_DISTRACTED,S4_IS_DRUG_RELATED,S4_IS_HIT_AND_RUN,S4_IS_INTERSECTION_RELATED,S4_IS_LANE_DEPARTURE_RELATED,S4_IS_SPEEDING_RELATED,S4_NONE_INJURY_COUNT,S4_INJURY_COUNT,S4_POSSIBLE_INJURY_COUNT,S4_NON_INCAPACITATING_INJURY_COUNT,S4_INCAPACITATING_INJURY_COUNT,S4_FATALITY_COUNT,S4_FATALITY_WITHIN_30_DAYS_COUNT,S4_NON_TRAFFIC_FATALITY_COUNT,S4_TRAILER_COUNT,S4_MOTORCYCLE_COUNT,S4_MOPED_COUNT,S4_NON_MOTORIST_COUNT,S4_BICYCLIST_COUNT,S4_PEDESTRIAN_COUNT,S4_DRIVER_COUNT,S4_AGING_DRIVER_COUNT,S4_TEENAGER_DRIVER_COUNT,S4_PASSENGER_COUNT,S4_UNRESTRAINED_COUNT,S4_UNRESTRAINED_INJURY_COUNT,S4_UNRESTRAINED_INCAPACITATING_INJURY_COUNT,S4_UNRESTRAINED_FATALITY_COUNT,S4_MOTORCYCLIST_COUNT,S4_MOTORCYCLIST_INCAPACITATING_INJURY_COUNT,S4_MOTORCYCLIST_FATALITY_COUNT,S4_IS_PEDESTRIAN_INVOLVED,S4_PEDESTRIAN_INCAPACITATING_INJURY_COUNT,S4_PEDESTRIAN_FATALITY_COUNT,S4_IS_BICYCLIST_INVOLVED,S4_BICYCLIST_INCAPACITATING_INJURY_COUNT,S4_BICYCLIST_FATALITY_COUNT,S4_CITATION_COUNT,S4_CITATION_AMOUNT,S4_PROPERTY_DAMAGE_COUNT,S4_PROPERTY_DAMAGE_AMOUNT,S4_VEHICLE_DAMAGE_COUNT,S4_VEHICLE_DAMAGE_AMOUNT,S4_TOTAL_DAMAGE_AMOUNT,S4_TRANSPORT_BY_EMS_COUNT,S4_TRANSPORT_BY_LAW_ENFORCEMENT_COUNT,S4_TRANSPORT_BY_OTHER_COUNT,S4_GEOLOCATION_STATUS,S4_PRELIMINARY_GEOLOCATION_STATUS,S4_X,S4_Y,S4_LATITUDE,S4_LONGITUDE
89636973,2024,5/29/2024 9:38,5/29/2024 10:07,FHP24ON0269342,L,1,2,41,0,Nassau,Unincorporated,Rural,5/29/2024 9:43,5/29/2024 9:44,5/29/2024 9:44,5/29/2024 11:04,Y,Law Enforcement,STATE ROAD 200,,30.61899339,-81.50210226,483,West,MARSH LAKES DR,,State,Paved,Not at Intersection,Y,Daylight,Cloudy,Dry,N,Other,Motor Vehicle in Transport,Shoulder,Y,Non-Junction,None,,,None,,,N,,,,,TPR,Florida Highway Patrol,Florida Highway Patrol (FHP),7/25/2024 2:27,7/25/2024 2:27,57,Y,Single Vehicle,Other,Fatality,Fatal (within 30 days),DAY,N,N,N,N,N,N,N,Y,N,0,1,0,0,1,1,1,0,0,0,0,0,0,0,1,1,0,1,0,0,0,0,0,0,0,N,0,0,N,0,0,0,0,0,0,1,20000,20000,1,0,0,Verified,n/a,451834.267,3387472.068,30.61887071,-81.50254182
25020405,2024,2/3/2024 17:00,3/6/2024 10:14,FHP24ON0057802,L,1,1,41,0,Nassau,Unincorporated,Rural,2/3/2024 17:17,2/3/2024 17:20,2/3/2024 17:41,2/3/2024 21:05,Y,Law Enforcement,RAYONIER GATE 14,,30.70965576,-81.62979126,,,CRANDALL ROAD,,Forest Road,Unpaved,Not at Intersection,Y,Daylight,Clear,Dry,N,Other,Tree (standing),Off Roadway,N,Non-Junction,None,,,None,,,N,,,,,CPL,Florida Highway Patrol,Florida Highway Patrol (FHP),2/6/2024 20:04,3/7/2024 19:22,3,Y,Off Road,Off Road,Fatality,Fatal (within 30 days),DAY,N,N,N,N,N,Y,N,Y,N,0,0,0,0,0,1,1,0,0,0,0,0,0,0,1,0,0,0,0,0,0,0,0,0,0,N,0,0,N,0,0,0,0,0,0,1,2000,2000,0,0,1,Preliminary,Editor Mapped,439795.5186,3397528.351,30.70906412,-81.62873072
25139590,2024,2/25/2024 11:00,2/25/2024 11:56,120779,L,2,3,2,38,Duval,Jacksonville,Urban,2/25/2024 11:15,2/25/2024 11:15,2/25/2024 11:40,2/25/2024 14:21,Y,Law Enforcement,HECKSCHER DR,,30.40294095,-81.43190849,22,South,FORT GEORGE RD,,State,Paved,Other,N,Daylight,Clear,Dry,N,Front to Front,Motor Vehicle in Transport,On Roadway,N,Intersection-Related,None,,,None,,,N,,,,,OFFICER,Jacksonville Sheriff's Office,Sheriff's Office (SO),2/26/2024 19:32,2/26/2024 19:32,1,Y,Left Entering,Left Turn,Serious Injury,Incapacitating Injury,DAY,N,N,N,Y,N,N,Y,N,N,1,2,0,1,1,0,0,0,0,0,0,0,0,0,2,0,0,1,0,0,0,0,0,0,0,N,0,0,N,0,0,1,0,0,0,2,30000,30000,2,0,0,Preliminary,Editor Mapped,458512.8526,3363514.343,30.40293519,-81.4319053
25336058,2024,3/17/2024 14:00,3/17/2024 16:14,168309,L,1,2,2,38,Duval,Jacksonville,Urban,3/17/2024 14:05,3/17/2024 14:10,3/17/2024 14:25,3/17/2024 17:00,Y,Law Enforcement,HAMMOND BLVD,,30.30451091,-81.79541744,443,South,PARTNER CT,,Local,Curb,Not at Intersection,N,Daylight,Cloudy,Dry,N,Other,Other Fixed Object,Off Roadway,N,Non-Junction,None,,,None,,,N,,,,,OFFICER,Jacksonville Sheriff's Office,Sheriff's Office (SO),4/6/2024 19:23,4/6/2024 19:23,20,Y,Off Road,Off Road,Serious Injury,Incapacitating Injury,DAY,N,N,N,N,N,N,N,Y,N,0,2,0,0,2,0,0,0,0,0,0,0,0,0,1,0,0,1,0,0,0,0,0,0,0,N,0,0,N,0,0,1,0,1,50000,1,10000,60000,2,0,0,Verified,n/a,423518.2248,3352795.668,30.30450518,-81.79541415
26117791,2024,7/13/2024 10:30,8/21/2024 8:38,427142,L,2,4,2,38,Duval,Jacksonville,Urban,7/13/2024 10:42,7/13/2024 10:45,7/13/2024 10:50,7/13/2024 11:01,Y,Law Enforcement,ROGERO RD,,30.33562475,-81.58916941,29,West,BRANDEMERE RD S,,Local,Curb,Four-Way Intersection,Y,Daylight,Clear,Dry,N,Angle,Motor Vehicle in Transport,On Roadway,Y,Intersection,None,,,None,,,N,,,,,DETECTIVE,Jacksonville Sheriff's Office,Sheriff's Office (SO),7/14/2024 19:11,8/22/2024 19:29,1,Y,Right Angle,Angle,Serious Injury,Incapacitating Injury,DAY,N,N,N,N,N,N,Y,N,N,0,4,0,3,1,0,0,0,0,0,0,0,0,0,2,1,0,2,0,0,0,0,0,0,0,N,0,0,N,0,0,1,0,0,0,2,12000,12000,2,0,0,Preliminary,Editor Mapped,443361.1582,3356113.867,30.33553923,-81.5892366
25688140,2024,4/1/2024 1:40,4/22/2024 8:59,199754,L,1,1,2,38,Duval,Jacksonville,Urban,4/1/2024 1:45,4/1/2024 1:50,4/1/2024 1:55,4/1/2024 5:11,Y,Law Enforcement,INTERNATIONAL AIRPORT BLVD,,30.51854632,-81.66002395,,,PECAN PARK RD,,Local,Unpaved,Not at Intersection,Y,Dark - Not Lighted,Clear,Dry,N,Other,Embankment,Off Roadway,N,Non-Junction,Unknown,,,Unknown,,,N,,,,,DETECTIVE,Jacksonville Sheriff's Office,Sheriff's Office (SO),4/2/2024 19:53,4/23/2024 19:55,1,Y,Off Road,Off Road,Fatality,Fatal (within 30 days),NIGHT,N,N,N,N,N,N,N,Y,N,0,0,0,0,0,1,1,0,0,0,0,0,0,0,1,1,0,0,1,0,0,1,0,0,0,N,0,0,N,0,0,0,0,0,0,1,10000,10000,1,0,0,Preliminary,Editor Mapped,437884.8814,3376357.821,30.51794037,-81.64741076
89719132,2024,4/14/2024 21:55,4/14/2024 22:24,FHP24ON0187851,L,2,4,2,38,Duval,Jacksonville,Urban,4/14/2024 22:01,4/14/2024 22:03,4/14/2024 22:18,4/14/2024 23:00,Y,Law Enforcement,INTERSTATE 10,,30.28746,-82.00187,3849,West,MM343,,Interstate,Paved,Not at Intersection,N,Dark - Lighted,Clear,Dry,N,Front to Rear,Motor Vehicle in Transport,On Roadway,N,Non-Junction,None,,,None,,,Y,Termination Area,Work on Shoulder or Median,Y,N,TPR,Florida Highway Patrol,Florida Highway Patrol (FHP),5/7/2024 19:52,5/7/2024 19:52,23,Y,Rear End,Rear End,Serious Injury,Incapacitating Injury,NIGHT,N,N,Y,N,N,N,N,Y,N,1,3,0,2,1,0,0,0,0,0,0,0,0,0,2,1,0,2,0,0,0,0,0,0,0,N,0,0,N,0,0,2,0,0,0,2,11000,11000,3,0,0,Preliminary,Editor Mapped,403647.5947,3351090.602,30.28770148,-82.00188946
26045753,2024,12/13/2024 19:04,12/13/2024 19:49,SJSO24CAD274145,L,2,6,20,50,St. Johns,St. Augustine,Rural,12/13/2024 19:06,12/13/2024 19:10,12/13/2024 19:10,12/13/2024 21:34,Y,Law Enforcement,US-1 / GUN CLUB RD.,,29.97093,-81.35466,0,,GUN CLUB RD,,U.S.,Unpaved,T-Intersection,N,Dark - Not Lighted,Clear,Dry,N,Rear to Side,Motor Vehicle in Transport,On Roadway,Y,Intersection,None,,,None,,,N,,,,,LE DEPUTY,St. Johns County Sheriff's Office,Sheriff's Office (SO),12/17/2024 20:18,12/17/2024 20:18,4,Y,Other,Other,Serious Injury,Incapacitating Injury,NIGHT,N,N,N,N,N,N,Y,N,N,0,6,5,0,1,0,0,0,0,0,0,0,0,0,2,0,0,4,0,0,0,0,0,0,0,N,0,0,N,0,0,0,0,0,0,2,7500,7500,1,0,0,Preliminary,Editor Mapped,465789.4327,3315620.569,29.97096172,-81.35460161
25460545,2024,2/25/2024 1:50,5/3/2024 12:39,SJSO24CAD042319,L,1,2,20,40,St. Johns,Hastings,Rural,2/25/2024 1:52,2/25/2024 1:53,2/25/2024 2:08,2/25/2024 3:00,Y,Law Enforcement,WEST DEEP CREEK BLVD,,29.63071,-81.45942,96,South,CLARE STREET,,Local,Unpaved,Not at Intersection,N,Dark - Not Lighted,Clear,Dry,N,Other,Ditch,Shoulder,N,Non-Junction,None,,,None,,,N,,,,,LE DEPUTY,St. Johns County Sheriff's Office,Sheriff's Office (SO),2/26/2024 19:32,5/4/2024 19:21,1,Y,Off Road,Off Road,Serious Injury,Incapacitating Injury,NIGHT,N,Y,N,Y,N,N,N,Y,N,0,2,0,1,1,0,0,0,0,0,0,0,0,0,1,0,0,1,0,0,0,0,0,0,0,N,0,0,N,0,0,0,0,0,0,1,20000,20000,2,0,0,Preliminary,Editor Mapped,455526.9629,3278048.919,29.63156366,-81.45942036
89714922,2024,5/23/2024 9:15,5/23/2024 10:14,FHP24ON0258250,L,2,2,20,0,St. Johns,Unincorporated,Rural,5/23/2024 9:25,5/23/2024 9:34,5/23/2024 9:49,5/23/2024 12:13,Y,Law Enforcement,STATE ROAD 207,,29.86359199,-81.34406971,0,,ROLLING HILLS DRIVE,,State,Curb,Four-Way Intersection,Y,Daylight,Clear,Dry,N,Angle,Motor Vehicle in Transport,On Roadway,N,Intersection,None,,,None,,,N,,,,,TPR,Florida Highway Patrol,Florida Highway Patrol (FHP),6/11/2024 19:55,6/11/2024 19:55,19,Y,Other,Other,Serious Injury,Incapacitating Injury,DAY,Y,N,Y,N,N,N,Y,N,N,1,1,0,0,1,0,0,0,1,1,0,0,0,0,2,0,0,0,0,0,0,0,1,1,0,N,0,0,N,0,0,2,0,0,0,2,5100,5100,1,0,0,Preliminary,Editor Mapped,466776.2084,3303711.547,29.86351516,-81.34400393
25966618,2024,2/20/2024 20:35,2/20/2024 0:00,2024-00020761,L,2,1,41,0,Nassau,Unincorporated,Rural,2/20/2024 20:37,2/20/2024 20:38,2/20/2024 20:55,2/20/2024 22:48,Y,Law Enforcement,SOUTH 10TH STREET,1300,,,461,North,,,Local,Unpaved,Not at Intersection,,Dark - Not Lighted,Clear,Dry,N,Front to Front,Parked Motor Vehicle,On Roadway,N,Non-Junction,None,,,None,,,N,,,,,,Nassau County Sheriff's Office,Sheriff's Office (SO),3/12/2024 20:14,3/12/2024 20:14,21,Y,Parked Vehicle,Other,Serious Injury,Incapacitating Injury,NIGHT,N,N,N,N,N,N,N,Y,N,0,1,0,0,1,0,0,0,1,0,0,0,0,0,1,0,0,0,1,1,1,0,0,0,0,N,0,0,N,0,0,2,0,0,0,2,12000,12000,1,0,0,Preliminary,Editor Mapped,455960.7279,3391369.152,30.65419504,-81.45965544
26099597,2024,8/18/2024 12:40,8/18/2024 14:16,505555,L,1,2,2,38,Duval,Jacksonville,Urban,8/18/2024 12:44,8/18/2024 12:44,8/18/2024 12:45,8/18/2024 12:46,Y,Law Enforcement,KERNAN BLVD S,,30.31683499,-81.48927669,0,,VISTA POINT CIRCLE,,Local,Paved,Four-Way Intersection,N,Daylight,Clear,Dry,N,"Sideswipe, Opposite Direction",Pedalcycle,On Roadway,Y,Intersection,None,,,None,,,N,,,,,OFFICER,Jacksonville Sheriff's Office,Sheriff's Office (SO),8/20/2024 19:59,8/20/2024 19:59,2,Y,Bicycle,Bicycle,Serious Injury,Incapacitating Injury,DAY,N,N,N,N,N,N,Y,N,N,1,1,0,0,1,0,0,0,0,0,0,1,1,0,1,1,0,0,0,0,0,0,0,0,0,N,0,0,Y,1,0,0,0,0,0,1,1000,1000,1,0,0,Preliminary,Editor Mapped,452961.7693,3353992.895,30.3168118,-81.48926582
26437936,2024,12/12/2024 16:04,12/12/2024 16:37,FHP24ON0624460,L,1,1,2,38,Duval,Jacksonville,Urban,12/12/2024 16:04,12/12/2024 16:14,12/12/2024 16:31,12/12/2024 17:01,Y,Law Enforcement,INTERSTATE 10 EB,,30.31639,-81.73825,2357,East,CASSAT AVE,,Interstate,Paved,Not at Intersection,N,Daylight,Clear,Dry,N,Other,Guardrail Face,On Roadway,N,Non-Junction,None,,,None,,,N,,,,,TPR,Florida Highway Patrol,Florida Highway Patrol (FHP),12/26/2024 19:20,12/26/2024 19:20,14,Y,Off Road,Off Road,Serious Injury,Incapacitating Injury,DAY,N,N,N,N,N,N,N,Y,N,0,1,0,0,1,0,0,0,0,0,0,0,0,0,1,0,0,0,0,0,0,0,0,0,0,N,0,0,N,0,0,1,0,0,0,1,6800,6800,1,0,0,Preliminary,Editor Mapped,428705.7372,3353979.681,30.31550584,-81.74154812
26112293,2024,8/18/2024 11:40,8/18/2024 12:04,505476,L,2,3,2,38,Duval,Jacksonville,Urban,8/18/2024 11:41,8/18/2024 11:41,8/18/2024 11:48,8/18/2024 12:37,Y,Law Enforcement,NORMANDY BLVD,,30.29493479,-81.7762861,0,,NORMANDY VILLAGE PKWY,,State,Paved,Four-Way Intersection,N,Daylight,Clear,Dry,N,Front to Front,Motor Vehicle in Transport,On Roadway,N,Non-Junction,None,,,None,,,N,,,,,OFFICER,Jacksonville Sheriff's Office,Sheriff's Office (SO),8/20/2024 19:59,8/20/2024 19:59,2,Y,Left Entering,Left Turn,Serious Injury,Incapacitating Injury,DAY,N,N,N,N,N,N,N,Y,N,0,3,1,1,1,0,0,0,0,0,0,0,0,0,2,1,0,1,0,0,0,0,0,0,0,N,0,0,N,0,0,1,0,0,0,2,20000,20000,1,0,0,Preliminary,Editor Mapped,425351.3936,3351720.435,30.29491745,-81.77627415
26116208,2024,8/16/2024 4:00,8/19/2024 22:46,508523,L,1,1,2,38,Duval,Jacksonville,Urban,8/19/2024 20:21,8/19/2024 20:21,8/19/2024 21:48,8/19/2024 21:48,N,Law Enforcement,SOUTHSIDE BLVD,7818,30.22924785,-81.55246427,0,,SOUTHSIDE SERVICE RD,,Local,Paved,Not at Intersection,N,Dark - Lighted,Clear,Dry,N,Front to Front,Pedalcycle,Roadside,N,Non-Junction,None,,,None,,,N,,,,,OFFICER,Jacksonville Sheriff's Office,Sheriff's Office (SO),8/20/2024 19:59,8/20/2024 19:59,4,Y,Bicycle,Bicycle,Serious Injury,Incapacitating Injury,NIGHT,N,N,N,N,N,Y,N,Y,N,0,1,0,0,1,0,0,0,0,0,0,1,0,1,0,0,0,0,0,0,0,0,0,0,0,Y,1,0,N,0,0,0,0,0,0,0,0,0,0,0,1,Preliminary,Editor Mapped,446839.6446,3344315.618,30.22923223,-81.55245318
26213258,2024,4/30/2024 19:01,4/30/2024 0:00,2024009255,L,2,3,48,0,Clay,Unincorporated,Rural,4/30/2024 19:06,4/30/2024 19:07,4/30/2024 19:10,4/30/2024 20:33,Y,Law Enforcement,EAGLE HARBOR PKWY,,30.105278,-81.712404,199,West,TOWN CENTER BLVD,,Local,Curb,T-Intersection,Y,Dusk,Cloudy,Dry,N,Angle,Motor Vehicle in Transport,On Roadway,N,Intersection,None,,,None,,,N,,,,,D/S,Clay County Sheriff's Office,Sheriff's Office (SO),5/5/2024 19:14,5/5/2024 19:14,5,Y,Right Angle,Angle,Serious Injury,Incapacitating Injury,NIGHT,N,N,N,N,N,N,Y,N,N,2,1,0,0,1,0,0,0,0,0,0,0,0,0,2,0,1,1,0,0,0,0,0,0,0,N,0,0,N,0,0,2,0,0,0,2,3500,3500,1,0,0,Preliminary,Editor Mapped,431362.3503,3330664.55,30.10527265,-81.71240072
25688037,2024,2/16/2024 19:13,2/16/2024 19:42,101976,L,2,3,2,38,Duval,Jacksonville,Urban,2/16/2024 19:14,2/16/2024 19:14,2/16/2024 19:21,2/16/2024 21:01,Y,Law Enforcement,BEACH BLVD,,30.28658971,-81.54418991,0,,FOREST BLVD,,Local,Unpaved,Four-Way Intersection,N,Dark - Lighted,Clear,Dry,N,Front to Front,Motor Vehicle in Transport,On Roadway,Y,Intersection,None,,,None,,,N,,,,,OFFICER,Jacksonville Sheriff's Office,Sheriff's Office (SO),2/18/2024 19:11,2/18/2024 19:11,2,Y,Left Entering,Left Turn,Serious Injury,Incapacitating Injury,NIGHT,N,N,N,N,N,N,Y,N,N,1,2,0,1,1,0,0,0,0,0,0,0,0,0,2,0,0,1,0,0,0,0,0,0,0,N,0,0,N,0,0,1,0,1,2500,2,40000,42500,2,0,0,Verified,n/a,447659.944,3350669.191,30.28660156,-81.54424482
26102792,2024,9/1/2024 14:25,11/13/2024 11:49,537026,L,2,7,2,38,Duval,Jacksonville,Urban,9/1/2024 14:27,9/1/2024 14:29,9/1/2024 14:30,9/1/2024 17:21,Y,Law Enforcement,SR-116 (MERRILL RD.),,30.35239042,-81.55127636,186,East,SR-116 (SOUTHSIDE CONNECTOR).,,State,Paved,Not at Intersection,N,Daylight,Clear,Dry,N,"Sideswipe, Same Direction",Motor Vehicle in Transport,On Roadway,N,Non-Junction,None,,,None,,,N,,,,,OFFICER,Jacksonville Sheriff's Office,Sheriff's Office (SO),9/3/2024 19:34,11/15/2024 20:01,2,Y,Same Direction Sideswipe,Sideswipe,Fatality,Fatal (within 30 days),DAY,N,N,N,N,N,N,N,Y,N,5,1,0,0,1,1,1,0,0,1,0,0,0,0,2,0,0,5,0,0,0,0,2,1,1,N,0,0,N,0,0,1,0,0,0,2,11000,11000,2,0,0,Preliminary,Editor Mapped,447019.43,3357962.275,30.35238468,-81.55127313
25139570,2024,5/1/2024 10:50,5/1/2024 11:16,267949,L,1,2,2,38,Duval,Jacksonville,Urban,5/1/2024 10:52,5/1/2024 10:52,5/1/2024 10:59,5/1/2024 11:45,Y,Law Enforcement,HUFFMAN BLVD,,30.30173972,-81.50480151,48,East,ALDEN RD,,Local,Curb,Traffic Circle,N,Daylight,Clear,Dry,N,Other,Other Fixed Object,Off Roadway,N,Intersection,None,,,None,,,N,,,,,OFFICER,Jacksonville Sheriff's Office,Sheriff's Office (SO),5/4/2024 19:21,5/4/2024 19:21,3,Y,Off Road,Off Road,Serious Injury,Incapacitating Injury,DAY,N,N,N,N,N,N,Y,N,N,1,1,0,0,1,0,0,0,0,0,0,0,0,0,1,0,0,1,0,0,0,0,0,0,0,N,0,0,N,0,0,0,0,2,20500,1,10000,30500,1,0,0,Preliminary,Editor Mapped,451456.0109,3352359.149,30.30200965,-81.50485183
25688516,2024,7/6/2024 2:30,9/23/2024 15:47,411818,L,1,2,2,38,Duval,Jacksonville,Urban,7/6/2024 2:34,7/6/2024 2:34,7/6/2024 2:35,7/6/2024 6:00,Y,Law Enforcement,SR 111 (EDGEWOOD AVE W),,30.38026532,-81.69548733,60,West,MONCRIEF RD,,State,Curb,Not at Intersection,Y,Dark - Not Lighted,Clear,Dry,N,Front to Rear,Pedalcycle,On Roadway,N,Non-Junction,None,,,None,,,N,,,,,DETECTIVE,Jacksonville Sheriff's Office,Sheriff's Office (SO),7/7/2024 19:12,9/25/2024 23:00,1,Y,Bicycle,Bicycle,Fatality,Fatal (within 30 days),NIGHT,N,N,N,N,N,Y,N,N,N,1,0,0,0,0,1,1,0,0,0,0,1,1,0,1,0,0,0,0,0,0,0,0,0,0,N,0,0,Y,0,1,0,0,1,100,1,8000,8100,0,0,0,Verified,n/a,433168.5671,3361134.053,30.38031792,-81.69558861
26107973,2024,7/7/2024 22:00,7/7/2024 22:31,415385,L,2,4,2,38,Duval,Jacksonville,Urban,7/7/2024 22:01,7/7/2024 22:03,7/7/2024 22:12,7/7/2024 23:38,Y,Law Enforcement,NEW BERLIN RD,,30.41225886,-81.56703145,0,,ZOO PKWY,,Local,Curb,Four-Way Intersection,N,Dark - Lighted,Clear,Dry,N,Angle,Motor Vehicle in Transport,On Roadway,N,Intersection,None,,,None,,,N,,,,,OFFICER,Jacksonville Sheriff's Office,Sheriff's Office (SO),7/9/2024 19:45,7/9/2024 19:45,2,Y,Left Leaving,Left Turn,Serious Injury,Incapacitating Injury,NIGHT,N,N,N,Y,N,N,Y,N,N,2,2,0,1,1,0,0,0,0,0,0,0,0,0,2,1,0,2,0,0,0,0,0,0,0,N,0,0,N,0,0,1,0,0,0,2,10500,10500,1,0,0,Preliminary,Editor Mapped,445543.9211,3364603.278,30.41224507,-81.5669713
25683277,2024,4/7/2024 12:36,5/6/2024 7:55,213929,L,2,3,2,38,Duval,Jacksonville,Urban,4/7/2024 12:36,4/7/2024 12:38,4/7/2024 12:44,4/7/2024 17:16,Y,Law Enforcement,OLD SAINT AUGUSTINE RD,,30.15299754,-81.58604592,0,,PLUMMER GRANT RD,,Local,Paved,T-Intersection,Y,Daylight,Clear,Dry,N,Front to Front,Motor Vehicle in Transport,On Roadway,N,Intersection-Related,None,,,None,,,N,,,,,DETECTIVE,Jacksonville Sheriff's Office,Sheriff's Office (SO),4/8/2024 19:51,4/9/2024 19:35,1,Y,Head On,Head On,Fatality,Fatal (within 30 days),DAY,N,N,N,N,Y,N,Y,N,N,0,2,0,2,0,1,1,0,0,0,0,0,0,0,2,0,0,1,0,0,0,0,0,0,0,N,0,0,N,0,0,0,0,0,0,2,60000,60000,3,0,0,Preliminary,Editor Mapped,443575.1306,3335882.784,30.15298799,-81.58592655
25442320,2024,6/20/2024 11:13,6/20/2024 12:09,SJSO24CAD135498,L,2,1,20,50,St. Johns,St. Augustine,Urban,6/20/2024 11:14,6/20/2024 11:15,6/20/2024 11:16,6/20/2024 12:09,Y,Law Enforcement,US 1 SOUTH / SOUTH PONCE DE LEON BLVD,,29.88805,-81.32398,59,South,DANIELS ST,,U.S.,Paved,Not at Intersection,N,Daylight,Clear,Dry,N,Front to Rear,Parked Motor Vehicle,Shoulder,N,Non-Junction,None,,,None,,,N,,,,,PATROLMAN,St. Augustine Police Department,Police Department (PD),7/1/2024 19:34,7/1/2024 19:34,11,Y,Parked Vehicle,Other,Serious Injury,Incapacitating Injury,DAY,N,N,N,Y,N,N,N,Y,N,0,1,0,0,1,0,0,0,0,1,0,0,0,0,1,0,0,0,0,0,0,0,1,1,0,N,0,0,N,0,0,2,0,0,0,2,4000,4000,1,0,0,Preliminary,Editor Mapped,468643.4205,3306575.867,29.88941356,-81.32475455
26105248,2024,6/30/2024 0:50,6/30/2024 1:18,398184,L,1,1,2,38,Duval,Jacksonville,Urban,6/30/2024 0:54,6/30/2024 0:54,6/30/2024 0:55,6/30/2024 1:30,Y,Law Enforcement,MONCRIEF RD W,,30.38256852,-81.6997867,230,West,AVENUE B,,Local,Curb,Not at Intersection,N,Dark - Lighted,Clear,Dry,N,Other,Other Non-Fixed Object,On Roadway,N,Non-Junction,None,,,None,,,N,,,,,OFFICER,Jacksonville Sheriff's Office,Sheriff's Office (SO),7/1/2024 19:34,7/1/2024 19:34,1,Y,Single Vehicle,Other,Serious Injury,Incapacitating Injury,NIGHT,N,N,N,N,N,N,N,N,N,0,1,0,0,1,0,0,0,0,1,0,0,0,0,1,0,0,0,0,0,0,0,1,1,0,N,0,0,N,0,0,0,0,0,0,1,5000,5000,1,0,0,Preliminary,Editor Mapped,432767.0596,3361385.307,30.38256277,-81.69978343
24884956,2024,6/1/2024 13:48,9/12/2024 23:10,FHP24ON0275498,L,1,1,2,38,Duval,Jacksonville,Urban,6/1/2024 13:53,6/1/2024 13:58,6/1/2024 14:09,6/1/2024 20:33,Y,Law Enforcement,STATE ROAD 23 SOUTHBOUND ENTRANCE RAMP,,30.27780882,-81.87475384,298,West,POW-MIA MEMORIAL PARKWAY,,State,Curb,Not at Intersection,N,Daylight,Clear,Dry,N,Other,Overturn/Rollover,On Roadway,Y,Entrance/Exit Ramp,None,,,None,,,N,,,,,TPR,Florida Highway Patrol,Florida Highway Patrol (FHP),6/14/2024 19:33,9/19/2024 0:21,13,Y,Rollover,Rollover,Fatality,Fatal (within 30 days),DAY,N,N,Y,N,Y,N,N,Y,N,0,0,0,0,0,1,1,0,0,0,0,0,0,0,1,0,0,0,1,0,0,1,0,0,0,N,0,0,N,0,0,0,0,0,0,1,25000,25000,1,0,0,Verified,n/a,415597.6123,3349734.696,30.27635897,-81.87753525