REPORT_NUMBER,CRASH_YEAR,CRASH_DATE_AND_TIME,REPORT_DATE_AND_TIME,INVESTIGATING_AGENCY_REPORT_NUMBER,FORM_TYPE,TOTAL_NUMBER_OF_VEHICLES,TOTAL_NUMBER_OF_PERSONS,COUNTY_CODE,CITY_CODE,COUNTY_NAME,CITY_NAME,RURAL_OR_URBAN,NOTIFIED_TIME,DISPATCHED_TIME,ARRIVED_TIME,CLEARED_TIME,COMPLETED_FLAG,NOTIFIED_BY,ON_STREET_ROAD_HIGHWAY,STREET_ADDRESS_NUMBER,LATITUDE,LONGITUDE,FEET_FROM_INTERSECTION,DIRECTION_FROM_INTERSECTION,FROM_INTERSECTION_OF,MILEPOST_NUMBER,ROAD_SYSTEM_IDENTIFER,TYPE_OF_SHOULDER,TYPE_OF_INTERSECTION,PHOTOS_TAKEN,LIGHT_CONDITION,WEATHER_CONDITION,ROAD_SURFACE_CONDITION,SCHOOL_BUS_RELATED_CODE,TYPE_OF_IMPACT,FIRST_HARMFUL_EVENT,LOCATION,INTERCHANGE_FLAG,JUNCTION_FLAG,ROAD_CIRCUMSTANCES_1,ROAD_CIRCUMSTANCES_2,ROAD_CIRCUMSTANCES_3,ENVIRONMENT_CIRCUMSTANCES_1,ENVIRONMENT_CIRCUMSTANCES_2,ENVIRONMENT_CIRCUMSTANCES_3,WORK_ZONE_RELATED_FLAG,CRASH_IN_WORK_ZONE,TYPE_OF_WORK_ZONE,WORKERS_PRESENT,LAW_ENFORCEMENT_PRESENT,INVESTIGATOR_RANK,INVESTIGATING_AGENCY_NAME,INVESTIGATING_AGENCY_TYPE,LOAD_DATE,UPDATE_DATE,DAYS_TO_LOAD,CODEABLE,S4_CRASH_TYPE,S4_CRASH_TYPE_SIMPLIFIED,S4_CRASH_SEVERITY,S4_CRASH_SEVERITY_DETAIL,S4_DAY_OR_NIGHT,S4_IS_AGGRESSIVE_DRIVING,S4_IS_ALCOHOL_RELATED,S4_IS_CMV_INVOLVED,S4_IS_DISTRACTED,S4_IS_DRUG_RELATED,S4_IS_HIT_AND_RUN,S4_IS_INTERSECTION_RELATED,S4_IS_LANE_DEPARTURE_RELATED,S4_IS_SPEEDING_RELATED,S4_NONE_INJURY_COUNT,S4_INJURY_COUNT,S4_POSSIBLE_INJURY_COUNT,S4_NON_INCAPACITATING_INJURY_COUNT,S4_INCAPACITATING_INJURY_COUNT,S4_FATALITY_COUNT,S4_FATALITY_WITHIN_30_DAYS_COUNT,S4_NON_TRAFFIC_FATALITY_COUNT,S4_TRAILER_COUNT,S4_MOTORCYCLE_COUNT,S4_MOPED_COUNT,S4_NON_MOTORIST_COUNT,S4_BICYCLIST_COUNT,S4_PEDESTRIAN_COUNT,S4_DRIVER_COUNT,S4_AGING_DRIVER_COUNT,S4_TEENAGER_DRIVER_COUNT,S4_PASSENGER_COUNT,S4_UNRESTRAINED_COUNT,S4_UNRESTRAINED_INJURY_COUNT,S4_UNRESTRAINED_INCAPACITATING_INJURY_COUNT,S4_UNRESTRAINED_FATALITY_COUNT,S4_MOTORCYCLIST_COUNT,S4_MOTORCYCLIST_INCAPACITATING_INJURY_COUNT,S4_MOTORCYCLIST_FATALITY_COUNT,S4_IS_PEDESTRIAN_INVOLVED,S4_PEDESTRIAN_INCAPACITATING_INJURY_COUNT,S4_PEDESTRIAN_FATALITY_COUNT,S4_IS_BICYCLIST_INVOLVED,S4_BICYCLIST_INCAPACITATING_INJURY_COUNT,S4_BICYCLIST_FATALITY_COUNT,S4_CITATION_COUNT,S4_CITATION_AMOUNT,S4_PROPERTY_DAMAGE_COUNT,S4_PROPERTY_DAMAGE_AMOUNT,S4_VEHICLE_DAMAGE_COUNT,S4_VEHICLE_DAMAGE_AMOUNT,S4_TOTAL_DAMAGE_AMOUNT,S4_TRANSPORT_BY_EMS_COUNT,S4_TRANSPORT_BY_LAW_ENFORCEMENT_COUNT,S4_TRANSPORT_BY_OTHER_COUNT,S4_GEOLOCATION_STATUS,S4_PRELIMINARY_GEOLOCATION_STATUS,S4_X,S4_Y,S4_LATITUDE,S4_LONGITUDE
26113550,2024,10/12/2024 13:05,10/12/2024 13:28,626003,L,2,2,2,38,Duval,Jacksonville,Urban,10/12/2024 13:08,10/12/2024 13:08,10/12/2024 13:10,10/12/2024 13:46,Y,Law Enforcement,LIVINGSTON RD PLOT,4215,30.17680233,-81.60692485,,,10900 OLD ST AUGUSTINE RD,,Parking Lot,Curb,Not at Intersection,N,Daylight,Clear,Dry,N,"Sideswipe, Opposite Direction",Parked Motor Vehicle,In Parking Lane or Zone,N,Non-Junction,None,,,None,,,N,,,,,OFFICER,Jacksonville Sheriff's Office,Sheriff's Office (SO),10/13/2024 19:17,10/13/2024 19:17,1,Y,Parked Vehicle,Other,Serious Injury,Incapacitating Injury,DAY,N,N,N,N,N,N,N,Y,N,1,1,0,0,1,0,0,0,0,0,0,0,0,0,1,1,0,1,1,1,1,0,0,0,0,N,0,0,N,0,0,0,0,1,500,2,1000,1500,1,0,0,Preliminary,Editor Mapped,441567.3075,3338531.686,30.17679663,-81.60692162
25134571,2024,9/2/2024 8:30,10/31/2024 6:32,538468,L,1,3,2,38,Duval,Jacksonville,Urban,9/2/2024 8:38,9/2/2024 8:39,9/2/2024 8:43,9/2/2024 11:36,Y,Law Enforcement,HANSON DR N,,30.28960534,-81.76496824,680,North,HANSON DR S,,Local,Paved,Other,N,Daylight,Clear,Dry,N,Other,Pedestrian,On Roadway,N,Non-Junction,None,,,None,,,N,,,,,DETECTIVE,Jacksonville Sheriff's Office,Sheriff's Office (SO),9/3/2024 19:34,11/8/2024 19:54,1,Y,Pedestrian,Pedestrian,Fatality,Fatal (within 30 days),DAY,N,N,N,N,N,N,N,N,N,1,1,0,1,0,1,1,0,0,0,0,2,0,2,1,0,0,0,0,0,0,0,0,0,0,Y,0,1,N,0,0,1,0,0,0,1,2000,2000,1,0,0,Preliminary,Editor Mapped,426435.9491,3351121.772,30.28958188,-81.76495473
26114502,2024,8/7/2024 21:32,2/6/2025 13:10,481876,L,1,1,2,38,Duval,Jacksonville,Urban,8/7/2024 21:40,8/7/2024 21:40,8/7/2024 21:47,8/8/2024 0:01,Y,Law Enforcement,AVENUE B ST,,30.37162426,-81.69893293,30,,45TH ST W,,Local,Paved,Four-Way Intersection,Y,Dark - Lighted,Cloudy,Wet,N,Other,Pedestrian,On Roadway,N,Intersection,None,,,None,,,N,,,,,DETECTIVE,Jacksonville Sheriff's Office,Sheriff's Office (SO),8/8/2024 19:23,2/8/2025 19:24,1,Y,Pedestrian,Pedestrian,Fatality,Fatal (within 30 days),NIGHT,N,N,N,N,N,Y,Y,N,N,0,0,0,0,0,1,1,0,0,0,0,1,0,1,0,0,0,0,0,0,0,0,0,0,0,Y,0,1,N,0,0,0,0,0,0,0,0,0,1,0,0,Preliminary,Editor Mapped,432831.5828,3360183.918,30.37172573,-81.69903475
25688036,2024,2/10/2024 3:30,4/11/2024 21:06,87224,L,1,1,2,38,Duval,Jacksonville,Urban,2/10/2024 3:39,2/10/2024 3:39,2/10/2024 3:45,2/10/2024 5:41,N,Law Enforcement,BEACH BLVD,,30.28691658,-81.51869474,726,East,N I-295/I-295 EAST BELT/SR-9A RAMP,,U.S.,Curb,Not at Intersection,N,Dark - Lighted,Clear,Dry,N,Unknown,Pedestrian,On Roadway,N,Non-Junction,None,,,None,,,N,,,,,OFFICER,Jacksonville Sheriff's Office,Sheriff's Office (SO),2/11/2024 19:10,4/13/2024 19:19,1,Y,Pedestrian,Pedestrian,Serious Injury,Incapacitating Injury,NIGHT,N,N,N,N,N,Y,N,N,N,0,1,0,0,1,0,0,0,0,0,0,1,0,1,0,0,0,0,0,0,0,0,0,0,0,Y,1,0,N,0,0,0,0,0,0,0,0,0,1,0,0,Verified,n/a,450117.5971,3350691.969,30.28691085,-81.51869152
26365616,2024,6/23/2024 0:18,6/23/2024 1:06,FHP24ON0314126,L,1,1,48,0,Clay,Unincorporated,Rural,6/23/2024 0:18,6/23/2024 0:23,6/23/2024 0:35,6/23/2024 1:41,Y,Law Enforcement,HALL AND BOREE RD,,30.02776,-81.87746,610,East,BOREE RD,,Local,Paved,Not at Intersection,N,Dark - Not Lighted,Clear,Dry,N,Other,Overturn/Rollover,Off Roadway,N,Non-Junction,None,,,None,,,N,,,,,TPR,Florida Highway Patrol,Florida Highway Patrol (FHP),7/1/2024 19:34,7/1/2024 19:34,8,Y,Rollover,Rollover,Serious Injury,Incapacitating Injury,NIGHT,N,N,N,N,N,N,N,Y,N,0,1,0,0,1,0,0,0,0,0,0,0,0,0,1,0,0,0,1,1,1,0,0,0,0,N,0,0,N,0,0,0,0,0,0,1,2500,2500,1,0,0,Preliminary,Editor Mapped,415373.8522,3322053.515,30.02656672,-81.87764717
26370742,2024,6/15/2024 19:27,6/15/2024 20:15,FHP24ON0301223,L,1,2,20,0,St. Johns,Unincorporated,Rural,6/15/2024 19:32,6/15/2024 19:32,6/15/2024 19:32,6/15/2024 21:20,Y,Law Enforcement,INTERSTATE 95 NORTH MILE MARKER 306,,29.76085,-81.35158,3438,North,STATE ROAD 206,,Interstate,Paved,Not at Intersection,Y,Daylight,Clear,Dry,N,Other,Guardrail Face,Off Roadway,N,Non-Junction,None,,,None,,,N,,,,,TPR,Florida Highway Patrol,Florida Highway Patrol (FHP),7/1/2024 19:34,7/1/2024 19:34,16,Y,Off Road,Off Road,Serious Injury,Incapacitating Injury,NIGHT,N,N,N,N,N,N,N,Y,N,0,2,0,1,1,0,0,0,0,0,0,0,0,0,1,0,0,1,2,2,1,0,0,0,0,N,0,0,N,0,0,2,0,1,1000,1,20000,21000,2,0,0,Preliminary,Editor Mapped,465989.2891,3292333.547,29.76081068,-81.35179207
26105345,2024,1/29/2024 17:20,2/5/2024 8:56,60825,L,1,2,2,38,Duval,Jacksonville,Urban,1/29/2024 17:25,1/29/2024 17:30,1/29/2024 17:40,1/29/2024 18:00,Y,Law Enforcement,NORMANDY BOULEVARD,8018,30.29151402,-81.78146592,,,,,Parking Lot,Curb,Not at Intersection,N,Dusk,Clear,Dry,N,Other,Pedestrian,In Parking Lane or Zone,N,Driveway/Alley Access Related,None,,,None,,,N,,,,,CSO,Jacksonville Sheriff's Office,Sheriff's Office (SO),1/31/2024 20:57,2/6/2024 20:05,2,Y,Pedestrian,Pedestrian,Serious Injury,Incapacitating Injury,DAY,N,N,N,N,N,N,N,N,N,1,1,0,0,1,0,0,0,0,0,0,1,0,1,1,1,0,0,0,0,0,0,0,0,0,Y,1,0,N,0,0,0,0,0,0,0,0,0,1,0,0,Preliminary,Editor Mapped,424849.8408,3351346.061,30.2915083,-81.78146263
89749407,2024,1/22/2024 18:00,3/27/2024 11:22,FHP24ON0036762,L,3,7,48,0,Clay,Unincorporated,Rural,1/22/2024 18:05,1/22/2024 18:09,1/22/2024 18:29,1/22/2024 23:26,Y,Law Enforcement,STATE ROAD 21,,29.97855,-81.89778,3672,North,TURKEY TROT ROAD,,State,Paved,Not at Intersection,Y,Dusk,Clear,Dry,N,"Sideswipe, Opposite Direction",Motor Vehicle in Transport,On Roadway,N,Non-Junction,None,,,None,,,N,,,,,CPL,Florida Highway Patrol,Florida Highway Patrol (FHP),1/30/2024 19:52,3/28/2024 19:19,8,Y,Opposing Sideswipe,Sideswipe,Fatality,Fatal (within 30 days),DAY,N,N,N,N,N,N,N,Y,N,5,1,0,0,1,1,1,0,0,1,0,0,0,0,3,1,0,4,0,0,0,0,2,1,1,N,0,0,N,0,0,0,0,0,0,3,13000,13000,1,0,1,Verified,n/a,413382.1233,3313013.924,29.94485842,-81.89756707
89081529,2024,8/18/2024 16:02,8/18/2024 16:33,505870,L,2,2,2,38,Duval,Jacksonville,Urban,8/18/2024 16:04,8/18/2024 16:07,8/18/2024 16:15,8/18/2024 17:50,Y,Law Enforcement,BEACH BLVD (US 90) WB,11000,30.28689782,-81.53350668,0,,DESALVO RD,,U.S.,Unpaved,Four-Way Intersection,N,Daylight,Clear,Dry,N,Angle,Motor Vehicle in Transport,On Roadway,Y,Intersection,None,,,None,,,N,,,,,OFFICER,Jacksonville Sheriff's Office,Sheriff's Office (SO),8/20/2024 19:59,8/20/2024 19:59,2,Y,Right Angle,Angle,Serious Injury,Incapacitating Injury,DAY,N,N,N,N,N,N,Y,N,N,1,1,0,0,1,0,0,0,0,0,0,0,0,0,2,0,0,0,1,1,1,0,0,0,0,N,0,0,N,0,0,1,0,0,0,2,14000,14000,1,0,0,Preliminary,Editor Mapped,448702.7062,3350696.308,30.28689089,-81.53340365
26352123,2024,5/21/2024 0:08,5/21/2024 0:40,FHP24ON0254118,L,1,1,2,38,Duval,Jacksonville,Urban,5/21/2024 0:11,5/21/2024 0:15,5/21/2024 0:23,5/22/2024 1:00,Y,Law Enforcement,INTERSTATE 295,,30.38533,-81.5573,8255,South,MM44,,Interstate,Paved,Not at Intersection,N,Dark - Lighted,Clear,Dry,N,Other,Overturn/Rollover,On Roadway,N,Non-Junction,None,,,None,,,N,,,,,TPR,Florida Highway Patrol,Florida Highway Patrol (FHP),5/31/2024 19:34,5/31/2024 19:34,10,Y,Rollover,Rollover,Serious Injury,Incapacitating Injury,NIGHT,N,N,N,N,N,N,N,Y,N,0,1,0,0,1,0,0,0,0,0,0,0,0,0,1,1,0,0,0,0,0,0,0,0,0,N,0,0,N,0,0,0,0,0,0,1,5500,5500,1,0,0,Preliminary,Editor Mapped,446446.0989,3361613.192,30.38530408,-81.55742537
25688569,2024,4/14/2024 23:57,4/15/2024 0:15,231327,L,1,3,2,38,Duval,Jacksonville,Urban,4/14/2024 23:57,4/14/2024 23:58,4/15/2024 0:01,4/15/2024 1:06,Y,Law Enforcement,ARLINGTON RD N,,30.31884082,-81.57950634,33,North,GALVESTON AVE,,Local,Paved,Not at Intersection,N,Dark - Lighted,Clear,Dry,N,Angle,Curb,Shoulder,N,Non-Junction,None,,,None,,,N,,,,,OFFICER,Jacksonville Sheriff's Office,Sheriff's Office (SO),4/16/2024 20:03,4/16/2024 20:03,2,Y,Off Road,Off Road,Serious Injury,Incapacitating Injury,NIGHT,N,N,N,Y,N,N,N,Y,N,0,3,1,1,1,0,0,0,0,0,0,0,0,0,1,0,0,2,1,1,0,0,0,0,0,N,0,0,N,0,0,2,0,2,500,1,15000,15500,1,0,0,Verified,n/a,444289.6368,3354281.481,30.31904751,-81.57948033
25690016,2024,2/11/2024 2:50,4/2/2024 16:02,89139,L,1,3,2,38,Duval,Jacksonville,Urban,2/11/2024 2:50,2/11/2024 2:51,2/11/2024 2:52,2/11/2024 4:32,Y,Law Enforcement,UNION ST WEST,,30.33386984,-81.66384847,87,West,NORTH BROAD STREET,,Local,Curb,Not at Intersection,Y,Dark - Lighted,Clear,Dry,N,Other,Pedestrian,On Roadway,N,Non-Junction,None,,,None,,,N,,,,,DETECTIVE,Jacksonville Sheriff's Office,Sheriff's Office (SO),2/12/2024 19:33,4/5/2024 19:42,1,Y,Pedestrian,Pedestrian,Serious Injury,Incapacitating Injury,NIGHT,N,N,N,N,N,N,N,N,N,2,1,0,0,1,0,0,0,0,0,0,1,0,1,1,0,0,1,0,0,0,0,0,0,0,Y,1,0,N,0,0,0,0,0,0,1,1000,1000,1,0,0,Verified,n/a,436188.363,3355967.844,30.33386411,-81.66384521
26213556,2024,5/25/2024 21:25,5/25/2024 0:00,2024011102,L,1,1,48,42,Clay,Keystone Heights,Urban,5/25/2024 21:35,5/25/2024 21:37,5/25/2024 21:40,5/25/2024 22:58,Y,Law Enforcement,IMMOKALEE RD,,29.810051,-82.01803,214,West,GAS LINE RD,,Local,Unpaved,Not at Intersection,Y,Dark - Not Lighted,Cloudy,Dry,N,,Curb,Off Roadway,N,Non-Junction,None,,,None,,,N,,,,,DEPUTY,Clay County Sheriff's Office,Sheriff's Office (SO),5/31/2024 19:34,5/31/2024 19:34,6,Y,Off Road,Off Road,Serious Injury,Incapacitating Injury,NIGHT,N,N,N,N,N,N,N,Y,N,0,1,0,0,1,0,0,0,0,1,0,0,0,0,1,0,0,0,0,0,0,0,1,1,0,N,0,0,N,0,0,0,0,0,0,1,1200,1200,1,0,0,Preliminary,Editor Mapped,401624.6181,3298171.65,29.81004543,-82.0180264
25684874,2024,5/16/2024 4:55,6/27/2024 10:41,300790,L,1,1,2,38,Duval,Jacksonville,Urban,5/16/2024 4:56,5/16/2024 4:57,5/16/2024 5:02,5/16/2024 8:22,Y,Law Enforcement,PRITCHARD RD,,30.37253066,-81.75569594,295,East,PERIMETER INDUSTRIAL PKWY W,,Local,Curb,Four-Way Intersection,Y,Dark - Lighted,Clear,Dry,N,Other,Curb,On Roadway,Y,Intersection-Related,None,,,None,,,N,,,,,DETECTIVE,Jacksonville Sheriff's Office,Sheriff's Office (SO),5/17/2024 19:33,6/28/2024 19:32,1,Y,Off Road,Off Road,Fatality,Fatal (within 30 days),NIGHT,N,N,N,N,N,N,Y,N,N,0,0,0,0,0,1,1,0,0,1,0,0,0,0,1,0,0,0,0,0,0,0,1,0,1,N,0,0,N,0,0,0,0,0,0,1,8000,8000,0,0,0,Preliminary,Editor Mapped,427373.5739,3360302.14,30.37247633,-81.75584152
25065654,2024,2/9/2024 18:09,5/8/2024 9:10,FHP24ON0068512,L,1,1,48,0,Clay,Unincorporated,Rural,2/9/2024 18:13,2/9/2024 18:13,2/9/2024 18:13,2/9/2024 23:45,Y,Law Enforcement,OAKLEAF PLANTATION PKWY,,30.16729,-81.84902,178,West,EAGLE LANDING PKWY,,Local,Curb,Not at Intersection,Y,Dusk,Cloudy,Dry,N,Other,Curb,Shoulder,N,Non-Junction,None,,,None,,,N,,,,,CPL,Florida Highway Patrol,Florida Highway Patrol (FHP),2/27/2024 20:15,5/10/2024 19:26,18,Y,Off Road,Off Road,Fatality,Fatal (within 30 days),DAY,N,Y,N,N,Y,N,N,Y,N,0,0,0,0,0,1,1,0,0,0,0,0,0,0,1,0,0,0,0,0,0,0,0,0,0,N,0,0,N,0,0,0,0,0,0,1,15000,15000,0,0,0,Preliminary,Editor Mapped,418215.7638,3337671.186,30.1676858,-81.84938087
26425356,2024,11/3/2024 3:18,4/14/2025 22:04,FHP24ON0555136,L,1,3,48,0,Clay,Unincorporated,Rural,11/3/2024 3:23,11/3/2024 3:28,11/3/2024 3:51,11/3/2024 8:47,N,Law Enforcement,HARBOR LAKE DRIVE,,30.11330176,-81.73821364,231,South,SOUTH BROOKE DRIVE,,Local,Curb,Not at Intersection,N,Dark - Lighted,Clear,Dry,N,Other,Overturn/Rollover,On Roadway,N,Non-Junction,None,,,None,,,N,,,,,TPR,Florida Highway Patrol,Florida Highway Patrol (FHP),11/27/2024 19:32,4/28/2025 19:47,24,Y,Rollover,Rollover,Serious Injury,Incapacitating Injury,NIGHT,N,Y,N,N,N,N,N,Y,N,0,3,0,1,2,0,0,0,0,0,0,0,0,0,1,0,0,2,3,3,2,0,0,0,0,N,0,0,N,0,0,0,0,2,1100,1,7500,8600,3,0,0,Preliminary,Editor Mapped,428878.1423,3331566.861,30.1132725,-81.73824347
26215296,2024,10/22/2024 2:40,10/22/2024 0:00,2024022507,L,1,1,48,0,Clay,Unincorporated,Rural,10/22/2024 2:46,10/22/2024 2:48,10/22/2024 2:54,10/22/2024 6:24,Y,Law Enforcement,OAKLEAF VILLAGE PKWY,,30.184192,-81.823449,355,South,SILVER BLUFF BLVD,,Local,Paved,Not at Intersection,Y,Dark - Lighted,Clear,Dry,N,,Traffic Sign Support,Off Roadway,N,Non-Junction,None,,,None,,,N,,,,,DEPUTY,Clay County Sheriff's Office,Sheriff's Office (SO),11/1/2024 19:54,11/1/2024 19:54,10,Y,Off Road,Off Road,Serious Injury,Incapacitating Injury,NIGHT,N,N,N,N,N,N,N,Y,N,0,1,0,0,1,0,0,0,1,0,0,0,0,0,1,0,0,0,0,0,0,0,0,0,0,N,0,0,N,0,0,1,0,1,500,1,10000,10500,1,0,0,Preliminary,Editor Mapped,420726.2852,3339481.411,30.18418642,-81.82344563
24116148,2024,5/17/2024 23:31,5/18/2024 0:11,305231,L,2,2,2,38,Duval,Jacksonville,Urban,5/17/2024 23:31,5/17/2024 23:36,5/17/2024 23:36,5/18/2024 2:05,Y,Law Enforcement,BEACH BLVD,,30.29252009,-81.60197618,0,,UNIVERSITY BLVD S,,U.S.,Curb,Four-Way Intersection,N,Dark - Lighted,Cloudy,Dry,N,Angle,Motor Vehicle in Transport,On Roadway,N,Intersection,None,,,None,,,N,,,,,OFFICER,Jacksonville Sheriff's Office,Sheriff's Office (SO),5/18/2024 19:22,5/18/2024 19:22,1,Y,Right Angle,Angle,Serious Injury,Incapacitating Injury,NIGHT,N,N,N,N,N,N,Y,N,N,0,2,0,1,1,0,0,0,0,0,0,0,0,0,2,0,0,0,1,1,0,0,0,0,0,N,0,0,N,0,0,0,0,0,0,2,30000,30000,2,0,0,Preliminary,Editor Mapped,442110.202,3351352.8,30.29251761,-81.60198754
25688362,2024,6/30/2024 21:53,6/30/2024 22:09,399819,L,1,2,2,38,Duval,Jacksonville,Urban,6/30/2024 21:53,6/30/2024 21:53,6/30/2024 21:58,6/30/2024 23:30,Y,Law Enforcement,W 8TH ST,,30.34728528,-81.67222712,189,East,EAVERSON ST,,State,Curb,Not at Intersection,N,Dark - Lighted,Rain,Wet,N,,Pedestrian,On Roadway,N,Non-Junction,None,,,Weather Conditions,,,N,,,,,OFFICER,Jacksonville Sheriff's Office,Sheriff's Office (SO),7/2/2024 19:59,7/2/2024 19:59,2,Y,Pedestrian,Pedestrian,Serious Injury,Incapacitating Injury,NIGHT,N,N,N,N,N,N,N,N,N,1,1,0,0,1,0,0,0,0,0,0,1,0,1,1,0,0,0,0,0,0,0,0,0,0,Y,1,0,N,0,0,0,0,0,0,1,500,500,1,0,0,Preliminary,Editor Mapped,435391.7643,3357459.254,30.34727954,-81.67222386
24403319,2024,6/5/2024 21:06,6/5/2024 21:20,SJSO24CAD124105,L,2,2,20,50,St. Johns,St. Augustine,Urban,6/5/2024 21:06,6/5/2024 21:07,6/5/2024 21:10,6/5/2024 21:40,Y,Law Enforcement,N PONCE DE LEON,,29.91682,-81.32461,0,,SR 16,,U.S.,Paved,Four-Way Intersection,N,Dark - Lighted,Cloudy,Dry,N,Angle,Motor Vehicle in Transport,On Roadway,Y,Intersection,None,,,None,,,N,,,,,PATROLMAN,St. Augustine Police Department,Police Department (PD),6/6/2024 19:28,6/6/2024 19:28,1,Y,Left Entering,Left Turn,Serious Injury,Incapacitating Injury,NIGHT,N,N,N,N,N,N,Y,N,N,1,1,0,0,1,0,0,0,0,1,0,0,0,0,2,0,1,0,0,0,0,0,1,1,0,N,0,0,N,0,0,1,0,0,0,2,2000,2000,1,0,0,Preliminary,Editor Mapped,468666.8373,3309612.312,29.91681686,-81.32460085
26199241,2024,6/4/2024 11:14,6/4/2024 0:00,240001796,L,2,3,2,40,Duval,Jacksonville Beach,Urban,6/4/2024 11:14,6/4/2024 11:14,6/4/2024 11:14,6/4/2024 11:30,Y,Law Enforcement,3RD ST S,,30.267672,-81.388606,57,North,OSCEOLA AVE,,State,Paved,Four-Way Intersection,N,Daylight,Clear,Dry,N,Front to Rear,Motor Vehicle in Transport,On Roadway,N,Intersection,None,,,None,,,N,,,,,OFFICER,Jacksonville Beach Police Department,Police Department (PD),6/6/2024 19:29,6/6/2024 19:29,2,Y,Rear End,Rear End,Serious Injury,Incapacitating Injury,DAY,N,N,N,N,N,N,Y,N,N,0,3,0,2,1,0,0,0,0,0,0,0,0,0,2,0,0,1,0,0,0,0,0,0,0,N,0,0,N,0,0,0,0,0,0,2,6000,6000,2,0,0,Preliminary,Editor Mapped,462622.4301,3348510.311,30.26767417,-81.38858804
89683662,2024,1/1/2024 18:46,4/3/2024 22:23,FHP24ON0001118,L,1,2,48,0,Clay,Unincorporated,Rural,1/1/2024 18:46,1/1/2024 18:48,1/1/2024 19:09,1/1/2024 22:00,Y,Law Enforcement,US-17,,30.05933955,-81.70777119,398,South,EBB TIDE DRIVE,,U.S.,Unpaved,Not at Intersection,Y,Dark - Not Lighted,Clear,Dry,N,Other,Pedalcycle,On Roadway,N,Non-Junction,None,,,None,,,N,,,,,TPR,Florida Highway Patrol,Florida Highway Patrol (FHP),1/13/2024 19:19,4/6/2024 19:23,12,Y,Bicycle,Bicycle,Fatality,Fatal (within 30 days),DAY,N,N,N,N,N,N,N,N,N,1,0,0,0,0,1,1,0,0,0,0,1,1,0,1,0,0,0,0,0,0,0,0,0,0,N,0,0,Y,0,1,0,0,1,200,1,10000,10200,0,0,1,Preliminary,Computer mapped confident by address,431798.0279,3326215.106,30.06514619,-81.70759314
26110529,2024,3/18/2024 20:03,5/14/2024 13:59,171166,L,2,2,2,38,Duval,Jacksonville,Urban,3/18/2024 20:03,3/18/2024 20:03,3/18/2024 20:05,3/18/2024 23:52,Y,Law Enforcement,KERNAN BLVD NORTH,,30.34408275,-81.48974492,0,,ASHLEY MELISSE BOULEVARD,,Local,Curb,T-Intersection,Y,Dark - Lighted,Clear,Dry,N,Angle,Motor Vehicle in Transport,On Roadway,N,Intersection,None,,,None,,,N,,,,,DETECTIVE,Jacksonville Sheriff's Office,Sheriff's Office (SO),3/19/2024 20:03,5/17/2024 19:33,1,Y,Left Rear,Left Turn,Fatality,Fatal (within 30 days),NIGHT,N,N,N,N,Y,N,Y,N,N,1,0,0,0,0,1,1,0,0,1,0,0,0,0,2,0,1,0,0,0,0,0,1,0,1,N,0,0,N,0,0,1,0,0,0,2,7000,7000,0,0,0,Preliminary,Editor Mapped,452929.6228,3357007.152,30.34401068,-81.48973551
26115170,2024,4/2/2024 15:50,4/2/2024 16:22,203305,L,3,5,2,38,Duval,Jacksonville,Urban,4/2/2024 15:51,4/2/2024 15:51,4/2/2024 16:08,4/2/2024 17:32,Y,Law Enforcement,HODGES BLVD,,30.3188825,-81.4583073,2990,North,THE WOODS PARK DR,,Local,Curb,Not at Intersection,N,Daylight,Clear,Dry,N,"Sideswipe, Same Direction",Motor Vehicle in Transport,On Roadway,N,Non-Junction,None,,,None,,,N,,,,,CSO,Jacksonville Sheriff's Office,Sheriff's Office (SO),4/4/2024 19:24,4/4/2024 19:24,2,Y,Same Direction Sideswipe,Sideswipe,Serious Injury,Incapacitating Injury,DAY,N,N,N,N,N,N,N,Y,N,4,1,0,0,1,0,0,0,0,0,0,0,0,0,3,2,0,2,0,0,0,0,0,0,0,N,0,0,N,0,0,0,0,0,0,3,14000,14000,1,0,0,Preliminary,Editor Mapped,455939.3989,3354209.298,30.31887677,-81.4583041
25336650,2024,5/30/2024 2:20,7/15/2024 12:42,331665,L,1,1,2,38,Duval,Jacksonville,Urban,5/30/2024 2:24,5/30/2024 2:26,5/30/2024 2:31,5/30/2024 5:20,Y,Law Enforcement,US-1 (MAIN ST),,30.32491403,-81.65790717,161,East,E INDEPENDENT DR/INDEPENDENT DR RAMP,,U.S.,Paved,Not at Intersection,Y,Dark - Lighted,Clear,Dry,N,,Concrete Traffic Barrier,Shoulder,N,Non-Junction,None,,,None,,,N,,,,,DETECTIVE,Jacksonville Sheriff's Office,Sheriff's Office (SO),6/2/2024 19:13,7/16/2024 19:57,3,Y,Off Road,Off Road,Serious Injury,Incapacitating Injury,NIGHT,N,N,N,N,N,N,N,Y,N,0,1,0,0,1,0,0,0,0,1,0,0,0,0,1,0,0,0,0,0,0,0,1,1,0,N,0,0,N,0,0,0,0,0,0,1,5000,5000,1,0,0,Preliminary,Editor Mapped,436753.7239,3354972.059,30.3249083,-81.65790391