REPORT_NUMBER,CRASH_YEAR,CRASH_DATE_AND_TIME,REPORT_DATE_AND_TIME,INVESTIGATING_AGENCY_REPORT_NUMBER,FORM_TYPE,TOTAL_NUMBER_OF_VEHICLES,TOTAL_NUMBER_OF_PERSONS,COUNTY_CODE,CITY_CODE,COUNTY_NAME,CITY_NAME,RURAL_OR_URBAN,NOTIFIED_TIME,DISPATCHED_TIME,ARRIVED_TIME,CLEARED_TIME,COMPLETED_FLAG,NOTIFIED_BY,ON_STREET_ROAD_HIGHWAY,STREET_ADDRESS_NUMBER,LATITUDE,LONGITUDE,FEET_FROM_INTERSECTION,DIRECTION_FROM_INTERSECTION,FROM_INTERSECTION_OF,MILEPOST_NUMBER,ROAD_SYSTEM_IDENTIFER,TYPE_OF_SHOULDER,TYPE_OF_INTERSECTION,PHOTOS_TAKEN,LIGHT_CONDITION,WEATHER_CONDITION,ROAD_SURFACE_CONDITION,SCHOOL_BUS_RELATED_CODE,TYPE_OF_IMPACT,FIRST_HARMFUL_EVENT,LOCATION,INTERCHANGE_FLAG,JUNCTION_FLAG,ROAD_CIRCUMSTANCES_1,ROAD_CIRCUMSTANCES_2,ROAD_CIRCUMSTANCES_3,ENVIRONMENT_CIRCUMSTANCES_1,ENVIRONMENT_CIRCUMSTANCES_2,ENVIRONMENT_CIRCUMSTANCES_3,WORK_ZONE_RELATED_FLAG,CRASH_IN_WORK_ZONE,TYPE_OF_WORK_ZONE,WORKERS_PRESENT,LAW_ENFORCEMENT_PRESENT,INVESTIGATOR_RANK,INVESTIGATING_AGENCY_NAME,INVESTIGATING_AGENCY_TYPE,LOAD_DATE,UPDATE_DATE,DAYS_TO_LOAD,CODEABLE,S4_CRASH_TYPE,S4_CRASH_TYPE_SIMPLIFIED,S4_CRASH_SEVERITY,S4_CRASH_SEVERITY_DETAIL,S4_DAY_OR_NIGHT,S4_IS_AGGRESSIVE_DRIVING,S4_IS_ALCOHOL_RELATED,S4_IS_CMV_INVOLVED,S4_IS_DISTRACTED,S4_IS_DRUG_RELATED,S4_IS_HIT_AND_RUN,S4_IS_INTERSECTION_RELATED,S4_IS_LANE_DEPARTURE_RELATED,S4_IS_SPEEDING_RELATED,S4_NONE_INJURY_COUNT,S4_INJURY_COUNT,S4_POSSIBLE_INJURY_COUNT,S4_NON_INCAPACITATING_INJURY_COUNT,S4_INCAPACITATING_INJURY_COUNT,S4_FATALITY_COUNT,S4_FATALITY_WITHIN_30_DAYS_COUNT,S4_NON_TRAFFIC_FATALITY_COUNT,S4_TRAILER_COUNT,S4_MOTORCYCLE_COUNT,S4_MOPED_COUNT,S4_NON_MOTORIST_COUNT,S4_BICYCLIST_COUNT,S4_PEDESTRIAN_COUNT,S4_DRIVER_COUNT,S4_AGING_DRIVER_COUNT,S4_TEENAGER_DRIVER_COUNT,S4_PASSENGER_COUNT,S4_UNRESTRAINED_COUNT,S4_UNRESTRAINED_INJURY_COUNT,S4_UNRESTRAINED_INCAPACITATING_INJURY_COUNT,S4_UNRESTRAINED_FATALITY_COUNT,S4_MOTORCYCLIST_COUNT,S4_MOTORCYCLIST_INCAPACITATING_INJURY_COUNT,S4_MOTORCYCLIST_FATALITY_COUNT,S4_IS_PEDESTRIAN_INVOLVED,S4_PEDESTRIAN_INCAPACITATING_INJURY_COUNT,S4_PEDESTRIAN_FATALITY_COUNT,S4_IS_BICYCLIST_INVOLVED,S4_BICYCLIST_INCAPACITATING_INJURY_COUNT,S4_BICYCLIST_FATALITY_COUNT,S4_CITATION_COUNT,S4_CITATION_AMOUNT,S4_PROPERTY_DAMAGE_COUNT,S4_PROPERTY_DAMAGE_AMOUNT,S4_VEHICLE_DAMAGE_COUNT,S4_VEHICLE_DAMAGE_AMOUNT,S4_TOTAL_DAMAGE_AMOUNT,S4_TRANSPORT_BY_EMS_COUNT,S4_TRANSPORT_BY_LAW_ENFORCEMENT_COUNT,S4_TRANSPORT_BY_OTHER_COUNT,S4_GEOLOCATION_STATUS,S4_PRELIMINARY_GEOLOCATION_STATUS,S4_X,S4_Y,S4_LATITUDE,S4_LONGITUDE
25335497,2024,2/14/2024 2:37,3/29/2024 11:41,95528,L,4,1,2,38,Duval,Jacksonville,Urban,2/14/2024 4:18,2/14/2024 4:20,2/14/2024 4:30,2/14/2024 6:54,Y,Law Enforcement,SR 134/103RD ST,9842,30.24700369,-81.81999775,,,SR 134/103RD ST,,Private Roadway,Paved,T-Intersection,Y,Dark - Lighted,Clear,Dry,N,Angle,Parked Motor Vehicle,Off Roadway,N,Intersection-Related,None,,,None,,,N,,,,,DETECTIVE,Jacksonville Sheriff's Office,Sheriff's Office (SO),2/17/2024 19:19,3/30/2024 19:17,3,Y,Parked Vehicle,Other,Fatality,Fatal (within 30 days),NIGHT,N,Y,N,N,Y,N,Y,N,N,0,0,0,0,0,1,1,0,0,0,0,0,0,0,1,0,0,0,0,0,0,0,0,0,0,N,0,0,N,0,0,0,0,0,0,4,40000,40000,1,0,0,Preliminary,Editor Mapped,421108.724,3346441.319,30.24701325,-81.81999413
24730201,2024,7/19/2024 18:05,8/6/2024 18:59,441025,L,1,1,2,38,Duval,Jacksonville,Urban,7/19/2024 18:19,7/19/2024 19:00,7/19/2024 19:05,7/19/2024 19:45,Y,Law Enforcement,LEM TURNER RD,10534,30.42648799,-81.6945213,,,LEM TURNER RD,,Local,Curb,Other,N,Daylight,Rain,Wet,N,Front to Front,Other Fixed Object,Off Roadway,N,Non-Junction,Road Surface Condition,,,Weather Conditions,,,N,,,,,OFFICER,Jacksonville Sheriff's Office,Sheriff's Office (SO),7/23/2024 19:34,8/7/2024 19:45,4,Y,Off Road,Off Road,Serious Injury,Incapacitating Injury,DAY,Y,N,N,Y,N,N,N,Y,Y,0,1,0,0,1,0,0,0,0,0,0,0,0,0,1,0,0,0,0,0,0,0,0,0,0,N,0,0,N,0,0,0,0,1,2000,1,9000,11000,1,0,0,Preliminary,Editor Mapped,433302.8148,3366249.302,30.42648223,-81.69451803
26287666,2024,1/11/2024 20:15,1/11/2024 21:05,FHP24ON0018194,L,2,2,2,38,Duval,Jacksonville,Urban,1/11/2024 20:19,1/11/2024 20:21,1/11/2024 20:39,1/12/2024 2:30,Y,Law Enforcement,INTERSTATE 95 NB,,30.31201,-81.65013,774,West,MM 349,,Interstate,Paved,Not at Intersection,N,Dark - Lighted,Clear,Dry,N,Other,Overturn/Rollover,On Roadway,N,Non-Junction,None,,,None,,,N,,,,,TPR,Florida Highway Patrol,Florida Highway Patrol (FHP),2/9/2024 19:33,2/9/2024 19:33,29,Y,Rollover,Rollover,Serious Injury,Incapacitating Injury,NIGHT,Y,N,Y,N,N,N,N,Y,Y,1,1,0,0,1,0,0,0,1,0,0,0,0,0,2,0,0,0,0,0,0,0,0,0,0,N,0,0,N,0,0,1,0,0,0,2,23000,23000,1,0,0,Preliminary,Editor Mapped,437360.8883,3353686.633,30.31334076,-81.65151162
89714102,2024,1/16/2024 6:54,1/16/2024 7:53,FHP24ON0025491,L,2,2,48,0,Clay,Unincorporated,Rural,1/16/2024 6:54,1/16/2024 6:57,1/16/2024 7:12,1/16/2024 8:53,Y,Law Enforcement,SR-21,,30.16184,-81.74747,0,,BURWICK AVE,,State,Curb,T-Intersection,N,Dark - Lighted,Rain,Wet,N,Angle,Motor Vehicle in Transport,On Roadway,N,Non-Junction,None,,,None,,,N,,,,,TPR,Florida Highway Patrol,Florida Highway Patrol (FHP),1/22/2024 19:37,1/22/2024 19:37,6,Y,Left Entering,Left Turn,Serious Injury,Incapacitating Injury,NIGHT,N,N,N,N,N,N,N,N,N,0,2,1,0,1,0,0,0,0,1,0,0,0,0,2,0,0,0,0,0,0,0,1,1,0,N,0,0,N,0,0,3,0,0,0,2,10000,10000,2,0,0,Preliminary,Editor Mapped,428024.7825,3336956.712,30.16185855,-81.74746714
26290747,2024,3/14/2024 21:00,3/14/2024 22:01,FHP24ON0130462,L,2,3,2,38,Duval,Jacksonville,Urban,3/14/2024 21:05,3/14/2024 21:44,3/14/2024 21:54,3/14/2024 23:58,Y,Law Enforcement,I-295,,30.18877883,-81.64900365,2085,West,SAN JOSE BLVD,,Interstate,Paved,Not at Intersection,N,Dark - Lighted,Clear,Dry,N,"Sideswipe, Same Direction",Motor Vehicle in Transport,Shoulder,N,Non-Junction,None,,,None,,,N,,,,,TPR,Florida Highway Patrol,Florida Highway Patrol (FHP),3/28/2024 19:19,3/28/2024 19:19,14,Y,Parked Vehicle,Other,Serious Injury,Incapacitating Injury,NIGHT,N,N,N,N,N,N,N,Y,N,2,1,0,0,1,0,0,0,0,0,0,1,0,0,1,0,0,1,0,0,0,0,0,0,0,N,0,0,N,0,0,2,0,0,0,2,25000,25000,1,0,0,Preliminary,Editor Mapped,438435.7607,3339529.831,30.18564918,-81.63950451
26581784,2024,2/14/2024 9:00,2/14/2024 0:00,240000439,L,4,5,2,40,Duval,Jacksonville Beach,Urban,2/14/2024 9:00,2/14/2024 9:00,2/14/2024 9:15,2/14/2024 10:15,Y,Law Enforcement,JOHN TURNER BUTLER BLVD,2000 BLOCK,,,1538,West,,,State,Unpaved,Not at Intersection,N,Daylight,Clear,Dry,N,Front to Rear,Motor Vehicle in Transport,On Roadway,N,Non-Junction,None,,,None,,,N,,,,,OFC,Jacksonville Beach Police Department,Police Department (PD),3/1/2024 23:25,3/1/2024 23:25,16,Y,Rear End,Rear End,Serious Injury,Incapacitating Injury,DAY,N,N,N,N,N,N,N,N,N,4,1,0,0,1,0,0,0,0,0,0,0,0,0,4,0,0,1,0,0,0,0,0,0,0,N,0,0,N,0,0,1,0,0,0,4,30100,30100,1,0,0,Preliminary,Editor Mapped,452239.6335,3346796.656,30.25184551,-81.49644978
26295680,2024,1/26/2024 16:30,1/26/2024 16:51,FHP24ON0043712,L,4,4,2,38,Duval,Jacksonville,Urban,1/26/2024 16:32,1/26/2024 16:34,1/26/2024 16:34,1/26/2024 18:08,Y,Law Enforcement,I-95,,30.31201,-81.65013,253,East,MAIN ST,,Interstate,Paved,Not at Intersection,N,Daylight,Cloudy,Dry,N,Front to Rear,Motor Vehicle in Transport,On Roadway,N,Non-Junction,None,,,None,,,N,,,,,TPR,Florida Highway Patrol,Florida Highway Patrol (FHP),2/5/2024 19:40,2/5/2024 19:40,10,Y,Rear End,Rear End,Serious Injury,Incapacitating Injury,DAY,N,N,N,Y,N,N,N,Y,N,1,3,0,2,1,0,0,0,0,0,0,0,0,0,4,1,1,0,0,0,0,0,0,0,0,N,0,0,N,0,0,2,0,0,0,4,20500,20500,2,0,0,Preliminary,Editor Mapped,436418.1944,3353755.032,30.31390878,-81.66132022
25670046,2024,2/22/2024 21:07,2/22/2024 0:00,2024004065,L,2,3,48,0,Clay,Unincorporated,Rural,2/22/2024 21:08,2/22/2024 21:09,2/22/2024 21:11,2/22/2024 22:22,Y,Law Enforcement,US-17,,30.102338,-81.705563,0,,BALD EAGLE RD,,U.S.,Paved,Four-Way Intersection,N,Dark - Lighted,Clear,Dry,N,Angle,Motor Vehicle in Transport,On Roadway,N,Intersection,None,,,None,,,N,,,,,DEPUTY SHERIFF,Clay County Sheriff's Office,Sheriff's Office (SO),2/24/2024 19:20,2/24/2024 19:20,2,Y,Left Entering,Left Turn,Serious Injury,Incapacitating Injury,NIGHT,N,N,N,N,N,N,Y,N,N,1,2,1,0,1,0,0,0,0,0,0,0,0,0,2,0,1,1,0,0,0,0,0,0,0,N,0,0,N,0,0,1,0,0,0,2,20000,20000,1,0,1,Preliminary,Editor Mapped,432019.4304,3330334.659,30.10233259,-81.70556007
25671048,2024,1/17/2024 19:05,1/17/2024 20:17,35207,L,2,2,2,38,Duval,Jacksonville,Urban,1/17/2024 19:05,1/17/2024 19:05,1/17/2024 19:10,1/17/2024 20:17,Y,Law Enforcement,BLOCK OLD KINGS RD S,8000,30.23424193,-81.60542247,47,South,4500 BLOCK RONDEAU DR S,,Local,Paved,Four-Way Intersection,N,Dark - Lighted,Clear,Dry,N,Front to Front,Motor Vehicle in Transport,On Roadway,N,Intersection-Related,None,,,None,,,N,,,,,OFFICER,Jacksonville Sheriff's Office,Sheriff's Office (SO),1/18/2024 19:24,1/18/2024 19:24,1,Y,Head On,Head On,Serious Injury,Incapacitating Injury,NIGHT,N,N,N,N,N,N,Y,N,N,0,2,1,0,1,0,0,0,0,0,0,0,0,0,2,0,0,0,0,0,0,0,0,0,0,N,0,0,N,0,0,2,0,0,0,2,50000,50000,1,0,0,Preliminary,Editor Mapped,441753.3308,3344882.09,30.23411048,-81.60534014
25679193,2024,3/30/2024 18:56,3/30/2024 19:33,197369,L,2,4,2,38,Duval,Jacksonville,Urban,3/30/2024 18:58,3/30/2024 18:59,3/30/2024 19:02,3/30/2024 20:15,Y,Law Enforcement,LINDA LN,,30.3954759,-81.72956487,0,,SIBBALD RD,,Local,Curb,Four-Way Intersection,N,Daylight,Clear,Dry,N,Angle,Motor Vehicle in Transport,On Roadway,N,Intersection,None,,,None,,,N,,,,,OFFICER,Jacksonville Sheriff's Office,Sheriff's Office (SO),3/31/2024 19:11,3/31/2024 19:11,1,Y,Right Angle,Angle,Serious Injury,Incapacitating Injury,DAY,N,N,N,N,N,N,Y,N,N,3,1,0,0,1,0,0,0,0,0,0,0,0,0,2,0,0,2,0,0,0,0,0,0,0,N,0,0,N,0,0,2,0,0,0,2,10000,10000,1,0,0,Preliminary,Editor Mapped,429915.2094,3362833.742,30.39547015,-81.72956159
25680787,2024,1/15/2024 11:39,1/15/2024 12:09,29912,L,2,3,2,38,Duval,Jacksonville,Urban,1/15/2024 11:39,1/15/2024 11:39,1/15/2024 12:05,1/15/2024 13:07,Y,Law Enforcement,NORMANDY BLVD,,30.21832047,-81.94095212,0,,YELLOW WATER RD,,State,Paved,T-Intersection,N,Daylight,Clear,Dry,N,Angle,Motor Vehicle in Transport,On Roadway,N,Intersection,None,,,None,,,N,,,,,OFFICER,Jacksonville Sheriff's Office,Sheriff's Office (SO),1/16/2024 19:43,1/16/2024 19:43,1,Y,Left Leaving,Left Turn,Serious Injury,Incapacitating Injury,DAY,N,N,N,N,N,N,Y,N,N,0,3,1,1,1,0,0,0,0,1,0,0,0,0,2,0,0,1,0,0,0,0,2,1,0,N,0,0,N,0,0,1,0,0,0,2,10000,10000,2,0,0,Preliminary,Editor Mapped,409444.9426,3343351.061,30.21831477,-81.94094879
25685151,2024,2/24/2024 17:40,4/17/2024 7:08,119498,L,1,1,2,38,Duval,Jacksonville,Urban,2/24/2024 17:43,2/24/2024 17:45,2/24/2024 17:49,2/24/2024 21:00,Y,Law Enforcement,LANE AVE S / SR 103,1451,30.28804454,-81.75522226,339,South,PARK ST,,State,Paved,Not at Intersection,Y,Daylight,Cloudy,Dry,N,Other,Bridge Rail,On Roadway,N,Non-Junction,None,,,None,,,N,,,,,DETECTIVE,Jacksonville Sheriff's Office,Sheriff's Office (SO),2/25/2024 19:12,4/19/2024 19:30,1,Y,Off Road,Off Road,Fatality,Fatal (within 30 days),DAY,N,Y,N,N,Y,N,N,Y,N,0,0,0,0,0,1,1,0,0,1,0,0,0,0,1,0,0,0,0,0,0,0,1,0,1,N,0,0,N,0,0,0,0,0,0,1,5000,5000,0,0,0,Preliminary,Editor Mapped,427374.4155,3350932.016,30.28792629,-81.7551837
26114441,2024,3/17/2024 14:00,3/17/2024 15:09,168355,L,2,7,2,38,Duval,Jacksonville,Urban,3/17/2024 14:05,3/17/2024 14:07,3/17/2024 14:40,3/17/2024 15:09,Y,Law Enforcement,DUNN AVE,,30.4387815,-81.69320861,0,,DUVAL RD,,State,Paved,Four-Way Intersection,N,Daylight,Clear,Dry,N,Angle,Motor Vehicle in Transport,On Roadway,Y,Intersection,None,,,None,,,N,,,,,OFFICER,Jacksonville Sheriff's Office,Sheriff's Office (SO),3/18/2024 19:54,3/18/2024 19:54,1,Y,Other,Other,Serious Injury,Incapacitating Injury,DAY,N,N,N,N,N,N,Y,N,N,1,6,4,1,1,0,0,0,0,0,0,0,0,0,2,0,1,5,0,0,0,0,0,0,0,N,0,0,N,0,0,2,0,0,0,2,14000,14000,2,0,0,Preliminary,Editor Mapped,433445.2759,3367610.145,30.43876948,-81.6931215
89636963,2024,3/12/2024 17:34,3/12/2024 19:20,FHP24ON0126461,L,2,3,2,38,Duval,Jacksonville,Urban,3/12/2024 17:39,3/12/2024 18:31,3/12/2024 18:47,3/12/2024 19:57,Y,Law Enforcement,INTERSTATE 10,,30.32075828,-81.71240395,1063,West,SR.129,,Interstate,Paved,Not at Intersection,N,Daylight,Cloudy,Dry,N,Front to Rear,Motor Vehicle in Transport,On Roadway,N,Non-Junction,None,,,None,,,N,,,,,TPR,Florida Highway Patrol,Florida Highway Patrol (FHP),3/24/2024 19:14,3/24/2024 19:14,12,Y,Rear End,Rear End,Serious Injury,Incapacitating Injury,DAY,N,N,N,N,N,N,N,Y,N,2,1,0,0,1,0,0,0,0,0,0,0,0,0,2,0,0,1,0,0,0,0,0,0,0,N,0,0,N,0,0,0,0,0,0,2,16000,16000,1,0,0,Preliminary,Editor Mapped,431511.4166,3354544.221,30.32076209,-81.71240439
25690568,2024,2/5/2024 17:50,2/5/2024 18:09,76658,L,1,1,2,38,Duval,Jacksonville,Urban,2/5/2024 17:52,2/5/2024 17:54,2/5/2024 17:54,2/5/2024 18:20,Y,Law Enforcement,ATLANTIC BLVD,,30.32471593,-81.52223641,267,East,SAINT JOHNS BLUFF RD N,,State,Curb,Not at Intersection,N,Dusk,Cloudy,Dry,N,Other,Utility Pole/Light Support,Off Roadway,N,Non-Junction,None,,,None,,,N,,,,,OFFICER,Jacksonville Sheriff's Office,Sheriff's Office (SO),2/6/2024 20:05,2/6/2024 20:05,1,Y,Off Road,Off Road,Serious Injury,Incapacitating Injury,DAY,N,N,N,N,N,N,N,Y,N,0,1,0,0,1,0,0,0,0,0,0,0,0,0,1,0,0,0,0,0,0,0,0,0,0,N,0,0,N,0,0,0,0,0,0,1,10000,10000,1,0,0,Preliminary,Editor Mapped,449796.2575,3354882.284,30.32471019,-81.52223319
25757885,2024,1/5/2024 11:34,1/5/2024 12:16,SJSO24CAD003176,L,2,3,20,0,St. Johns,Unincorporated,Rural,1/5/2024 11:34,1/5/2024 11:36,1/5/2024 11:43,1/5/2024 13:34,Y,Law Enforcement,A1A N,,30.19336,-81.3804,0,,PONTE VEDRA POINTE BLVD,,State,Unpaved,T-Intersection,N,Daylight,Clear,Dry,N,Other,Motor Vehicle in Transport,On Roadway,Y,Intersection,None,,,None,,,N,,,,,LE DEPUTY,St. Johns County Sheriff's Office,Sheriff's Office (SO),1/7/2024 19:10,1/7/2024 19:10,2,Y,Right Angle,Angle,Serious Injury,Incapacitating Injury,DAY,N,Y,N,N,N,N,Y,N,N,1,2,0,1,1,0,0,0,0,0,0,0,0,0,2,1,0,1,0,0,0,0,0,0,0,N,0,0,N,0,0,1,0,0,0,2,11000,11000,2,0,0,Preliminary,Editor Mapped,463393.5253,3340107.329,30.1918684,-81.38027974
26212964,2024,4/2/2024 6:10,4/2/2024 0:00,2024007107,L,2,2,48,0,Clay,Unincorporated,Rural,4/2/2024 6:12,4/2/2024 6:13,4/2/2024 6:21,4/2/2024 8:30,Y,Law Enforcement,COUNTY ROAD 218,,30.093496,-81.949128,69,North,NOLAN RD,,County,Unpaved,T-Intersection,N,Dark - Lighted,Clear,Dry,N,Front to Rear,Motor Vehicle in Transport,On Roadway,Y,Intersection,None,,,None,,,N,,,,,DEPUTY,Clay County Sheriff's Office,Sheriff's Office (SO),4/3/2024 19:42,4/3/2024 19:42,1,Y,Rear End,Rear End,Serious Injury,Incapacitating Injury,NIGHT,N,N,N,Y,N,N,Y,N,N,1,1,0,0,1,0,0,0,0,0,0,0,0,0,2,0,0,0,0,0,0,0,0,0,0,N,0,0,N,0,0,2,0,0,0,2,15000,15000,1,0,0,Preliminary,Editor Mapped,408530.4897,3329537.359,30.09360309,-81.94925508
25334449,2024,2/10/2024 23:55,2/13/2024 8:29,88894,L,2,3,2,38,Duval,Jacksonville,Urban,2/10/2024 23:58,2/10/2024 23:58,2/10/2024 23:59,2/11/2024 4:21,N,Law Enforcement,MERRILL RD,,30.35200801,-81.58390816,116,East,COLUMBINE DR N,,Local,Curb,Not at Intersection,Y,Dark - Not Lighted,Clear,Dry,N,Unknown,Motor Vehicle in Transport,On Roadway,N,Non-Junction,None,,,None,,,N,,,,,DETECTIVE,Jacksonville Sheriff's Office,Sheriff's Office (SO),2/12/2024 19:33,2/15/2024 1:30,2,Y,Unknown,Unknown,Fatality,Fatal (within 30 days),NIGHT,N,N,N,N,N,Y,N,N,N,0,2,0,1,1,1,1,0,0,0,0,0,0,0,1,0,0,2,0,0,0,0,0,0,0,N,0,0,N,0,0,0,0,0,0,1,10000,10000,2,0,0,Preliminary,Editor Mapped,443881.9787,3357936.459,30.35201,-81.58391616
26214674,2024,9/3/2024 15:42,9/3/2024 0:00,2024018848,L,5,7,48,0,Clay,Unincorporated,Rural,9/3/2024 15:43,9/3/2024 15:44,9/3/2024 16:01,9/3/2024 17:30,Y,Law Enforcement,HIGHWAY 17 S,,29.874528,-81.664179,1124,North,CREWS RD,,U.S.,Unpaved,Not at Intersection,N,Daylight,Cloudy,Wet,Y,Front to Rear,Motor Vehicle in Transport,On Roadway,N,Non-Junction,None,,,None,,,N,,,,,DEPUTY,Clay County Sheriff's Office,Sheriff's Office (SO),9/7/2024 19:26,9/7/2024 19:26,4,Y,Rear End,Rear End,Serious Injury,Incapacitating Injury,DAY,N,N,N,N,N,N,N,N,N,0,7,3,3,1,0,0,0,0,0,0,0,0,0,5,0,0,2,0,0,0,0,0,0,0,N,0,0,N,0,0,1,0,0,0,5,74000,74000,4,0,0,Preliminary,Editor Mapped,435862.8659,3305067.071,29.87452562,-81.66415255
26045704,2024,2/29/2024 10:05,2/29/2024 20:30,SJSO24CAD045883,L,2,3,20,50,St. Johns,St. Augustine,Rural,2/29/2024 10:06,2/29/2024 10:07,2/29/2024 10:12,2/29/2024 12:31,Y,Law Enforcement,ST JOHNS PKWY,,30.05672,-81.53024,316,North,JOHNS CREEK PWKY,,County,Curb,Not at Intersection,N,Daylight,Cloudy,Dry,N,Angle,Motor Vehicle in Transport,On Roadway,N,Non-Junction,None,,,None,,,N,,,,,LE DEPUTY,St. Johns County Sheriff's Office,Sheriff's Office (SO),3/1/2024 19:35,3/7/2024 19:22,1,Y,Right Angle,Angle,Fatality,Fatal (within 30 days),DAY,N,N,N,N,N,N,N,N,N,0,2,0,2,0,1,1,0,0,0,0,0,0,0,2,2,0,1,0,0,0,0,0,0,0,N,0,0,N,0,0,1,0,0,0,2,18000,18000,2,0,1,Preliminary,Editor Mapped,448872.4476,3325283.743,30.05757546,-81.53040922
24730157,2024,2/6/2024 18:51,2/6/2024 19:33,79170,L,2,2,2,38,Duval,Jacksonville,Urban,2/6/2024 18:51,2/6/2024 18:53,2/6/2024 19:00,2/6/2024 20:08,Y,Law Enforcement,EDGEWOOD AVE W,,30.3906326,-81.67971124,187,West,LEM TURNER RD,,State,Curb,Not at Intersection,N,Dusk,Clear,Dry,N,Angle,Animal,On Roadway,N,Non-Junction,None,,,None,,,N,,,,,OFFICER,Jacksonville Sheriff's Office,Sheriff's Office (SO),2/7/2024 19:45,2/7/2024 19:45,1,Y,Animal,Animal,Serious Injury,Incapacitating Injury,DAY,N,N,N,N,N,N,N,N,N,1,1,0,0,1,0,0,0,0,0,0,0,0,0,2,0,0,0,0,0,0,0,0,0,0,N,0,0,N,0,0,2,0,0,0,2,300,300,1,0,0,Preliminary,Editor Mapped,434701.2525,3362267.212,30.39062686,-81.67970798
25135001,2024,3/31/2024 19:26,3/31/2024 19:48,199273,L,2,2,2,38,Duval,Jacksonville,Urban,3/31/2024 19:26,3/31/2024 19:26,3/31/2024 19:31,3/31/2024 20:00,Y,Law Enforcement,N MADISON ST,,30.33447305,-81.66646663,0,,UNION ST W,,Local,Curb,T-Intersection,N,Daylight,Clear,Dry,N,Other,Motor Vehicle in Transport,On Roadway,N,Non-Junction,None,,,None,,,N,,,,,OFFICER,Jacksonville Sheriff's Office,Sheriff's Office (SO),4/2/2024 19:53,4/2/2024 19:53,2,Y,Other,Other,Serious Injury,Incapacitating Injury,NIGHT,N,N,N,N,N,N,N,N,N,1,1,0,0,1,0,0,0,0,0,0,0,0,0,2,0,0,0,0,0,0,0,0,0,0,N,0,0,N,0,0,1,0,0,0,2,7500,7500,1,0,0,Preliminary,Editor Mapped,435937.0816,3356036.165,30.33446731,-81.66646337
26295688,2024,1/31/2024 13:50,1/31/2024 14:26,FHP24ON0051898,L,2,3,2,38,Duval,Jacksonville,Urban,1/31/2024 13:59,1/31/2024 14:03,1/31/2024 14:17,1/31/2024 15:05,Y,Law Enforcement,I-295 EXIT RAMP,,30.41227,-81.74749,700,South,US1 (NEW KINGS RD),,Interstate,Paved,Not at Intersection,N,Daylight,Clear,Dry,N,Angle,Motor Vehicle in Transport,On Roadway,N,Entrance/Exit Ramp,None,,,None,,,N,,,,,TPR,Florida Highway Patrol,Florida Highway Patrol (FHP),2/8/2024 19:20,2/8/2024 19:20,8,Y,Unknown,Unknown,Serious Injury,Incapacitating Injury,DAY,N,N,Y,Y,N,N,N,Y,N,1,2,0,1,1,0,0,0,0,0,0,0,0,0,2,0,0,1,0,0,0,0,0,0,0,N,0,0,N,0,0,1,0,0,0,2,40000,40000,2,0,0,Preliminary,Editor Mapped,428166.3884,3364752.512,30.41268082,-81.74789695
26104544,2024,1/27/2024 10:55,3/20/2024 9:08,55970,L,3,5,2,38,Duval,Jacksonville,Urban,1/27/2024 10:58,1/27/2024 10:58,1/27/2024 11:05,1/27/2024 14:30,Y,Law Enforcement,SR 134 (103RD ST),6400,30.24846608,-81.74740495,0,,5400 JAMMES RD,,State,Curb,Four-Way Intersection,N,Daylight,Clear,Dry,N,Angle,Motor Vehicle in Transport,On Roadway,Y,Intersection,None,,,None,,,N,,,,,DETECTIVE,Jacksonville Sheriff's Office,Sheriff's Office (SO),1/28/2024 19:12,3/22/2024 19:23,1,Y,Left Entering,Left Turn,Fatality,Fatal (within 30 days),DAY,N,N,N,N,N,N,Y,N,N,3,1,0,1,0,1,1,0,0,0,0,0,0,0,3,2,0,2,1,0,0,1,0,0,0,N,0,0,N,0,0,2,0,0,0,3,27000,27000,2,0,0,Preliminary,Editor Mapped,428117.8684,3346551.419,30.24844247,-81.7471542
26105750,2024,3/9/2024 5:40,3/9/2024 6:33,149956,L,2,3,2,38,Duval,Jacksonville,Urban,3/9/2024 5:40,3/9/2024 5:40,3/9/2024 5:42,3/9/2024 6:33,Y,Law Enforcement,COMMONWEALTH AVE,,30.33575554,-81.7489734,794,West,PEAVY RD,,County,Paved,Not at Intersection,N,Daylight,Clear,Dry,N,Front to Front,Motor Vehicle in Transport,On Roadway,N,Non-Junction,None,,,None,,,N,,,,,OFFICER,Jacksonville Sheriff's Office,Sheriff's Office (SO),3/13/2024 22:34,3/13/2024 22:34,4,Y,Head On,Head On,Serious Injury,Incapacitating Injury,NIGHT,N,N,N,N,N,N,N,Y,N,0,3,1,0,2,0,0,0,0,0,0,0,0,0,2,0,0,1,0,0,0,0,0,0,0,N,0,0,N,0,0,1,0,0,0,2,17000,17000,3,0,0,Preliminary,Editor Mapped,428006.9564,3356227.769,30.33574981,-81.74897012