REPORT_NUMBER,CRASH_YEAR,CRASH_DATE_AND_TIME,REPORT_DATE_AND_TIME,INVESTIGATING_AGENCY_REPORT_NUMBER,FORM_TYPE,TOTAL_NUMBER_OF_VEHICLES,TOTAL_NUMBER_OF_PERSONS,COUNTY_CODE,CITY_CODE,COUNTY_NAME,CITY_NAME,RURAL_OR_URBAN,NOTIFIED_TIME,DISPATCHED_TIME,ARRIVED_TIME,CLEARED_TIME,COMPLETED_FLAG,NOTIFIED_BY,ON_STREET_ROAD_HIGHWAY,STREET_ADDRESS_NUMBER,LATITUDE,LONGITUDE,FEET_FROM_INTERSECTION,DIRECTION_FROM_INTERSECTION,FROM_INTERSECTION_OF,MILEPOST_NUMBER,ROAD_SYSTEM_IDENTIFER,TYPE_OF_SHOULDER,TYPE_OF_INTERSECTION,PHOTOS_TAKEN,LIGHT_CONDITION,WEATHER_CONDITION,ROAD_SURFACE_CONDITION,SCHOOL_BUS_RELATED_CODE,TYPE_OF_IMPACT,FIRST_HARMFUL_EVENT,LOCATION,INTERCHANGE_FLAG,JUNCTION_FLAG,ROAD_CIRCUMSTANCES_1,ROAD_CIRCUMSTANCES_2,ROAD_CIRCUMSTANCES_3,ENVIRONMENT_CIRCUMSTANCES_1,ENVIRONMENT_CIRCUMSTANCES_2,ENVIRONMENT_CIRCUMSTANCES_3,WORK_ZONE_RELATED_FLAG,CRASH_IN_WORK_ZONE,TYPE_OF_WORK_ZONE,WORKERS_PRESENT,LAW_ENFORCEMENT_PRESENT,INVESTIGATOR_RANK,INVESTIGATING_AGENCY_NAME,INVESTIGATING_AGENCY_TYPE,LOAD_DATE,UPDATE_DATE,DAYS_TO_LOAD,CODEABLE,S4_CRASH_TYPE,S4_CRASH_TYPE_SIMPLIFIED,S4_CRASH_SEVERITY,S4_CRASH_SEVERITY_DETAIL,S4_DAY_OR_NIGHT,S4_IS_AGGRESSIVE_DRIVING,S4_IS_ALCOHOL_RELATED,S4_IS_CMV_INVOLVED,S4_IS_DISTRACTED,S4_IS_DRUG_RELATED,S4_IS_HIT_AND_RUN,S4_IS_INTERSECTION_RELATED,S4_IS_LANE_DEPARTURE_RELATED,S4_IS_SPEEDING_RELATED,S4_NONE_INJURY_COUNT,S4_INJURY_COUNT,S4_POSSIBLE_INJURY_COUNT,S4_NON_INCAPACITATING_INJURY_COUNT,S4_INCAPACITATING_INJURY_COUNT,S4_FATALITY_COUNT,S4_FATALITY_WITHIN_30_DAYS_COUNT,S4_NON_TRAFFIC_FATALITY_COUNT,S4_TRAILER_COUNT,S4_MOTORCYCLE_COUNT,S4_MOPED_COUNT,S4_NON_MOTORIST_COUNT,S4_BICYCLIST_COUNT,S4_PEDESTRIAN_COUNT,S4_DRIVER_COUNT,S4_AGING_DRIVER_COUNT,S4_TEENAGER_DRIVER_COUNT,S4_PASSENGER_COUNT,S4_UNRESTRAINED_COUNT,S4_UNRESTRAINED_INJURY_COUNT,S4_UNRESTRAINED_INCAPACITATING_INJURY_COUNT,S4_UNRESTRAINED_FATALITY_COUNT,S4_MOTORCYCLIST_COUNT,S4_MOTORCYCLIST_INCAPACITATING_INJURY_COUNT,S4_MOTORCYCLIST_FATALITY_COUNT,S4_IS_PEDESTRIAN_INVOLVED,S4_PEDESTRIAN_INCAPACITATING_INJURY_COUNT,S4_PEDESTRIAN_FATALITY_COUNT,S4_IS_BICYCLIST_INVOLVED,S4_BICYCLIST_INCAPACITATING_INJURY_COUNT,S4_BICYCLIST_FATALITY_COUNT,S4_CITATION_COUNT,S4_CITATION_AMOUNT,S4_PROPERTY_DAMAGE_COUNT,S4_PROPERTY_DAMAGE_AMOUNT,S4_VEHICLE_DAMAGE_COUNT,S4_VEHICLE_DAMAGE_AMOUNT,S4_TOTAL_DAMAGE_AMOUNT,S4_TRANSPORT_BY_EMS_COUNT,S4_TRANSPORT_BY_LAW_ENFORCEMENT_COUNT,S4_TRANSPORT_BY_OTHER_COUNT,S4_GEOLOCATION_STATUS,S4_PRELIMINARY_GEOLOCATION_STATUS,S4_X,S4_Y,S4_LATITUDE,S4_LONGITUDE
26109133,2024,1/19/2024 16:54,3/28/2024 10:04,39471,L,3,3,2,38,Duval,Jacksonville,Urban,1/19/2024 16:58,1/19/2024 17:21,1/19/2024 17:50,1/19/2024 20:10,Y,Law Enforcement,SR13 SAN JOSE BLVD,,30.18730155,-81.62778843,71,North,VENTURE PLACE,,State,Curb,Four-Way Intersection,Y,Daylight,Clear,Dry,N,Angle,Motor Vehicle in Transport,On Roadway,N,Intersection,None,,,None,,,N,,,,,DETECTIVE,Jacksonville Sheriff's Office,Sheriff's Office (SO),1/23/2024 20:04,3/29/2024 19:28,4,Y,Right Angle,Angle,Fatality,Fatal (within 30 days),DAY,N,N,N,N,Y,N,Y,N,N,1,1,0,1,0,1,1,0,0,0,0,0,0,0,3,0,1,0,0,0,0,0,0,0,0,N,0,0,N,0,0,1,0,0,0,3,32000,32000,2,0,0,Preliminary,Editor Mapped,439566.4741,3339730.307,30.18751497,-81.62777118
25669753,2024,1/25/2024 15:40,1/25/2024 0:00,2024001925,L,4,9,48,0,Clay,Unincorporated,Rural,1/25/2024 15:45,1/25/2024 11:54,1/25/2024 15:47,1/25/2024 18:00,Y,Law Enforcement,COUNTY ROAD 218,,30.03016,-81.809883,0,,HENLEY RD,,County,Unpaved,Four-Way Intersection,N,Daylight,Clear,Dry,N,Angle,Motor Vehicle in Transport,On Roadway,Y,Intersection,None,,,None,,,N,,,,,DEPUTY,Clay County Sheriff's Office,Sheriff's Office (SO),1/30/2024 19:52,1/30/2024 19:52,5,Y,Head On,Head On,Serious Injury,Incapacitating Injury,DAY,N,N,Y,N,N,N,Y,N,N,4,5,4,0,1,0,0,0,1,0,0,0,0,0,4,0,0,5,0,0,0,0,0,0,0,N,0,0,N,0,0,1,0,0,0,4,60000,60000,3,0,0,Preliminary,Editor Mapped,421911.3325,3322402.934,30.03015451,-81.80987932
25966580,2024,3/2/2024 21:11,3/2/2024 0:00,2024-00025256,L,2,3,41,0,Nassau,Unincorporated,Rural,3/2/2024 21:12,3/2/2024 21:13,3/2/2024 21:20,3/2/2024 23:06,Y,Law Enforcement,US HWY 1,553600,,,1535,North,,,U.S.,Paved,T-Intersection,,Dark - Lighted,Rain,Wet,N,Other,Motor Vehicle in Transport,On Roadway,N,Intersection-Related,Road Surface Condition,,,Weather Conditions,,,N,,,,,,Nassau County Sheriff's Office,Sheriff's Office (SO),3/22/2024 19:23,3/22/2024 19:23,20,Y,Backed Into,Other,Serious Injury,Incapacitating Injury,NIGHT,N,N,N,N,N,N,Y,N,N,1,2,1,0,1,0,0,0,0,0,0,0,0,0,2,0,0,1,0,0,0,0,0,0,0,N,0,0,N,0,0,1,0,0,0,2,30000,30000,1,0,0,Preliminary,Editor Mapped,408946.1101,3401071.87,30.73907554,-81.95118172
25966912,2024,1/15/2024 18:07,1/15/2024 0:00,2024-00005368,L,2,2,41,30,Nassau,Callahan,Rural,1/15/2024 18:08,1/15/2024 18:08,1/15/2024 18:08,1/15/2024 18:58,Y,Law Enforcement,SADLER RD,,,,369,West,S 8TH ST,,Local,Curb,Not at Intersection,,Dusk,Clear,Dry,N,Angle,Motor Vehicle in Transport,On Roadway,N,Non-Junction,None,,,None,,,N,,,,,Dep.,Nassau County Sheriff's Office,Sheriff's Office (SO),2/6/2024 20:04,2/6/2024 20:04,22,Y,Right Angle,Angle,Serious Injury,Incapacitating Injury,DAY,N,N,N,N,N,N,N,N,N,1,1,0,0,1,0,0,0,0,1,0,0,0,0,2,0,0,0,0,0,0,0,1,1,0,N,0,0,N,0,0,1,0,0,0,2,4500,4500,1,0,0,Preliminary,Editor Mapped,456198.142,3389724.791,30.639366,-81.45710772
25967445,2024,3/14/2024 22:58,3/14/2024 0:00,2024-00029863,L,2,2,41,0,Nassau,Unincorporated,Rural,3/14/2024 22:58,3/14/2024 22:58,3/14/2024 22:59,3/14/2024 1:32,Y,Law Enforcement,SR 200,,,,0,,CHESTER ROAD,,State,Curb,Four-Way Intersection,,Dark - Not Lighted,Clear,Dry,N,Angle,Motor Vehicle in Transport,On Roadway,N,Intersection,None,,,None,,,N,,,,,Dep.,Nassau County Sheriff's Office,Sheriff's Office (SO),3/22/2024 19:23,3/22/2024 19:23,8,Y,Left Entering,Left Turn,Serious Injury,Incapacitating Injury,NIGHT,N,N,N,N,N,N,Y,N,N,0,2,1,0,1,0,0,0,0,0,0,0,0,0,2,0,1,0,0,0,0,0,0,0,0,N,0,0,N,0,0,0,0,0,0,2,17000,17000,1,0,0,Preliminary,Editor Mapped,447538.0676,3388283.428,30.62601098,-81.54740617
25322956,2024,6/23/2024 21:42,6/23/2024 22:38,385142,L,2,2,2,38,Duval,Jacksonville,Urban,6/23/2024 21:43,6/23/2024 21:44,6/23/2024 21:51,6/23/2024 23:00,Y,Law Enforcement,LENOX AVE,5700,30.30118745,-81.74787967,357,East,DELMAR ST,,County,Curb,Not at Intersection,N,Dark - Lighted,Cloudy,Dry,N,Angle,Motor Vehicle in Transport,On Roadway,N,Non-Junction,None,,,None,,,N,,,,,OFFICER,Jacksonville Sheriff's Office,Sheriff's Office (SO),6/25/2024 19:44,6/25/2024 19:44,2,Y,Unknown,Unknown,Serious Injury,Incapacitating Injury,NIGHT,N,N,N,N,N,N,N,N,N,0,2,1,0,1,0,0,0,0,1,0,0,0,0,2,0,0,0,0,0,0,0,1,1,0,N,0,0,N,0,0,0,0,0,0,2,20000,20000,2,0,0,Preliminary,Editor Mapped,428090.8203,3352403.212,30.30124429,-81.74783556
26742498,2024,10/31/2024 16:45,10/31/2024 16:55,SJSO24CAD241231,L,1,2,20,50,St. Johns,St. Augustine,Urban,10/31/2024 16:50,10/31/2024 16:51,10/31/2024 16:53,10/31/2024 18:00,Y,Law Enforcement,DAVIS STREET,,29.89078,-81.32712,0,,WEST KING STREET,,Local,Curb,T-Intersection,N,Daylight,Clear,Dry,N,Other,Motor Vehicle in Transport,On Roadway,N,Non-Junction,None,,,None,,,N,,,,,CORPORAL,St. Augustine Police Department,Police Department (PD),11/7/2024 19:29,11/7/2024 19:29,7,Y,Single Vehicle,Other,Serious Injury,Incapacitating Injury,DAY,N,N,N,N,N,N,N,N,N,1,1,0,0,1,0,0,0,0,0,0,1,0,1,1,0,0,0,0,0,0,0,0,0,0,Y,1,0,N,0,0,0,0,0,0,1,1000,1000,1,0,0,Preliminary,Editor Mapped,468417.0874,3306725.45,29.8907577,-81.32710302
25324786,2024,4/27/2024 12:37,6/5/2024 14:28,259393,L,3,10,2,38,Duval,Jacksonville,Urban,4/27/2024 12:37,4/27/2024 12:37,4/27/2024 12:37,4/27/2024 16:24,Y,Law Enforcement,SOUTHSIDE SRV RD,,30.22375,-81.55235237,500,South,SOUTHSIDE SRV RD,,Local,Paved,Y-Intersection,Y,Daylight,Clear,Dry,N,"Sideswipe, Opposite Direction",Motor Vehicle in Transport,On Roadway,N,Non-Junction,None,,,None,,,N,,,,,DETECTIVE,Jacksonville Sheriff's Office,Sheriff's Office (SO),4/28/2024 19:14,6/6/2024 19:28,1,Y,Opposing Sideswipe,Sideswipe,Fatality,Fatal (within 30 days),DAY,N,N,N,N,Y,N,N,Y,N,9,0,0,0,0,1,1,0,0,1,0,0,0,0,3,0,0,7,1,0,0,0,1,0,1,N,0,0,N,0,0,2,0,0,0,3,9500,9500,0,0,1,Preliminary,Editor Mapped,446846.7471,3343708.419,30.22375324,-81.55234875
26046301,2024,6/2/2024 23:32,6/3/2024 0:10,SJSO24CAD121794,L,1,1,20,50,St. Johns,St. Augustine,Rural,6/2/2024 23:38,6/2/2024 23:39,6/2/2024 23:46,6/3/2024 1:21,Y,Law Enforcement,ST JOHNS PKWY,,30.05672,-81.53024,,,JOHNS CREEK PKWY,,Local,Curb,Not at Intersection,N,Dark - Not Lighted,Clear,Dry,N,Other,Overturn/Rollover,Off Roadway,N,Non-Junction,None,,,None,,,N,,,,,LE DEPUTY,St. Johns County Sheriff's Office,Sheriff's Office (SO),6/7/2024 19:25,6/7/2024 19:25,5,Y,Rollover,Rollover,Serious Injury,Incapacitating Injury,NIGHT,N,N,N,N,N,N,N,Y,N,0,1,0,0,1,0,0,0,0,1,0,0,0,0,1,0,1,0,0,0,0,0,1,1,0,N,0,0,N,0,0,0,0,0,0,1,5000,5000,0,0,1,Preliminary,Editor Mapped,448904.5298,3325182.022,30.05665886,-81.53007151
26212753,2024,3/14/2024 23:25,3/14/2024 0:00,2024005663,L,2,2,48,0,Clay,Unincorporated,Rural,3/14/2024 23:26,3/14/2024 23:27,3/14/2024 23:31,3/14/2024 0:24,N,Law Enforcement,CHESWICK OAK AVE,,30.188883,-81.798228,0,,DEERFIELD POINTE DR,,Local,Unpaved,Four-Way Intersection,N,Dark - Not Lighted,Clear,Dry,N,Angle,Motor Vehicle in Transport,On Roadway,N,Intersection,None,,,None,,,N,,,,,DEPUTY SHERIFF,Clay County Sheriff's Office,Sheriff's Office (SO),3/16/2024 19:19,3/16/2024 19:19,2,Y,Right Angle,Angle,Serious Injury,Incapacitating Injury,NIGHT,N,Y,N,N,Y,N,Y,N,N,0,2,0,0,2,0,0,0,0,0,0,0,0,0,2,0,0,0,0,0,0,0,0,0,0,N,0,0,N,0,0,0,0,0,0,2,18000,18000,2,0,0,Preliminary,Editor Mapped,423159.4175,3339985.641,30.18889256,-81.79821055
24331177,2024,4/4/2024 15:40,4/4/2024 16:40,207870,L,2,2,2,38,Duval,Jacksonville,Urban,4/4/2024 15:45,4/4/2024 15:45,4/4/2024 15:45,4/4/2024 18:00,Y,Law Enforcement,DERRINGER RD,,30.35239494,-81.51190836,0,,MONUMENT RD,,Local,Curb,Four-Way Intersection,N,Daylight,Clear,Dry,N,Angle,Motor Vehicle in Transport,On Roadway,N,Intersection,None,,,None,,,N,,,,,OFFICER,Jacksonville Sheriff's Office,Sheriff's Office (SO),4/6/2024 19:23,4/6/2024 19:23,2,Y,Left Entering,Left Turn,Serious Injury,Incapacitating Injury,DAY,N,N,N,N,N,N,Y,N,N,0,2,1,0,1,0,0,0,0,1,0,0,0,0,2,0,0,0,1,1,0,0,1,1,0,N,0,0,N,0,0,6,0,0,0,2,8000,8000,1,0,0,Preliminary,Editor Mapped,450802.9773,3357945.036,30.35238919,-81.51190515
26310398,2024,4/10/2024 19:31,4/10/2024 20:02,FHP24ON0180468,L,1,1,2,38,Duval,Jacksonville,Urban,4/10/2024 19:36,4/10/2024 19:41,4/10/2024 19:47,4/10/2024 20:30,Y,Law Enforcement,INTERSTATE 95,,30.33133,-81.67351,886,West,FOREST STREET,,Interstate,Paved,Not at Intersection,N,Dusk,Cloudy,Dry,N,Other,Concrete Traffic Barrier,Median,N,Non-Junction,None,,,None,,,N,,,,,TPR,Florida Highway Patrol,Florida Highway Patrol (FHP),4/24/2024 23:39,4/24/2024 23:39,14,Y,Off Road,Off Road,Serious Injury,Incapacitating Injury,NIGHT,N,N,N,N,N,N,N,Y,N,0,1,0,0,1,0,0,0,0,0,0,0,0,0,1,0,0,0,0,0,0,0,0,0,0,N,0,0,N,0,0,3,0,0,0,1,10000,10000,1,0,0,Preliminary,Editor Mapped,435257.8532,3355693.03,30.33133482,-81.67350796
26310399,2024,4/10/2024 22:13,4/10/2024 22:57,FHP24ON0180637,L,2,4,2,38,Duval,Jacksonville,Urban,4/10/2024 22:18,4/10/2024 22:22,4/10/2024 22:39,4/11/2024 0:08,Y,Law Enforcement,INTERSTATE 295,,30.33578,-81.76136,2635,North,COMMONWEALTH AVENUE,,Interstate,Paved,Not at Intersection,N,Dark - Lighted,Clear,Dry,N,Angle,Motor Vehicle in Transport,On Roadway,N,Other,None,,,None,,,N,,,,,TPR,Florida Highway Patrol,Florida Highway Patrol (FHP),4/24/2024 23:39,4/24/2024 23:39,14,Y,Same Direction Sideswipe,Sideswipe,Serious Injury,Incapacitating Injury,NIGHT,N,N,Y,N,N,N,N,Y,N,2,2,1,0,1,0,0,0,1,0,0,0,0,0,2,1,0,2,2,1,1,0,0,0,0,N,0,0,N,0,0,3,0,0,0,2,9000,9000,2,0,0,Preliminary,Editor Mapped,426891.1783,3357520.176,30.34734465,-81.76066729
25967351,2024,3/1/2024 8:50,3/1/2024 0:00,2024-00024681,L,2,2,41,0,Nassau,Unincorporated,Rural,3/1/2024 8:51,3/1/2024 8:55,3/1/2024 9:00,3/1/2024 9:45,Y,Law Enforcement,S8TH ST,,,,0,,ADAMS RD,,Local,Curb,T-Intersection,,Daylight,Cloudy,Wet,N,Angle,Motor Vehicle in Transport,On Roadway,N,Intersection,None,,,None,,,N,,,,,Dep.,Nassau County Sheriff's Office,Sheriff's Office (SO),3/8/2024 19:26,3/8/2024 19:26,7,Y,Other,Other,Serious Injury,Incapacitating Injury,DAY,N,N,N,N,N,N,Y,N,N,1,1,0,0,1,0,0,0,0,0,0,0,0,0,2,1,0,0,0,0,0,0,0,0,0,N,0,0,N,0,0,2,0,0,0,2,7500,7500,1,0,0,Preliminary,Editor Mapped,455901.6719,3389161.977,30.63427656,-81.4601775
26112500,2024,3/24/2024 12:00,3/24/2024 12:23,183197,L,2,4,2,38,Duval,Jacksonville,Urban,3/24/2024 12:00,3/24/2024 12:00,3/24/2024 12:15,3/24/2024 12:35,Y,Law Enforcement,OLD SAINT AUGUSTINE RD,,30.14145406,-81.54222333,0,,S I-95/SR-9 RAMP,,Local,Curb,T-Intersection,N,Daylight,Clear,Dry,N,Angle,Motor Vehicle in Transport,On Roadway,Y,Intersection,None,,,None,,,N,,,,,OFFICER,Jacksonville Sheriff's Office,Sheriff's Office (SO),3/26/2024 20:05,3/26/2024 20:05,2,Y,Left Entering,Left Turn,Serious Injury,Incapacitating Injury,DAY,N,N,N,N,N,N,Y,N,N,2,2,0,1,1,0,0,0,0,0,0,0,0,0,2,0,0,2,0,0,0,0,0,0,0,N,0,0,N,0,0,2,0,0,0,2,20000,20000,2,0,0,Preliminary,Editor Mapped,447769.1731,3334582.598,30.14144231,-81.54231234
24938493,2024,3/5/2024 8:27,5/5/2024 8:07,FHP24ON0112316,L,2,2,20,50,St. Johns,St. Augustine,Rural,3/5/2024 8:32,3/5/2024 8:34,3/5/2024 8:38,3/5/2024 11:05,Y,Law Enforcement,INTERSTATE 95,,29.86979,-81.39742,15521,North,MM 314,,Interstate,Paved,Not at Intersection,Y,Daylight,Clear,Dry,N,Angle,Motor Vehicle in Transport,Shoulder,N,Non-Junction,None,,,None,,,N,,,,,SGT,Florida Highway Patrol,Florida Highway Patrol (FHP),3/19/2024 20:02,5/9/2024 1:07,14,Y,Right Angle,Angle,Serious Injury,Incapacitating Injury,DAY,N,N,N,N,N,N,N,N,N,1,1,0,0,1,0,0,0,0,1,0,0,0,0,2,0,1,0,0,0,0,0,1,1,0,N,0,0,N,0,0,1,0,0,0,2,34500,34500,1,0,0,Preliminary,Editor Mapped,461599.5554,3304419.45,29.86975313,-81.39762807
26019531,2024,2/24/2024 14:26,2/24/2024 0:00,2024-000273,L,2,2,48,40,Clay,Green Cove Springs,Urban,2/24/2024 14:26,2/24/2024 14:27,2/24/2024 14:29,2/24/2024 15:10,Y,Law Enforcement,LEONARD C TAYLOR PKWY,,,,0,,S ORANGE AVE,,Interstate,Paved,Four-Way Intersection,Y,Daylight,Clear,Dry,N,Front to Rear,Motor Vehicle in Transport,On Roadway,N,Intersection,None,,,None,,,N,,,,,,Green Cove Springs Police Department,Police Department (PD),4/7/2024 23:23,4/7/2024 23:23,43,Y,Rear End,Rear End,Serious Injury,Incapacitating Injury,DAY,N,N,N,N,N,N,Y,N,N,1,1,0,0,1,0,0,0,0,2,0,0,0,0,2,0,0,0,0,0,0,0,2,1,0,N,0,0,N,0,0,0,0,0,0,2,4000,4000,1,0,0,Preliminary,Editor Mapped,434792.212,3317118.713,29.98322433,-81.67597332
26045579,2024,1/2/2024 16:00,1/2/2024 18:47,SJSO24OFF000063,L,2,2,20,50,St. Johns,St. Augustine,Rural,1/2/2024 16:05,1/2/2024 16:06,1/2/2024 16:06,1/2/2024 22:30,N,Law Enforcement,ST JOHNS PKWY,,30.03448499,-81.52756505,,,SILVERLAKE DR,,County,Paved,Four-Way Intersection,N,Daylight,Clear,Dry,N,Other,Motor Vehicle in Transport,On Roadway,N,Intersection,None,,,None,,,N,,,,,LE DEPUTY,St. Johns County Sheriff's Office,Sheriff's Office (SO),1/8/2024 19:11,1/8/2024 19:11,6,Y,Left Entering,Left Turn,Serious Injury,Incapacitating Injury,DAY,Y,Y,N,N,N,N,Y,N,N,1,1,0,0,1,0,0,0,0,0,0,0,0,0,2,0,0,0,0,0,0,0,0,0,0,N,0,0,N,0,0,0,0,0,0,2,30000,30000,0,0,1,Unmapped,Unmapped,,,,
25679337,2024,1/1/2024 2:00,1/1/2024 2:26,230,L,2,5,2,38,Duval,Jacksonville,Urban,1/1/2024 2:00,1/1/2024 2:00,1/1/2024 2:00,1/1/2024 3:07,Y,Law Enforcement,ARLINGTON EXPY OFF RAMP,,30.32673253,-81.60497666,210,West,UNIVERSITY BLVD N,,County,Paved,Roundabout,N,Dark - Lighted,Clear,Dry,N,Angle,Motor Vehicle in Transport,On Roadway,Y,Non-Junction,None,,,None,,,N,,,,,OFFICER,Jacksonville Sheriff's Office,Sheriff's Office (SO),1/14/2024 19:11,1/14/2024 19:11,13,Y,Other,Other,Serious Injury,Incapacitating Injury,NIGHT,Y,Y,N,N,Y,N,N,N,N,4,1,0,0,1,0,0,0,0,0,0,0,0,0,2,0,1,3,0,0,0,0,0,0,0,N,0,0,N,0,0,2,0,0,0,2,15000,15000,1,0,0,Preliminary,Editor Mapped,441843.2626,3355145.264,30.3267268,-81.60497342
26096378,2024,3/30/2024 18:00,3/30/2024 18:22,197268,L,2,5,2,38,Duval,Jacksonville,Urban,3/30/2024 18:01,3/30/2024 18:01,3/30/2024 18:01,3/30/2024 18:55,Y,Law Enforcement,ARLINGTON EXPY,,30.32745882,-81.59970508,761,East,CESERY BLVD,,State,Curb,Not at Intersection,N,Daylight,Clear,Dry,N,Front to Rear,Motor Vehicle in Transport,On Roadway,N,Non-Junction,None,,,None,,,N,,,,,OFFICER,Jacksonville Sheriff's Office,Sheriff's Office (SO),3/31/2024 19:11,3/31/2024 19:11,1,Y,Rear End,Rear End,Serious Injury,Incapacitating Injury,DAY,N,N,N,N,N,N,N,N,N,1,4,0,3,1,0,0,0,0,0,0,0,0,0,2,0,0,3,0,0,0,0,0,0,0,N,0,0,N,0,0,1,0,0,0,2,10000,10000,4,0,0,Preliminary,Editor Mapped,442350.46,3355223.059,30.32745309,-81.59970184
26098231,2024,1/1/2024 1:00,1/1/2024 1:43,139,L,1,1,2,38,Duval,Jacksonville,Urban,1/1/2024 1:00,1/1/2024 1:00,1/1/2024 1:00,1/1/2024 1:42,Y,Law Enforcement,RAMP FROM SOUTHSIDE CONNECTOR BLVD TO REGENCY,,30.33052994,-81.55275449,457,East,SOUTHSIDE CONNECTOR BLVD,,Other,Paved,Not at Intersection,N,Dark - Lighted,Clear,Dry,N,Angle,Guardrail Face,On Roadway,N,Non-Junction,None,,,None,,,N,,,,,OFFICER,Jacksonville Sheriff's Office,Sheriff's Office (SO),1/2/2024 19:40,1/2/2024 19:40,1,Y,Off Road,Off Road,Serious Injury,Incapacitating Injury,NIGHT,N,N,N,N,N,N,N,Y,N,0,1,0,0,1,0,0,0,0,1,0,0,0,0,1,0,0,0,0,0,0,0,1,1,0,N,0,0,N,0,0,0,0,0,0,1,3000,3000,1,0,0,Preliminary,Editor Mapped,446864.731,3355540.109,30.33052094,-81.55275992
26098562,2024,1/15/2024 21:58,1/15/2024 23:40,31028,L,2,3,2,38,Duval,Jacksonville,Urban,1/15/2024 21:58,1/15/2024 21:58,1/15/2024 22:00,1/15/2024 23:40,Y,Law Enforcement,RIVERSIDE AVE,,30.32427246,-81.66929615,115,West,ACOSTA BRG/SR-13 RAMP,,State,Curb,Not at Intersection,N,Dark - Lighted,Clear,Dry,N,Front to Rear,Motor Vehicle in Transport,On Roadway,N,Non-Junction,None,,,None,,,N,,,,,OFFICER,Jacksonville Sheriff's Office,Sheriff's Office (SO),1/16/2024 19:43,1/16/2024 19:43,1,Y,Rear End,Rear End,Serious Injury,Incapacitating Injury,NIGHT,N,N,N,N,N,N,N,N,N,2,1,0,0,1,0,0,0,0,1,0,0,0,0,2,0,0,1,0,0,0,0,1,1,0,N,0,0,N,0,0,1,0,0,0,2,1500,1500,1,0,0,Preliminary,Editor Mapped,435587.5142,3354872.14,30.3239451,-81.6700283
26101532,2024,1/8/2024 20:17,1/8/2024 20:48,16374,L,2,2,2,38,Duval,Jacksonville,Urban,1/8/2024 20:17,1/8/2024 20:17,1/8/2024 20:17,1/9/2024 0:09,Y,Law Enforcement,W 27TH ST,,30.36087691,-81.65354012,0,,N MAIN ST,,State,Curb,Four-Way Intersection,N,Dark - Lighted,Cloudy,Dry,N,Front to Rear,Motor Vehicle in Transport,On Roadway,N,Intersection,None,,,None,,,N,,,,,OFFICER,Jacksonville Sheriff's Office,Sheriff's Office (SO),1/10/2024 19:42,1/10/2024 19:42,2,Y,Rear End,Rear End,Serious Injury,Incapacitating Injury,NIGHT,Y,N,N,N,N,N,Y,N,N,0,2,1,0,1,0,0,0,0,0,0,0,0,0,2,0,0,0,0,0,0,0,0,0,0,N,0,0,N,0,0,2,0,0,0,2,35000,35000,1,1,0,Preliminary,Editor Mapped,437200.1904,3358953.922,30.36086211,-81.65349856
26102050,2024,1/18/2024 8:53,1/18/2024 9:30,36239,L,2,1,2,38,Duval,Jacksonville,Urban,1/18/2024 8:54,1/18/2024 8:55,1/18/2024 9:04,1/18/2024 9:34,N,Law Enforcement,CITY CENTER BLVD,,30.48083802,-81.63928882,143,South,AIRPORT CENTER DR,,Private Roadway,Curb,Not at Intersection,Y,Daylight,Cloudy,Dry,N,Angle,Motor Vehicle in Transport,On Roadway,N,Non-Junction,None,,,None,,,N,,,,,OFFICER,Jacksonville Sheriff's Office,Sheriff's Office (SO),1/19/2024 19:23,1/19/2024 19:23,1,Y,Same Direction Sideswipe,Sideswipe,Serious Injury,Incapacitating Injury,DAY,N,N,N,N,N,Y,N,Y,N,0,1,0,0,1,0,0,0,0,0,0,0,0,0,1,0,0,0,0,0,0,0,0,0,0,N,0,0,N,0,0,0,0,0,0,1,6500,6500,1,0,0,Preliminary,Editor Mapped,438640.8861,3372240.568,30.48082783,-81.63928851
26103738,2024,1/2/2024 16:30,1/2/2024 18:30,3558,L,2,2,2,38,Duval,Jacksonville,Urban,1/2/2024 16:45,1/2/2024 16:45,1/2/2024 17:00,1/2/2024 18:30,Y,Law Enforcement,RICKER RD,,30.25535396,-81.77311828,0,,MELVIN RD,,Local,Unpaved,Four-Way Intersection,N,Daylight,Clear,Dry,N,Angle,Pedestrian,On Roadway,N,Intersection,None,,,None,,,N,,,,,CSO,Jacksonville Sheriff's Office,Sheriff's Office (SO),1/5/2024 19:23,1/5/2024 19:23,3,Y,Pedestrian,Pedestrian,Serious Injury,Incapacitating Injury,DAY,N,N,N,N,N,N,Y,N,N,0,2,0,1,1,0,0,0,0,0,0,0,0,0,2,0,0,0,0,0,0,0,0,0,0,N,0,0,N,0,0,2,0,0,0,2,9000,9000,0,0,0,Preliminary,Editor Mapped,425622.9769,3347332.533,30.25534034,-81.77313975