REPORT_NUMBER,CRASH_YEAR,CRASH_DATE_AND_TIME,REPORT_DATE_AND_TIME,INVESTIGATING_AGENCY_REPORT_NUMBER,FORM_TYPE,TOTAL_NUMBER_OF_VEHICLES,TOTAL_NUMBER_OF_PERSONS,COUNTY_CODE,CITY_CODE,COUNTY_NAME,CITY_NAME,RURAL_OR_URBAN,NOTIFIED_TIME,DISPATCHED_TIME,ARRIVED_TIME,CLEARED_TIME,COMPLETED_FLAG,NOTIFIED_BY,ON_STREET_ROAD_HIGHWAY,STREET_ADDRESS_NUMBER,LATITUDE,LONGITUDE,FEET_FROM_INTERSECTION,DIRECTION_FROM_INTERSECTION,FROM_INTERSECTION_OF,MILEPOST_NUMBER,ROAD_SYSTEM_IDENTIFER,TYPE_OF_SHOULDER,TYPE_OF_INTERSECTION,PHOTOS_TAKEN,LIGHT_CONDITION,WEATHER_CONDITION,ROAD_SURFACE_CONDITION,SCHOOL_BUS_RELATED_CODE,TYPE_OF_IMPACT,FIRST_HARMFUL_EVENT,LOCATION,INTERCHANGE_FLAG,JUNCTION_FLAG,ROAD_CIRCUMSTANCES_1,ROAD_CIRCUMSTANCES_2,ROAD_CIRCUMSTANCES_3,ENVIRONMENT_CIRCUMSTANCES_1,ENVIRONMENT_CIRCUMSTANCES_2,ENVIRONMENT_CIRCUMSTANCES_3,WORK_ZONE_RELATED_FLAG,CRASH_IN_WORK_ZONE,TYPE_OF_WORK_ZONE,WORKERS_PRESENT,LAW_ENFORCEMENT_PRESENT,INVESTIGATOR_RANK,INVESTIGATING_AGENCY_NAME,INVESTIGATING_AGENCY_TYPE,LOAD_DATE,UPDATE_DATE,DAYS_TO_LOAD,CODEABLE,S4_CRASH_TYPE,S4_CRASH_TYPE_SIMPLIFIED,S4_CRASH_SEVERITY,S4_CRASH_SEVERITY_DETAIL,S4_DAY_OR_NIGHT,S4_IS_AGGRESSIVE_DRIVING,S4_IS_ALCOHOL_RELATED,S4_IS_CMV_INVOLVED,S4_IS_DISTRACTED,S4_IS_DRUG_RELATED,S4_IS_HIT_AND_RUN,S4_IS_INTERSECTION_RELATED,S4_IS_LANE_DEPARTURE_RELATED,S4_IS_SPEEDING_RELATED,S4_NONE_INJURY_COUNT,S4_INJURY_COUNT,S4_POSSIBLE_INJURY_COUNT,S4_NON_INCAPACITATING_INJURY_COUNT,S4_INCAPACITATING_INJURY_COUNT,S4_FATALITY_COUNT,S4_FATALITY_WITHIN_30_DAYS_COUNT,S4_NON_TRAFFIC_FATALITY_COUNT,S4_TRAILER_COUNT,S4_MOTORCYCLE_COUNT,S4_MOPED_COUNT,S4_NON_MOTORIST_COUNT,S4_BICYCLIST_COUNT,S4_PEDESTRIAN_COUNT,S4_DRIVER_COUNT,S4_AGING_DRIVER_COUNT,S4_TEENAGER_DRIVER_COUNT,S4_PASSENGER_COUNT,S4_UNRESTRAINED_COUNT,S4_UNRESTRAINED_INJURY_COUNT,S4_UNRESTRAINED_INCAPACITATING_INJURY_COUNT,S4_UNRESTRAINED_FATALITY_COUNT,S4_MOTORCYCLIST_COUNT,S4_MOTORCYCLIST_INCAPACITATING_INJURY_COUNT,S4_MOTORCYCLIST_FATALITY_COUNT,S4_IS_PEDESTRIAN_INVOLVED,S4_PEDESTRIAN_INCAPACITATING_INJURY_COUNT,S4_PEDESTRIAN_FATALITY_COUNT,S4_IS_BICYCLIST_INVOLVED,S4_BICYCLIST_INCAPACITATING_INJURY_COUNT,S4_BICYCLIST_FATALITY_COUNT,S4_CITATION_COUNT,S4_CITATION_AMOUNT,S4_PROPERTY_DAMAGE_COUNT,S4_PROPERTY_DAMAGE_AMOUNT,S4_VEHICLE_DAMAGE_COUNT,S4_VEHICLE_DAMAGE_AMOUNT,S4_TOTAL_DAMAGE_AMOUNT,S4_TRANSPORT_BY_EMS_COUNT,S4_TRANSPORT_BY_LAW_ENFORCEMENT_COUNT,S4_TRANSPORT_BY_OTHER_COUNT,S4_GEOLOCATION_STATUS,S4_PRELIMINARY_GEOLOCATION_STATUS,S4_X,S4_Y,S4_LATITUDE,S4_LONGITUDE
26108995,2024,1/19/2024 7:20,1/19/2024 7:44,38324,L,2,2,2,38,Duval,Jacksonville,Urban,1/19/2024 7:20,1/19/2024 7:20,1/19/2024 7:29,1/19/2024 8:42,Y,Law Enforcement,ATLANTIC BLVD,,30.31420969,-81.56567911,0,,CENTURY ST,,State,Curb,T-Intersection,N,Daylight,Cloudy,Dry,N,Angle,Motor Vehicle in Transport,On Roadway,N,Intersection,None,,,None,,,N,,,,,OFFICER,Jacksonville Sheriff's Office,Sheriff's Office (SO),1/23/2024 20:04,1/23/2024 20:04,4,Y,Left Leaving,Left Turn,Serious Injury,Incapacitating Injury,DAY,N,N,N,N,N,N,Y,N,N,1,1,0,0,1,0,0,0,0,0,0,0,0,0,2,0,0,0,0,0,0,0,0,0,0,N,0,0,N,0,0,1,0,0,0,2,14000,14000,1,0,0,Preliminary,Editor Mapped,445616.635,3353736.127,30.31418679,-81.56564965
26108996,2024,1/19/2024 9:10,1/19/2024 9:32,38528,L,2,3,2,38,Duval,Jacksonville,Urban,1/19/2024 9:11,1/19/2024 9:11,1/19/2024 9:22,1/19/2024 10:34,Y,Law Enforcement,ATLANTIC BLVD,,30.32381009,-81.5288095,0,,DIBBLE CT,,State,Curb,T-Intersection,N,Daylight,Rain,Wet,N,Angle,Motor Vehicle in Transport,On Roadway,N,Intersection,None,,,None,,,N,,,,,OFFICER,Jacksonville Sheriff's Office,Sheriff's Office (SO),1/25/2024 1:26,1/25/2024 1:26,6,Y,Left Entering,Left Turn,Serious Injury,Incapacitating Injury,DAY,N,N,N,N,N,N,Y,N,N,2,1,0,0,1,0,0,0,0,1,0,0,0,0,2,0,0,1,0,0,0,0,1,1,0,N,0,0,N,0,0,1,0,0,0,2,13000,13000,1,0,0,Preliminary,Editor Mapped,449163.6074,3354791.782,30.32386709,-81.52880957
26109004,2024,1/30/2024 15:45,2/15/2024 10:53,62884,L,3,6,2,38,Duval,Jacksonville,Urban,1/30/2024 15:50,1/30/2024 15:50,1/30/2024 16:27,1/30/2024 18:01,Y,Law Enforcement,MILL CREEK RD,,30.32922222,-81.56007523,0,,REGENCY SQUARE BLVD N,,Local,Curb,T-Intersection,N,Daylight,Clear,Dry,N,Front to Front,Motor Vehicle in Transport,On Roadway,N,Intersection,None,,,None,,,N,,,,,CSO,Jacksonville Sheriff's Office,Sheriff's Office (SO),2/2/2024 19:20,2/16/2024 19:22,3,Y,Left Entering,Left Turn,Serious Injury,Incapacitating Injury,DAY,N,N,N,N,N,N,Y,N,N,1,5,3,1,1,0,0,0,0,0,0,0,0,0,3,0,1,3,0,0,0,0,0,0,0,N,0,0,N,0,0,1,0,0,0,3,21000,21000,2,0,0,Preliminary,Editor Mapped,446155.2125,3355390.455,30.3291391,-81.56013297
25133268,2024,2/5/2024 21:45,2/5/2024 22:24,77030,L,3,4,2,38,Duval,Jacksonville,Urban,2/5/2024 21:47,2/5/2024 21:48,2/5/2024 21:54,2/5/2024 23:49,Y,Law Enforcement,ARGYLE FOREST BLVD,,30.19536766,-81.76062166,0,,CANDLEWOOD DR W,,Local,Unpaved,T-Intersection,N,Dark - Lighted,Clear,Wet,N,Front to Front,Motor Vehicle in Transport,On Roadway,Y,Intersection,Road Surface Condition,,,None,,,N,,,,,OFFICER,Jacksonville Sheriff's Office,Sheriff's Office (SO),2/7/2024 19:45,2/7/2024 19:45,2,Y,Rear End,Rear End,Serious Injury,Incapacitating Injury,NIGHT,Y,Y,N,N,Y,N,Y,N,Y,3,1,0,0,1,0,0,0,0,0,0,0,0,0,3,0,1,1,0,0,0,0,0,0,0,N,0,0,N,0,0,4,0,0,0,3,45000,45000,1,0,0,Preliminary,Editor Mapped,426792.8097,3340665.244,30.19524925,-81.7605173
25685152,2024,3/16/2024 15:40,3/16/2024 16:14,166480,L,2,2,2,38,Duval,Jacksonville,Urban,3/16/2024 15:42,3/16/2024 15:42,3/16/2024 15:50,3/16/2024 19:26,Y,Law Enforcement,LENOX AVE,,30.29951129,-81.75130755,159,West,LACLEDE AVE,,County,Paved,Not at Intersection,N,Daylight,Cloudy,Dry,N,Other,Motor Vehicle in Transport,On Roadway,N,Driveway/Alley Access Related,None,,,None,,,N,,,,,OFFICER,Jacksonville Sheriff's Office,Sheriff's Office (SO),3/17/2024 19:12,3/17/2024 19:12,1,Y,Left Entering,Left Turn,Serious Injury,Incapacitating Injury,DAY,N,N,N,N,N,N,N,N,N,0,2,0,1,1,0,0,0,0,1,0,0,0,0,2,0,0,0,0,0,0,0,1,1,0,N,0,0,N,0,0,0,0,0,0,2,4000,4000,1,0,0,Preliminary,Editor Mapped,427755.9975,3352212.732,30.29950557,-81.75130427
26104761,2024,2/15/2024 5:54,2/15/2024 6:20,97961,L,2,2,2,38,Duval,Jacksonville,Urban,2/15/2024 5:59,2/15/2024 6:02,2/15/2024 6:03,2/15/2024 6:50,Y,Law Enforcement,W 20TH ST EXPY,,30.35546883,-81.67598236,0,,MYRTLE AVE N,,U.S.,Curb,Four-Way Intersection,N,Dark - Not Lighted,Clear,Dry,N,Angle,Motor Vehicle in Transport,On Roadway,N,Intersection,None,,,None,,,N,,,,,OFFICER,Jacksonville Sheriff's Office,Sheriff's Office (SO),2/22/2024 19:24,2/22/2024 19:24,7,Y,Other,Other,Serious Injury,Incapacitating Injury,NIGHT,N,N,N,N,N,N,Y,N,N,0,2,1,0,1,0,0,0,0,1,0,0,0,0,2,0,0,0,0,0,0,0,1,1,0,N,0,0,N,0,0,1,0,0,0,2,12000,12000,1,0,0,Preliminary,Editor Mapped,435036.2425,3358368.282,30.35546309,-81.6759791
26110913,2024,2/14/2024 5:08,2/14/2024 7:01,95558,L,2,1,2,38,Duval,Jacksonville,Urban,2/14/2024 5:11,2/14/2024 6:08,2/14/2024 6:08,2/14/2024 7:04,N,Law Enforcement,SOUTHSIDE BLVD,,30.21855042,-81.55178546,0,,BAYMEADOWS RD,,State,Curb,Four-Way Intersection,N,Dark - Lighted,Clear,Dry,N,Front to Front,Motor Vehicle in Transport,On Roadway,N,Intersection,None,,,None,,,N,,,,,CSO,Jacksonville Sheriff's Office,Sheriff's Office (SO),2/15/2024 19:19,2/15/2024 19:19,1,Y,Head On,Head On,Serious Injury,Incapacitating Injury,NIGHT,N,N,N,N,N,Y,Y,N,N,0,1,0,0,1,0,0,0,0,0,0,0,0,0,1,1,0,0,0,0,0,0,0,0,0,N,0,0,N,0,0,0,0,0,0,2,20000,20000,1,0,0,Preliminary,Editor Mapped,446896.8952,3343138.456,30.21861216,-81.55179894
26113955,2024,4/4/2024 16:54,4/4/2024 17:23,208028,L,3,4,2,38,Duval,Jacksonville,Urban,4/4/2024 16:58,4/4/2024 17:00,4/4/2024 17:05,4/4/2024 18:50,Y,Law Enforcement,BEAUCLERC RD,,30.20794818,-81.62797109,0,,WHITTINGTON DR,,Local,Curb,T-Intersection,N,Daylight,Clear,Dry,N,Angle,Motor Vehicle in Transport,On Roadway,N,Intersection,None,,,None,,,N,,,,,CSO,Jacksonville Sheriff's Office,Sheriff's Office (SO),4/6/2024 19:23,4/6/2024 19:23,2,Y,Right Angle,Angle,Serious Injury,Incapacitating Injury,DAY,N,N,N,N,N,N,Y,N,N,1,3,0,2,1,0,0,0,0,0,0,0,0,0,3,1,1,1,0,0,0,0,0,0,0,N,0,0,N,0,0,1,0,0,0,3,24000,24000,3,0,0,Preliminary,Editor Mapped,439560.0212,3341994.079,30.20794247,-81.62796784
25686512,2024,9/29/2024 18:41,9/29/2024 23:37,598794,L,2,4,2,38,Duval,Jacksonville,Urban,9/29/2024 18:42,9/29/2024 18:45,9/29/2024 18:51,9/29/2024 22:05,Y,Law Enforcement,ORTEGA FARMS BLVD,,30.2475672,-81.7138403,76,South,TIMUQUANA RD,,Local,Curb,Four-Way Intersection,N,Daylight,Clear,Dry,N,Front to Rear,Motor Vehicle in Transport,On Roadway,N,Intersection-Related,None,,,None,,,N,,,,,OFFICER,Jacksonville Sheriff's Office,Sheriff's Office (SO),10/1/2024 19:44,10/1/2024 19:44,2,Y,Rear End,Rear End,Serious Injury,Incapacitating Injury,DAY,N,N,N,N,N,N,Y,N,N,0,4,2,0,2,0,0,0,0,0,0,0,0,0,1,0,0,3,0,0,0,0,0,0,0,N,0,0,N,0,0,0,0,1,5000,2,10750,15750,4,0,0,Preliminary,Editor Mapped,431329.2006,3346388.509,30.24715855,-81.71376671
26106454,2024,5/17/2024 23:45,5/18/2024 0:00,305252,L,1,2,2,38,Duval,Jacksonville,Urban,5/17/2024 23:48,5/17/2024 23:48,5/17/2024 23:48,5/18/2024 0:20,N,Law Enforcement,LEM TURNER RD,,30.38444012,-81.67431026,63,South,ASHTON ST,,State,Paved,Not at Intersection,N,Dark - Lighted,Clear,Dry,N,Other,Pedestrian,On Roadway,N,Non-Junction,None,,,None,,,N,,,,,OFFICER,Jacksonville Sheriff's Office,Sheriff's Office (SO),5/18/2024 19:22,5/18/2024 19:22,1,Y,Pedestrian,Pedestrian,Serious Injury,Incapacitating Injury,NIGHT,N,N,N,N,N,Y,N,N,N,1,1,0,0,1,0,0,0,0,0,0,1,0,1,0,0,0,1,0,0,0,0,0,0,0,Y,1,0,N,0,0,0,0,0,0,0,0,0,1,0,0,Preliminary,Editor Mapped,435212.0565,3361576.648,30.38442314,-81.67434843
26105613,2024,12/7/2024 17:51,12/7/2024 18:15,743766,L,2,2,2,38,Duval,Jacksonville,Urban,12/7/2024 17:51,12/7/2024 17:53,12/7/2024 17:53,12/7/2024 18:28,Y,Law Enforcement,NORMANDY BLVD,,30.23659947,-81.90850901,3360,East,BICENTENNIAL DR,,State,Unpaved,Not at Intersection,N,Daylight,Clear,Dry,N,Front to Front,Motor Vehicle in Transport,On Roadway,N,Non-Junction,None,,,None,,,N,,,,,OFFICER,Jacksonville Sheriff's Office,Sheriff's Office (SO),12/8/2024 19:19,12/8/2024 19:19,1,Y,Head On,Head On,Serious Injury,Incapacitating Injury,DAY,N,N,N,N,N,N,N,Y,N,0,2,0,0,2,0,0,0,0,0,0,0,0,0,2,1,0,0,0,0,0,0,0,0,0,N,0,0,N,0,0,3,0,0,0,2,12000,12000,2,0,0,Preliminary,Editor Mapped,412583.5063,3345351.35,30.23659374,-81.90850569
26282482,2024,1/7/2024 20:10,5/22/2024 13:06,FHP24ON0011145,L,2,2,2,38,Duval,Jacksonville,Urban,1/7/2024 20:38,1/7/2024 20:49,1/7/2024 21:16,1/8/2024 1:07,Y,Law Enforcement,US HIGHWAY 90,,30.31537099,-81.84129499,977,East,CELERY AVE,,U.S.,Paved,Not at Intersection,Y,Dark - Not Lighted,Cloudy,Dry,N,Front to Front,Motor Vehicle in Transport,On Roadway,N,Non-Junction,None,,,None,,,N,,,,,CPL,Florida Highway Patrol,Florida Highway Patrol (FHP),1/20/2024 19:17,5/24/2024 19:45,13,Y,Head On,Head On,Fatality,Fatal (within 30 days),NIGHT,N,Y,N,N,N,N,N,Y,N,0,1,0,1,0,1,1,0,0,0,0,0,0,0,2,0,0,0,1,1,0,0,0,0,0,N,0,0,N,0,0,1,0,0,0,2,16000,16000,1,0,1,Preliminary,Editor Mapped,419116.0147,3354030.594,30.31536189,-81.84128849
26304254,2024,1/30/2024 18:15,1/30/2024 19:50,FHP24ON0050747,L,2,3,41,40,Nassau,Fernandina Beach,Rural,1/30/2024 18:16,1/30/2024 18:20,1/30/2024 19:11,1/30/2024 20:32,Y,Law Enforcement,SR-200,,30.62466,-81.49116,0,,WADES PL,,State,Paved,T-Intersection,N,Dark - Not Lighted,Clear,Dry,N,Angle,Motor Vehicle in Transport,On Roadway,N,Non-Junction,None,,,None,,,N,,,,,TPR,Florida Highway Patrol,Florida Highway Patrol (FHP),2/12/2024 19:33,2/12/2024 19:33,13,Y,Left Leaving,Left Turn,Serious Injury,Incapacitating Injury,DAY,N,N,N,N,N,N,N,N,N,1,2,1,0,1,0,0,0,0,0,0,0,0,0,2,1,0,1,0,0,0,0,0,0,0,N,0,0,N,0,0,1,0,0,0,2,10000,10000,2,0,0,Preliminary,Editor Mapped,452934.2901,3388087.23,30.62446542,-81.491093
26304486,2024,3/29/2024 2:23,3/29/2024 3:16,FHP24ON0156907,L,1,1,48,48,Clay,Middleburg,Rural,3/29/2024 2:29,3/29/2024 2:37,3/29/2024 3:06,3/29/2024 3:42,Y,Law Enforcement,CR 220,,30.10673773,-81.79986454,477,West,CR 2208,,County,Paved,Not at Intersection,N,Dark - Not Lighted,Clear,Dry,N,Other,Fence,Off Roadway,N,Non-Junction,None,,,None,,,N,,,,,TPR,Florida Highway Patrol,Florida Highway Patrol (FHP),4/7/2024 19:13,4/7/2024 19:13,9,Y,Off Road,Off Road,Serious Injury,Incapacitating Injury,NIGHT,N,N,N,N,N,N,N,Y,N,0,1,0,0,1,0,0,0,0,1,0,0,0,0,1,0,0,0,0,0,0,0,1,1,0,N,0,0,N,0,0,1,0,0,0,1,5000,5000,1,0,0,Preliminary,Editor Mapped,423051.3775,3330876.763,30.10669152,-81.79867035
26285905,2024,1/27/2024 2:59,2/23/2024 12:33,FHP24ON0044489,L,2,2,2,38,Duval,Jacksonville,Urban,1/27/2024 2:59,1/27/2024 3:06,1/27/2024 3:30,1/27/2024 4:42,Y,Law Enforcement,NB 95 (351B) EXIT RAMP TO WB I10,,30.32131433,-81.68482749,1047,East,NB I95,,Interstate,Paved,Not at Intersection,Y,Dark - Lighted,Clear,Dry,N,"Sideswipe, Same Direction",Motor Vehicle in Transport,On Roadway,Y,Entrance/Exit Ramp,None,,,None,,,N,,,,,TPR,Florida Highway Patrol,Florida Highway Patrol (FHP),2/9/2024 19:33,2/26/2024 19:32,13,Y,Same Direction Sideswipe,Sideswipe,Serious Injury,Incapacitating Injury,NIGHT,N,N,N,N,N,N,N,Y,N,0,2,1,0,1,0,0,0,0,0,0,0,0,0,2,0,0,0,0,0,0,0,0,0,0,N,0,0,N,0,0,1,0,0,0,2,13000,13000,1,0,0,Preliminary,Editor Mapped,434163.6661,3354582.849,30.32125798,-81.68482034
26299072,2024,3/26/2024 19:35,3/26/2024 20:03,FHP24ON0152654,L,1,1,2,38,Duval,Jacksonville,Urban,3/26/2024 19:40,3/26/2024 19:41,3/26/2024 19:45,3/26/2024 20:55,Y,Law Enforcement,INTERSTATE 295 SB,,30.24288179,-81.51451954,150,North,GATE PARKWAY,,Interstate,Paved,Not at Intersection,N,Dark - Lighted,Clear,Dry,N,Other,Fell/Jumped From Motor Vehicle,On Roadway,N,Non-Junction,None,,,None,,,N,,,,,TPR,Florida Highway Patrol,Florida Highway Patrol (FHP),4/8/2024 19:50,4/8/2024 19:50,13,Y,Single Vehicle,Other,Serious Injury,Incapacitating Injury,NIGHT,N,N,N,N,N,N,N,Y,N,0,1,0,0,1,0,0,0,0,1,0,0,0,0,1,0,1,0,0,0,0,0,1,1,0,N,0,0,N,0,0,0,0,0,0,1,2000,2000,1,0,0,Preliminary,Editor Mapped,450500.0772,3345811.21,30.24288316,-81.51448484
26310369,2024,3/9/2024 22:00,3/9/2024 22:42,FHP24ON0121487,L,2,2,2,38,Duval,Jacksonville,Urban,3/9/2024 22:05,3/9/2024 22:24,3/9/2024 22:39,3/9/2024 23:09,Y,Law Enforcement,INTERSTATE 95,,30.30066,-81.64004,454,West,EMERSON STREET,,Interstate,Paved,Not at Intersection,N,Dark - Lighted,Rain,Wet,N,Front to Front,Motor Vehicle in Transport,On Roadway,N,Non-Junction,Road Surface Condition,,,Weather Conditions,,,N,,,,,TPR,Florida Highway Patrol,Florida Highway Patrol (FHP),3/28/2024 19:19,3/28/2024 19:19,19,Y,Head On,Head On,Serious Injury,Incapacitating Injury,NIGHT,N,N,N,N,N,N,N,Y,N,0,2,1,0,1,0,0,0,0,0,0,0,0,0,2,1,0,0,0,0,0,0,0,0,0,N,0,0,N,0,0,1,0,0,0,2,35000,35000,1,0,0,Preliminary,Editor Mapped,439142.7348,3351468.676,30.29341769,-81.63285097
26293871,2024,3/20/2024 18:37,3/20/2024 19:10,FHP24ON0141466,L,1,1,20,0,St. Johns,Unincorporated,Rural,3/20/2024 18:42,3/20/2024 18:45,3/20/2024 18:56,3/20/2024 21:12,Y,Law Enforcement,I-95,,29.86979,-81.39742,15513,North,SR-16,,Interstate,Paved,Not at Intersection,N,Daylight,Clear,Dry,N,Other,Motor Vehicle in Transport,On Roadway,N,Non-Junction,None,,,None,,,N,,,,,TPR,Florida Highway Patrol,Florida Highway Patrol (FHP),3/30/2024 19:17,3/30/2024 19:17,10,Y,Single Vehicle,Other,Serious Injury,Incapacitating Injury,DAY,N,N,N,Y,N,N,N,Y,N,0,1,0,0,1,0,0,0,0,0,0,0,0,0,1,0,0,0,0,0,0,0,0,0,0,N,0,0,N,0,0,1,0,0,0,1,8000,8000,1,0,0,Preliminary,Editor Mapped,461600.0287,3304417.144,29.86973234,-81.39762309
26294077,2024,2/27/2024 15:50,2/27/2024 16:19,FHP24ON0100043,L,2,3,2,38,Duval,Jacksonville,Urban,2/27/2024 15:56,2/27/2024 16:00,2/27/2024 16:12,2/27/2024 18:15,Y,Law Enforcement,US-23 SB,,30.4150496,-81.74930139,262,North,PRIVATE DRIVEWAY (9012 NEW KINGS RD),,U.S.,Paved,T-Intersection,Y,Daylight,Clear,Dry,N,Angle,Motor Vehicle in Transport,On Roadway,N,Intersection,None,,,None,,,N,,,,,TPR,Florida Highway Patrol,Florida Highway Patrol (FHP),3/18/2024 19:53,3/18/2024 19:53,20,Y,Left Leaving,Left Turn,Serious Injury,Incapacitating Injury,DAY,N,N,N,N,N,N,Y,N,N,0,3,1,0,2,0,0,0,0,1,0,0,0,0,2,0,0,1,0,0,0,0,2,2,0,N,0,0,N,0,0,1,0,0,0,2,30000,30000,2,0,0,Preliminary,Editor Mapped,428030.5007,3365012.363,30.41501742,-81.74932956
26305142,2024,2/19/2024 5:35,2/19/2024 6:30,FHP24ON0084337,L,2,2,20,0,St. Johns,Unincorporated,Rural,2/19/2024 5:40,2/19/2024 5:45,2/19/2024 6:16,2/19/2024 7:31,Y,Law Enforcement,STATE ROAD 207,,29.81935,-81.38449,393,North,DEERPARK BOULEVARD,,State,Curb,Not at Intersection,N,Dark - Not Lighted,Rain,Wet,N,Front to Rear,Motor Vehicle in Transport,On Roadway,N,Non-Junction,None,,,None,,,N,,,,,TPR,Florida Highway Patrol,Florida Highway Patrol (FHP),2/23/2024 19:26,2/23/2024 19:26,4,Y,Rear End,Rear End,Serious Injury,Incapacitating Injury,NIGHT,N,N,Y,Y,N,N,N,N,N,1,1,0,0,1,0,0,0,1,0,0,0,0,0,2,0,0,0,0,0,0,0,0,0,0,N,0,0,N,0,0,1,0,0,0,2,7000,7000,1,0,0,Preliminary,Editor Mapped,462937.9146,3298920.937,29.82017216,-81.38358023
26287678,2024,3/2/2024 13:34,3/2/2024 14:06,FHP24ON0107374,L,2,3,2,38,Duval,Jacksonville,Urban,3/2/2024 13:35,3/2/2024 13:41,3/2/2024 13:55,3/2/2024 15:45,Y,Law Enforcement,INTERSTATE 95 SB,,30.45362,-81.651,102,South,INTERSTATE 295,,Interstate,Paved,Not at Intersection,N,Daylight,Clear,Dry,N,Other,Guardrail Face,On Roadway,N,Non-Junction,None,,,None,,,N,,,,,TPR,Florida Highway Patrol,Florida Highway Patrol (FHP),3/13/2024 22:33,3/13/2024 22:33,11,Y,Off Road,Off Road,Serious Injury,Incapacitating Injury,DAY,N,N,N,N,N,N,N,Y,N,2,1,0,0,1,0,0,0,0,0,0,0,0,0,2,0,0,1,0,0,0,0,0,0,0,N,0,0,N,0,0,1,0,0,0,2,14000,14000,0,0,0,Preliminary,Editor Mapped,437485.6555,3369275.758,30.45401566,-81.65114599
26108743,2024,5/17/2024 23:15,5/17/2024 23:54,305213,L,1,1,2,38,Duval,Jacksonville,Urban,5/17/2024 23:15,5/17/2024 23:15,5/17/2024 23:20,5/17/2024 23:54,Y,Law Enforcement,OCEAN ST,,30.33194841,-81.65502704,0,,E UNION ST,,U.S.,Curb,Four-Way Intersection,N,Dark - Lighted,Clear,Dry,N,Other,Pedestrian,On Roadway,N,Intersection,None,,,None,,,N,,,,,OFFICER,Jacksonville Sheriff's Office,Sheriff's Office (SO),5/19/2024 19:14,5/19/2024 19:14,2,Y,Pedestrian,Pedestrian,Serious Injury,Incapacitating Injury,NIGHT,N,N,N,N,N,Y,Y,N,N,0,1,0,0,1,0,0,0,0,0,0,1,0,1,0,0,0,0,0,0,0,0,0,0,0,Y,1,0,N,0,0,0,0,0,0,0,0,0,1,0,0,Preliminary,Editor Mapped,437036.2176,3355764.41,30.33207288,-81.65501308
89636947,2024,1/2/2024 11:58,1/2/2024 12:48,FHP24ON0001969,L,3,15,41,60,Nassau,Yulee,Urban,1/2/2024 12:03,1/2/2024 12:04,1/2/2024 12:21,1/2/2024 14:02,Y,Law Enforcement,INTERSTATE 95,,30.5781215,-81.64630843,13295,South,STATE ROAD 200,,Interstate,Paved,Not at Intersection,N,Daylight,Cloudy,Dry,N,Front to Rear,Motor Vehicle in Transport,On Roadway,N,Non-Junction,None,,,None,,,Y,Advance Warning Area,Work on Shoulder or Median,N,N,TPR,Florida Highway Patrol,Florida Highway Patrol (FHP),1/16/2024 19:43,1/16/2024 19:43,14,Y,Rear End,Rear End,Serious Injury,Incapacitating Injury,DAY,N,N,N,N,N,N,N,N,N,6,9,0,5,4,0,0,0,0,0,0,0,0,0,3,1,0,12,0,0,0,0,0,0,0,N,0,0,N,0,0,2,0,0,0,3,55000,55000,4,0,0,Verified,n/a,438025.1649,3383032.041,30.57817098,-81.64634755
89636949,2024,2/4/2024 12:41,2/4/2024 13:32,FHP24ON0059139,L,1,2,2,38,Duval,Jacksonville,Urban,2/4/2024 12:46,2/4/2024 12:51,2/4/2024 13:18,2/4/2024 13:50,Y,Law Enforcement,INTERSTATE 95,,30.47881879,-81.6441386,495,North,AIRPORT RD,,Interstate,Paved,Not at Intersection,N,Daylight,Rain,Wet,N,Other,Guardrail Face,Shoulder,N,Non-Junction,None,,,None,,,Y,Activity Area,Work on Shoulder or Median,,N,TPR,Florida Highway Patrol,Florida Highway Patrol (FHP),2/18/2024 19:11,2/18/2024 19:11,14,Y,Off Road,Off Road,Serious Injury,Incapacitating Injury,DAY,N,N,N,N,N,N,N,Y,N,1,1,0,0,1,0,0,0,0,0,0,0,0,0,1,0,0,1,0,0,0,0,0,0,0,N,0,0,N,0,0,1,0,1,5000,1,15000,20000,1,0,0,Verified,n/a,438174.012,3372019.353,30.47880779,-81.64413938