REPORT_NUMBER,CRASH_YEAR,CRASH_DATE_AND_TIME,REPORT_DATE_AND_TIME,INVESTIGATING_AGENCY_REPORT_NUMBER,FORM_TYPE,TOTAL_NUMBER_OF_VEHICLES,TOTAL_NUMBER_OF_PERSONS,COUNTY_CODE,CITY_CODE,COUNTY_NAME,CITY_NAME,RURAL_OR_URBAN,NOTIFIED_TIME,DISPATCHED_TIME,ARRIVED_TIME,CLEARED_TIME,COMPLETED_FLAG,NOTIFIED_BY,ON_STREET_ROAD_HIGHWAY,STREET_ADDRESS_NUMBER,LATITUDE,LONGITUDE,FEET_FROM_INTERSECTION,DIRECTION_FROM_INTERSECTION,FROM_INTERSECTION_OF,MILEPOST_NUMBER,ROAD_SYSTEM_IDENTIFER,TYPE_OF_SHOULDER,TYPE_OF_INTERSECTION,PHOTOS_TAKEN,LIGHT_CONDITION,WEATHER_CONDITION,ROAD_SURFACE_CONDITION,SCHOOL_BUS_RELATED_CODE,TYPE_OF_IMPACT,FIRST_HARMFUL_EVENT,LOCATION,INTERCHANGE_FLAG,JUNCTION_FLAG,ROAD_CIRCUMSTANCES_1,ROAD_CIRCUMSTANCES_2,ROAD_CIRCUMSTANCES_3,ENVIRONMENT_CIRCUMSTANCES_1,ENVIRONMENT_CIRCUMSTANCES_2,ENVIRONMENT_CIRCUMSTANCES_3,WORK_ZONE_RELATED_FLAG,CRASH_IN_WORK_ZONE,TYPE_OF_WORK_ZONE,WORKERS_PRESENT,LAW_ENFORCEMENT_PRESENT,INVESTIGATOR_RANK,INVESTIGATING_AGENCY_NAME,INVESTIGATING_AGENCY_TYPE,LOAD_DATE,UPDATE_DATE,DAYS_TO_LOAD,CODEABLE,S4_CRASH_TYPE,S4_CRASH_TYPE_SIMPLIFIED,S4_CRASH_SEVERITY,S4_CRASH_SEVERITY_DETAIL,S4_DAY_OR_NIGHT,S4_IS_AGGRESSIVE_DRIVING,S4_IS_ALCOHOL_RELATED,S4_IS_CMV_INVOLVED,S4_IS_DISTRACTED,S4_IS_DRUG_RELATED,S4_IS_HIT_AND_RUN,S4_IS_INTERSECTION_RELATED,S4_IS_LANE_DEPARTURE_RELATED,S4_IS_SPEEDING_RELATED,S4_NONE_INJURY_COUNT,S4_INJURY_COUNT,S4_POSSIBLE_INJURY_COUNT,S4_NON_INCAPACITATING_INJURY_COUNT,S4_INCAPACITATING_INJURY_COUNT,S4_FATALITY_COUNT,S4_FATALITY_WITHIN_30_DAYS_COUNT,S4_NON_TRAFFIC_FATALITY_COUNT,S4_TRAILER_COUNT,S4_MOTORCYCLE_COUNT,S4_MOPED_COUNT,S4_NON_MOTORIST_COUNT,S4_BICYCLIST_COUNT,S4_PEDESTRIAN_COUNT,S4_DRIVER_COUNT,S4_AGING_DRIVER_COUNT,S4_TEENAGER_DRIVER_COUNT,S4_PASSENGER_COUNT,S4_UNRESTRAINED_COUNT,S4_UNRESTRAINED_INJURY_COUNT,S4_UNRESTRAINED_INCAPACITATING_INJURY_COUNT,S4_UNRESTRAINED_FATALITY_COUNT,S4_MOTORCYCLIST_COUNT,S4_MOTORCYCLIST_INCAPACITATING_INJURY_COUNT,S4_MOTORCYCLIST_FATALITY_COUNT,S4_IS_PEDESTRIAN_INVOLVED,S4_PEDESTRIAN_INCAPACITATING_INJURY_COUNT,S4_PEDESTRIAN_FATALITY_COUNT,S4_IS_BICYCLIST_INVOLVED,S4_BICYCLIST_INCAPACITATING_INJURY_COUNT,S4_BICYCLIST_FATALITY_COUNT,S4_CITATION_COUNT,S4_CITATION_AMOUNT,S4_PROPERTY_DAMAGE_COUNT,S4_PROPERTY_DAMAGE_AMOUNT,S4_VEHICLE_DAMAGE_COUNT,S4_VEHICLE_DAMAGE_AMOUNT,S4_TOTAL_DAMAGE_AMOUNT,S4_TRANSPORT_BY_EMS_COUNT,S4_TRANSPORT_BY_LAW_ENFORCEMENT_COUNT,S4_TRANSPORT_BY_OTHER_COUNT,S4_GEOLOCATION_STATUS,S4_PRELIMINARY_GEOLOCATION_STATUS,S4_X,S4_Y,S4_LATITUDE,S4_LONGITUDE
89636951,2024,2/17/2024 22:13,2/17/2024 22:53,FHP24ON0082244,L,1,2,2,38,Duval,Jacksonville,Urban,2/17/2024 22:18,2/17/2024 22:21,2/17/2024 22:27,2/17/2024 23:48,Y,Law Enforcement,INTERSTATE 295,,30.45979509,-81.65842472,665,West,INTERSTATE 95,,Interstate,Paved,Not at Intersection,N,Dark - Lighted,Rain,Wet,N,Other,Concrete Traffic Barrier,Shoulder,N,Non-Junction,None,,,None,,,Y,Activity Area,Work on Shoulder or Median,,N,TPR,Florida Highway Patrol,Florida Highway Patrol (FHP),3/4/2024 19:15,3/4/2024 19:15,16,Y,Off Road,Off Road,Serious Injury,Incapacitating Injury,NIGHT,N,N,N,N,N,N,N,Y,N,0,2,0,1,1,0,0,0,0,0,0,0,0,0,1,0,0,1,0,0,0,0,0,0,0,N,0,0,N,0,0,1,0,1,500,1,8000,8500,1,0,0,Verified,n/a,436791.7915,3369929.12,30.45987493,-81.65841248
89658028,2024,2/27/2024 7:20,2/27/2024 7:56,FHP24ON0099013,L,3,3,2,38,Duval,Jacksonville,Urban,2/27/2024 7:21,2/27/2024 7:23,2/27/2024 7:23,2/27/2024 9:00,Y,Law Enforcement,I-295 S,,30.45603952,-81.6290163,67,East,N. MAIN STREET,,Interstate,Paved,Not at Intersection,N,Daylight,Clear,Dry,N,Front to Rear,Motor Vehicle in Transport,On Roadway,N,Non-Junction,None,,,Glare,,,Y,Activity Area,Work on Shoulder or Median,,N,SGT,Florida Highway Patrol,Florida Highway Patrol (FHP),3/12/2024 20:13,3/12/2024 20:13,14,Y,Rear End,Rear End,Serious Injury,Incapacitating Injury,DAY,N,N,N,N,N,N,N,N,N,0,3,1,1,1,0,0,0,0,0,0,0,0,0,3,0,1,0,0,0,0,0,0,0,0,N,0,0,N,0,0,1,0,0,0,3,38000,38000,1,0,0,Verified,n/a,439620.6598,3369486.389,30.45602536,-81.62892125
89714892,2024,2/5/2024 7:52,2/5/2024 8:28,FHP24ON0060325,L,1,3,20,0,St. Johns,Unincorporated,Rural,2/5/2024 8:02,2/5/2024 8:09,2/5/2024 8:30,2/5/2024 10:07,Y,Law Enforcement,US-1,,29.75400613,-81.31235002,916,South,STATE ROAD 206,,U.S.,Unpaved,Not at Intersection,N,Daylight,Cloudy,Wet,N,Angle,Pedalcycle,On Roadway,N,Non-Junction,None,,,None,,,N,,,,,TPR,Florida Highway Patrol,Florida Highway Patrol (FHP),2/12/2024 19:33,2/12/2024 19:33,7,Y,Bicycle,Bicycle,Serious Injury,Incapacitating Injury,DAY,N,N,N,N,N,N,N,N,N,2,1,0,0,1,0,0,0,0,0,0,1,1,0,1,0,0,1,1,0,0,0,0,0,0,N,0,0,Y,1,0,1,0,1,400,1,100,500,1,0,0,Verified,n/a,469807.5756,3291566.277,29.75398534,-81.31227642
89721138,2024,2/5/2024 21:34,2/5/2024 22:50,FHP24ON0061608,L,2,2,2,38,Duval,Jacksonville,Urban,2/5/2024 21:39,2/5/2024 21:40,2/5/2024 21:50,2/5/2024 23:13,Y,Law Enforcement,INTERSTATE 95,,30.38256,-81.6727,986,South,GOLFAIR BOULEARD,,Interstate,Paved,Not at Intersection,N,Dark - Not Lighted,Rain,Wet,N,Unknown,Pedestrian,On Roadway,N,Non-Junction,Obstruction in Roadway,,,Weather Conditions,Physical Obstruction(s),,N,,,,,TPR,Florida Highway Patrol,Florida Highway Patrol (FHP),2/22/2024 0:07,2/22/2024 0:07,17,Y,Pedestrian,Pedestrian,Serious Injury,Incapacitating Injury,NIGHT,N,N,Y,N,N,Y,N,N,N,1,1,0,0,1,0,0,0,0,0,0,1,0,1,1,0,0,0,0,0,0,0,0,0,0,Y,1,0,N,0,0,1,0,0,0,0,0,0,1,0,0,Verified,n/a,435319.6688,3360888.652,30.37822081,-81.67318586
89721128,2024,1/23/2024 23:02,1/23/2024 23:42,FHP24ON0038716,L,2,2,2,38,Duval,Jacksonville,Urban,1/23/2024 23:07,1/23/2024 23:09,1/23/2024 23:23,1/23/2024 23:54,Y,Law Enforcement,INTERSTATE 295,,30.16907,-81.60229,558,North,SAN JOSE BOULEVARD,,Interstate,Paved,Not at Intersection,N,Dark - Lighted,Clear,Dry,N,Front to Rear,Motor Vehicle in Transport,On Roadway,N,Non-Junction,None,,,None,,,N,,,,,TPR,Florida Highway Patrol,Florida Highway Patrol (FHP),2/17/2024 19:19,2/17/2024 19:19,25,Y,Rear End,Rear End,Serious Injury,Incapacitating Injury,NIGHT,N,N,N,N,N,N,N,Y,N,1,1,0,0,1,0,0,0,0,1,0,0,0,0,2,0,0,0,0,0,0,0,1,1,0,N,0,0,N,0,0,1,0,0,0,2,20000,20000,1,0,0,Preliminary,Editor Mapped,442007.7851,3337678.243,30.16911635,-81.60229989
26104143,2024,4/17/2024 21:04,4/17/2024 22:11,238209,L,1,1,2,38,Duval,Jacksonville,Urban,4/17/2024 21:08,4/17/2024 21:09,4/17/2024 21:15,4/17/2024 22:02,Y,Law Enforcement,SR 113 SOUTHSIDE CONNECTOR BLVD,,30.33337545,-81.55207469,193,South,TREDNICK PKWY,,State,Unpaved,Y-Intersection,N,Dark - Lighted,Clear,Dry,N,Other,Guardrail End,On Roadway,Y,Non-Junction,None,,,None,,,N,,,,,OFFICER,Jacksonville Sheriff's Office,Sheriff's Office (SO),4/18/2024 19:28,4/18/2024 19:28,1,Y,Off Road,Off Road,Serious Injury,Incapacitating Injury,NIGHT,N,N,N,N,N,N,N,Y,N,0,1,0,0,1,0,0,0,0,0,0,0,0,0,1,0,0,0,0,0,0,0,0,0,0,N,0,0,N,0,0,0,0,0,0,1,10000,10000,1,0,0,Preliminary,Editor Mapped,446944.8173,3355918.849,30.3339421,-81.55194599
89859635,2024,4/6/2024 10:45,4/6/2024 11:08,SJSO24CAD075569,L,1,1,20,52,St. Johns,St. Augustine Beach,Urban,4/6/2024 10:48,4/6/2024 10:49,4/6/2024 10:51,4/6/2024 13:00,Y,Law Enforcement,POPE ROAD,500,29.85934,-81.27144,,,,,Private Roadway,Unpaved,Not at Intersection,N,Daylight,Clear,Dry,N,Other,Utility Pole/Light Support,Off Roadway,N,Non-Junction,None,,,None,,,N,,,,,SERGEANT,St. Augustine Police Department,Police Department (PD),4/8/2024 19:51,4/8/2024 19:51,2,Y,Off Road,Off Road,Serious Injury,Incapacitating Injury,DAY,N,N,N,N,N,N,N,Y,N,0,1,0,0,1,0,0,0,0,0,0,0,0,0,1,1,0,0,0,0,0,0,0,0,0,N,0,0,N,0,0,0,0,4,4500,1,20000,24500,1,0,0,Verified,n/a,473776.2134,3303267.115,29.85967326,-81.27151478
26287700,2024,4/4/2024 17:31,4/4/2024 18:42,FHP24ON0169635,L,3,3,2,38,Duval,Jacksonville,Urban,4/4/2024 17:40,4/4/2024 18:03,4/4/2024 18:22,4/4/2024 19:58,Y,Law Enforcement,INTERSTATE 295 SB,,30.28705,-81.52185,343,North,BEACH BLVD,,Interstate,Paved,Not at Intersection,N,Daylight,Clear,Dry,N,Other,Motor Vehicle in Transport,On Roadway,N,Non-Junction,None,,,None,,,N,,,,,TPR,Florida Highway Patrol,Florida Highway Patrol (FHP),4/18/2024 19:28,4/18/2024 19:28,14,Y,Rear End,Rear End,Serious Injury,Incapacitating Injury,DAY,N,N,N,N,N,N,N,N,N,1,2,0,1,1,0,0,0,0,0,0,0,0,0,3,0,0,0,0,0,0,0,0,0,0,N,0,0,N,0,0,2,0,0,0,3,12500,12500,1,0,0,Preliminary,Editor Mapped,449818.0181,3350338.911,30.28371254,-81.52178966
26104141,2024,4/10/2024 20:05,4/10/2024 20:27,222019,L,3,3,2,38,Duval,Jacksonville,Urban,4/10/2024 20:07,4/10/2024 20:07,4/10/2024 20:11,4/10/2024 21:37,Y,Law Enforcement,SAINT JOHNS BLUFF RD S,,30.32435754,-81.52297827,89,South,SR 10 ATLANTIC BLVD,,Local,Unpaved,Four-Way Intersection,N,Dark - Lighted,Cloudy,Dry,N,Front to Rear,Motor Vehicle in Transport,On Roadway,N,Non-Junction,None,,,None,,,N,,,,,OFFICER,Jacksonville Sheriff's Office,Sheriff's Office (SO),4/11/2024 19:20,4/11/2024 19:20,1,Y,Rear End,Rear End,Serious Injury,Incapacitating Injury,NIGHT,N,Y,N,N,N,Y,N,N,N,2,1,0,0,1,0,0,0,0,0,0,0,0,0,3,1,0,0,0,0,0,0,0,0,0,N,0,0,N,0,0,11,0,0,0,3,4400,4400,1,0,0,Preliminary,Editor Mapped,449723.255,3354817.585,30.32412333,-81.52298946
26109651,2024,4/11/2024 23:20,4/11/2024 23:32,224698,L,2,2,2,38,Duval,Jacksonville,Urban,4/11/2024 23:21,4/11/2024 23:23,4/11/2024 23:24,4/12/2024 1:11,Y,Law Enforcement,ARLINGTON EXPY,,30.32728796,-81.62048839,4013,West,UNIVERSITY BLVD N/SR-109 RAMP,,State,Curb,Not at Intersection,N,Dark - Lighted,Clear,Dry,N,Front to Rear,Motor Vehicle in Transport,On Roadway,N,Non-Junction,None,,,None,,,N,,,,,OFFICER,Jacksonville Sheriff's Office,Sheriff's Office (SO),4/16/2024 20:03,4/16/2024 20:03,5,Y,Rear End,Rear End,Serious Injury,Incapacitating Injury,NIGHT,N,N,N,N,N,N,N,N,N,0,2,0,0,2,0,0,0,0,0,0,0,0,0,2,1,0,0,0,0,0,0,0,0,0,N,0,0,N,0,0,0,0,0,0,2,23000,23000,2,0,0,Preliminary,Editor Mapped,440352.4117,3355214.866,30.32728222,-81.62048515
26299078,2024,4/3/2024 15:24,4/3/2024 15:48,FHP24ON0167304,L,1,1,2,38,Duval,Jacksonville,Urban,4/3/2024 15:29,4/3/2024 15:30,4/3/2024 15:37,4/3/2024 16:29,Y,Law Enforcement,INTERSTATE 295 SB ENTRANCE RAMP,,30.26737285,-81.52077167,258,East,TOWN CENTER PARKWAY,,Interstate,Paved,Not at Intersection,N,Daylight,Rain,Wet,N,Other,Overturn/Rollover,Shoulder,Y,Entrance/Exit Ramp,Road Surface Condition,,,Weather Conditions,,,N,,,,,TPR,Florida Highway Patrol,Florida Highway Patrol (FHP),4/15/2024 19:32,4/15/2024 19:32,12,Y,Rollover,Rollover,Serious Injury,Incapacitating Injury,DAY,N,N,N,N,N,N,N,Y,N,0,1,0,0,1,0,0,0,0,0,0,0,0,0,1,0,0,0,0,0,0,0,0,0,0,N,0,0,N,0,0,1,0,0,0,1,8000,8000,1,0,0,Preliminary,Editor Mapped,449881.077,3348593.752,30.26796708,-81.5210508
25459904,2024,4/6/2024 11:35,4/6/2024 12:00,SJSO24CAD075609,L,2,3,20,50,St. Johns,St. Augustine,Rural,4/6/2024 11:38,4/6/2024 11:39,4/6/2024 11:45,4/6/2024 13:48,Y,Law Enforcement,A1A,,29.78101333,-81.25772667,466,South,A1A AND 206,,Interstate,Unpaved,Not at Intersection,N,Daylight,Clear,Dry,N,Angle,Motor Vehicle in Transport,On Roadway,N,Non-Junction,None,,,None,,,N,,,,,LE DEPUTY,St. Johns County Sheriff's Office,Sheriff's Office (SO),4/16/2024 20:03,4/16/2024 20:03,10,Y,Unknown,Unknown,Serious Injury,Incapacitating Injury,DAY,N,N,N,N,N,N,N,N,N,2,1,0,0,1,0,0,0,0,1,0,0,0,0,2,0,0,1,0,0,0,0,1,1,0,N,0,0,N,0,0,0,0,0,0,2,1500,1500,1,0,0,Preliminary,Editor Mapped,475091.3141,3294547.649,29.78100943,-81.25769675
26115846,2024,4/11/2024 11:45,4/11/2024 12:33,223424,L,2,1,2,38,Duval,Jacksonville,Urban,4/11/2024 11:52,4/11/2024 12:15,4/11/2024 12:20,4/11/2024 12:46,N,Law Enforcement,ATLANTIC BLVD,,30.31471912,-81.56192119,0,,CORPORATE SQUARE BLVD,,U.S.,Paved,T-Intersection,N,Daylight,Rain,Wet,N,Angle,Motor Vehicle in Transport,On Roadway,N,Intersection,Road Surface Condition,,,Weather Conditions,,,N,,,,,CSO,Jacksonville Sheriff's Office,Sheriff's Office (SO),4/16/2024 20:03,4/16/2024 20:03,5,Y,Unknown,Unknown,Serious Injury,Incapacitating Injury,DAY,N,N,N,N,N,Y,Y,N,N,0,1,0,0,1,0,0,0,0,0,0,0,0,0,1,0,0,0,0,0,0,0,0,0,0,N,0,0,N,0,0,0,0,0,0,1,5000,5000,1,0,0,Preliminary,Editor Mapped,445973.88,3353788.925,30.31467923,-81.56193676
26115978,2024,4/12/2024 11:15,4/12/2024 12:05,225661,L,2,2,2,38,Duval,Jacksonville,Urban,4/12/2024 11:20,4/12/2024 11:25,4/12/2024 11:40,4/12/2024 14:00,Y,Law Enforcement,STATE ROAD 21,,30.26350876,-81.73935376,198,North,BARTHOLF AVENUE,,State,Curb,Not at Intersection,N,Daylight,Clear,Dry,N,Front to Rear,Motor Vehicle in Transport,On Roadway,N,Non-Junction,None,,,None,,,N,,,,,CSO,Jacksonville Sheriff's Office,Sheriff's Office (SO),4/16/2024 20:03,4/16/2024 20:03,4,Y,Rear End,Rear End,Serious Injury,Incapacitating Injury,DAY,N,N,Y,N,N,N,N,N,N,1,1,0,0,1,0,0,0,0,1,0,0,0,0,2,0,0,0,0,0,0,0,1,1,0,N,0,0,N,0,0,3,0,0,0,2,12000,12000,1,0,0,Preliminary,Editor Mapped,428880.9484,3348217.075,30.26351752,-81.73933575
26290756,2024,4/5/2024 5:15,4/5/2024 7:39,FHP24ON0170356,L,1,1,48,0,Clay,Unincorporated,Rural,4/5/2024 5:26,4/5/2024 6:28,4/5/2024 7:11,4/5/2024 8:24,Y,Law Enforcement,US-301 N,,30.12346045,-82.04346611,2639,North,RICHARD MOSELY RD,,U.S.,Unpaved,Not at Intersection,N,Dark - Not Lighted,Clear,Dry,N,Other,Overturn/Rollover,Median,N,Non-Junction,None,,,None,,,N,,,,,TPR,Florida Highway Patrol,Florida Highway Patrol (FHP),4/13/2024 19:19,4/13/2024 19:19,8,Y,Rollover,Rollover,Serious Injury,Incapacitating Injury,NIGHT,N,N,N,N,N,N,N,Y,N,0,1,0,0,1,0,0,0,0,0,0,0,0,0,1,0,0,0,0,0,0,0,0,0,0,N,0,0,N,0,0,1,0,0,0,1,7000,7000,1,0,0,Preliminary,Editor Mapped,399315.1774,3332544.909,30.12001448,-82.04516291
25967048,2024,4/5/2024 19:05,4/5/2024 0:00,2024-00038132,L,1,1,41,0,Nassau,Unincorporated,Rural,4/5/2024 19:08,4/5/2024 19:09,4/5/2024 19:10,4/5/2024 19:31,Y,Law Enforcement,OLD DIXIE HWY,,,,202,East,ARLINE ROAD,,County,Unpaved,Not at Intersection,,Daylight,Clear,Dry,N,Other,Overturn/Rollover,On Roadway,N,Non-Junction,None,None,None,None,,,N,,,,,,Nassau County Sheriff's Office,Sheriff's Office (SO),4/13/2024 19:19,4/13/2024 19:19,8,Y,Rollover,Rollover,Serious Injury,Incapacitating Injury,NIGHT,N,N,N,N,N,Y,N,Y,N,0,1,0,0,1,0,0,0,0,1,0,0,0,0,1,0,0,0,0,0,0,0,1,1,0,N,0,0,N,0,0,2,0,0,0,1,1500,1500,1,0,0,Preliminary,Editor Mapped,418130.8813,3383825.131,30.58413135,-81.85387455
26215900,2024,12/11/2024 15:38,12/11/2024 0:00,2024026332,L,1,2,48,0,Clay,Unincorporated,Rural,12/11/2024 15:41,12/11/2024 15:43,12/11/2024 15:49,12/11/2024 18:25,Y,Law Enforcement,CAMP FRANCIS JOHNSON RD,,30.150644,-81.771682,171,West,HARRISON AVE,,Local,Unpaved,Not at Intersection,N,Daylight,Clear,Dry,N,,Overturn/Rollover,On Roadway,N,Non-Junction,None,,,None,,,N,,,,,DEPUTY,Clay County Sheriff's Office,Sheriff's Office (SO),12/17/2024 20:18,12/17/2024 20:18,6,Y,Rollover,Rollover,Serious Injury,Incapacitating Injury,DAY,N,N,N,N,N,N,N,N,N,0,2,0,0,2,0,0,0,0,0,0,0,0,0,1,0,1,1,0,0,0,0,0,0,0,N,0,0,N,0,0,2,0,0,0,1,1500,1500,2,0,0,Preliminary,Editor Mapped,425684.953,3335728.828,30.150638,-81.77167833
26280532,2024,6/1/2024 23:15,6/1/2024 23:53,FHP24ON0276381,L,2,5,20,0,St. Johns,Unincorporated,Rural,6/1/2024 23:20,6/1/2024 23:23,6/1/2024 23:36,6/2/2024 0:54,Y,Law Enforcement,STATE ROAD 207,,29.83958,-81.36761,0,,BRINKHOLL RD,,State,Curb,Four-Way Intersection,N,Dark - Lighted,Clear,Dry,N,Angle,Motor Vehicle in Transport,On Roadway,N,Intersection,None,,,None,,,N,,,,,TPR,Florida Highway Patrol,Florida Highway Patrol (FHP),6/17/2024 19:16,6/17/2024 19:16,16,Y,Right Angle,Angle,Serious Injury,Incapacitating Injury,NIGHT,N,N,N,N,N,N,Y,N,N,0,5,1,3,1,0,0,0,0,0,0,0,0,0,2,1,0,3,0,0,0,0,0,0,0,N,0,0,N,0,0,1,0,0,0,2,15000,15000,4,0,0,Preliminary,Editor Mapped,464500.3428,3301046.85,29.83940375,-81.3674801
89751454,2024,1/9/2024 6:42,1/9/2024 7:02,FHP24ON0013108,L,1,1,2,38,Duval,Jacksonville,Urban,1/9/2024 6:49,1/9/2024 6:50,1/9/2024 7:07,1/9/2024 7:46,Y,Law Enforcement,INTERSTATE 295 SOUTHBOUND,,30.33578,-81.76136,963,South,COMMONWEALTH ROAD,,Interstate,Paved,Not at Intersection,N,Dark - Lighted,Cloudy,Dry,N,Other,Motor Vehicle in Transport,On Roadway,N,Non-Junction,None,,,None,,,N,,,,,TPR,Florida Highway Patrol,Florida Highway Patrol (FHP),1/13/2024 19:19,1/13/2024 19:19,4,Y,Single Vehicle,Other,Serious Injury,Incapacitating Injury,NIGHT,N,N,N,N,N,N,N,N,N,0,1,0,0,1,0,0,0,0,0,0,0,0,0,1,0,0,0,0,0,0,0,0,0,0,N,0,0,N,0,0,0,0,0,0,1,10000,10000,1,0,0,Preliminary,Editor Mapped,426860.4318,3356500.543,30.33814229,-81.76091599
26328654,2024,5/1/2024 17:24,8/27/2024 16:43,FHP24ON0218476,L,5,5,2,38,Duval,Jacksonville,Urban,5/1/2024 17:29,5/1/2024 17:29,5/1/2024 17:29,5/1/2024 22:30,Y,Law Enforcement,INTERSTATE 295,,30.17216,-81.6131,2080,West,MM3,,Interstate,Paved,Not at Intersection,Y,Daylight,Clear,Dry,N,Front to Rear,Motor Vehicle in Transport,On Roadway,N,Non-Junction,None,,,None,,,N,,,,,TPR,Florida Highway Patrol,Florida Highway Patrol (FHP),5/16/2024 0:22,3/15/2025 19:30,15,Y,Rear End,Rear End,Fatality,Fatal (within 30 days),DAY,N,Y,N,N,Y,N,N,Y,N,3,1,1,0,0,1,1,0,0,0,0,0,0,0,5,0,0,0,0,0,0,0,0,0,0,N,0,0,N,0,0,0,0,0,0,5,25000,25000,1,0,0,Preliminary,Editor Mapped,440970.9013,3338020.019,30.17215061,-81.61308742
26346874,2024,5/5/2024 14:15,6/20/2024 12:26,FHP24ON0225594,L,2,3,48,44,Clay,Orange Park,Urban,5/5/2024 14:20,5/5/2024 14:22,5/5/2024 15:08,5/5/2024 20:23,Y,Law Enforcement,KINGSLEY AVENUE,,30.1658,-81.70655,0,,PLAINFIELD AVENUE,,Local,Paved,Four-Way Intersection,Y,Daylight,Cloudy,Dry,N,Angle,Motor Vehicle in Transport,On Roadway,Y,Intersection,None,,,None,,,N,,,,,TPR,Florida Highway Patrol,Florida Highway Patrol (FHP),5/21/2024 20:11,3/15/2025 19:30,16,Y,Left Entering,Left Turn,Fatality,Fatal (within 30 days),DAY,N,Y,N,N,Y,N,Y,N,N,0,2,2,0,0,1,1,0,0,1,0,0,0,0,2,1,0,1,0,0,0,0,1,0,1,N,0,0,N,0,0,0,0,0,0,2,31000,31000,3,0,0,Preliminary,Editor Mapped,431972.5322,3337369.546,30.16581095,-81.70649876
26113886,2024,3/12/2024 21:00,6/11/2024 7:41,158080,L,1,2,2,38,Duval,Jacksonville,Urban,3/12/2024 21:00,3/12/2024 21:00,3/12/2024 21:04,3/13/2024 0:17,Y,Law Enforcement,MOUNT PLEASANT RD,,30.35893707,-81.47479655,373,West,MAUVA JUAN AVE,,State,Curb,Not at Intersection,N,Dark - Lighted,Clear,Dry,N,Other,Pedestrian,On Roadway,N,Non-Junction,None,,,None,,,N,,,,,DETECTIVE,Jacksonville Sheriff's Office,Sheriff's Office (SO),3/17/2024 19:12,6/13/2024 1:18,5,Y,Pedestrian,Pedestrian,Fatality,Fatal (within 30 days),NIGHT,N,N,N,Y,N,N,N,N,N,1,0,0,0,0,1,1,0,0,0,0,1,0,1,1,0,0,0,0,0,0,0,0,0,0,Y,0,1,N,0,0,1,0,0,0,1,2000,2000,1,0,0,Preliminary,Editor Mapped,454372.7117,3358654.489,30.35893132,-81.47479335
25750969,2024,4/19/2024 16:22,4/19/2024 0:00,2024-000625,L,1,2,48,44,Clay,Orange Park,Urban,4/19/2024 16:22,4/19/2024 16:24,4/19/2024 16:29,4/19/2024 17:44,Y,Law Enforcement,US17 SR15 PARK AV,,,,357,North,LORING AV,,U.S.,Curb,Not at Intersection,N,Daylight,Clear,Dry,N,Other,Pedestrian,On Roadway,N,Non-Junction,None,,,None,,,Y,Advance Warning Area,Work on Shoulder or Median,N,N,,Orange Park Police Department,Police Department (PD),7/8/2024 23:25,7/8/2024 23:25,80,Y,Pedestrian,Pedestrian,Serious Injury,Incapacitating Injury,DAY,N,N,N,N,N,N,N,N,N,1,1,0,0,1,0,0,0,0,0,0,1,0,1,1,1,0,0,0,0,0,0,0,0,0,Y,1,0,N,0,0,0,0,0,0,1,3000,3000,1,0,0,Preliminary,Editor Mapped,432451.5374,3339105.237,30.18149999,-81.70163532
89756372,2024,2/17/2024 2:13,2/17/2024 3:15,FHP24ON0080725,L,1,1,2,38,Duval,Jacksonville,Urban,2/17/2024 2:23,2/17/2024 2:29,2/17/2024 2:42,2/17/2024 4:15,Y,Law Enforcement,INTERSTATE 95,,30.26959,-81.61169,1423,North,UNIVERSITY BLVD,,Interstate,Paved,Not at Intersection,N,Dark - Lighted,Rain,Wet,N,Other,Concrete Traffic Barrier,Median,N,Non-Junction,None,,,None,,,N,,,,,TPR,Florida Highway Patrol,Florida Highway Patrol (FHP),2/29/2024 1:32,2/29/2024 1:32,12,Y,Off Road,Off Road,Serious Injury,Incapacitating Injury,NIGHT,N,N,N,N,N,N,N,Y,N,0,1,0,0,1,0,0,0,0,0,0,0,0,0,1,0,0,0,1,1,1,0,0,0,0,N,0,0,N,0,0,2,0,0,0,1,5000,5000,1,0,0,Preliminary,Editor Mapped,440714.8922,3349456.8,30.27534115,-81.6163895