REPORT_NUMBER,CRASH_YEAR,CRASH_DATE_AND_TIME,REPORT_DATE_AND_TIME,INVESTIGATING_AGENCY_REPORT_NUMBER,FORM_TYPE,TOTAL_NUMBER_OF_VEHICLES,TOTAL_NUMBER_OF_PERSONS,COUNTY_CODE,CITY_CODE,COUNTY_NAME,CITY_NAME,RURAL_OR_URBAN,NOTIFIED_TIME,DISPATCHED_TIME,ARRIVED_TIME,CLEARED_TIME,COMPLETED_FLAG,NOTIFIED_BY,ON_STREET_ROAD_HIGHWAY,STREET_ADDRESS_NUMBER,LATITUDE,LONGITUDE,FEET_FROM_INTERSECTION,DIRECTION_FROM_INTERSECTION,FROM_INTERSECTION_OF,MILEPOST_NUMBER,ROAD_SYSTEM_IDENTIFER,TYPE_OF_SHOULDER,TYPE_OF_INTERSECTION,PHOTOS_TAKEN,LIGHT_CONDITION,WEATHER_CONDITION,ROAD_SURFACE_CONDITION,SCHOOL_BUS_RELATED_CODE,TYPE_OF_IMPACT,FIRST_HARMFUL_EVENT,LOCATION,INTERCHANGE_FLAG,JUNCTION_FLAG,ROAD_CIRCUMSTANCES_1,ROAD_CIRCUMSTANCES_2,ROAD_CIRCUMSTANCES_3,ENVIRONMENT_CIRCUMSTANCES_1,ENVIRONMENT_CIRCUMSTANCES_2,ENVIRONMENT_CIRCUMSTANCES_3,WORK_ZONE_RELATED_FLAG,CRASH_IN_WORK_ZONE,TYPE_OF_WORK_ZONE,WORKERS_PRESENT,LAW_ENFORCEMENT_PRESENT,INVESTIGATOR_RANK,INVESTIGATING_AGENCY_NAME,INVESTIGATING_AGENCY_TYPE,LOAD_DATE,UPDATE_DATE,DAYS_TO_LOAD,CODEABLE,S4_CRASH_TYPE,S4_CRASH_TYPE_SIMPLIFIED,S4_CRASH_SEVERITY,S4_CRASH_SEVERITY_DETAIL,S4_DAY_OR_NIGHT,S4_IS_AGGRESSIVE_DRIVING,S4_IS_ALCOHOL_RELATED,S4_IS_CMV_INVOLVED,S4_IS_DISTRACTED,S4_IS_DRUG_RELATED,S4_IS_HIT_AND_RUN,S4_IS_INTERSECTION_RELATED,S4_IS_LANE_DEPARTURE_RELATED,S4_IS_SPEEDING_RELATED,S4_NONE_INJURY_COUNT,S4_INJURY_COUNT,S4_POSSIBLE_INJURY_COUNT,S4_NON_INCAPACITATING_INJURY_COUNT,S4_INCAPACITATING_INJURY_COUNT,S4_FATALITY_COUNT,S4_FATALITY_WITHIN_30_DAYS_COUNT,S4_NON_TRAFFIC_FATALITY_COUNT,S4_TRAILER_COUNT,S4_MOTORCYCLE_COUNT,S4_MOPED_COUNT,S4_NON_MOTORIST_COUNT,S4_BICYCLIST_COUNT,S4_PEDESTRIAN_COUNT,S4_DRIVER_COUNT,S4_AGING_DRIVER_COUNT,S4_TEENAGER_DRIVER_COUNT,S4_PASSENGER_COUNT,S4_UNRESTRAINED_COUNT,S4_UNRESTRAINED_INJURY_COUNT,S4_UNRESTRAINED_INCAPACITATING_INJURY_COUNT,S4_UNRESTRAINED_FATALITY_COUNT,S4_MOTORCYCLIST_COUNT,S4_MOTORCYCLIST_INCAPACITATING_INJURY_COUNT,S4_MOTORCYCLIST_FATALITY_COUNT,S4_IS_PEDESTRIAN_INVOLVED,S4_PEDESTRIAN_INCAPACITATING_INJURY_COUNT,S4_PEDESTRIAN_FATALITY_COUNT,S4_IS_BICYCLIST_INVOLVED,S4_BICYCLIST_INCAPACITATING_INJURY_COUNT,S4_BICYCLIST_FATALITY_COUNT,S4_CITATION_COUNT,S4_CITATION_AMOUNT,S4_PROPERTY_DAMAGE_COUNT,S4_PROPERTY_DAMAGE_AMOUNT,S4_VEHICLE_DAMAGE_COUNT,S4_VEHICLE_DAMAGE_AMOUNT,S4_TOTAL_DAMAGE_AMOUNT,S4_TRANSPORT_BY_EMS_COUNT,S4_TRANSPORT_BY_LAW_ENFORCEMENT_COUNT,S4_TRANSPORT_BY_OTHER_COUNT,S4_GEOLOCATION_STATUS,S4_PRELIMINARY_GEOLOCATION_STATUS,S4_X,S4_Y,S4_LATITUDE,S4_LONGITUDE
26425371,2024,11/20/2024 21:32,11/20/2024 22:30,FHP24ON0586520,L,1,1,2,38,Duval,Jacksonville,Urban,11/20/2024 21:37,11/20/2024 21:58,11/20/2024 22:11,11/21/2024 0:19,N,Law Enforcement,INTERSTATE 95 NORTHBOUND,,30.31917,-81.68104,2566,West,PARK STREET,,Interstate,Paved,Not at Intersection,N,Dark - Lighted,Clear,Dry,N,Other,Overturn/Rollover,On Roadway,Y,Entrance/Exit Ramp,None,,,None,,,N,,,,,TPR,Florida Highway Patrol,Florida Highway Patrol (FHP),12/14/2024 19:25,12/14/2024 19:25,24,Y,Rollover,Rollover,Serious Injury,Incapacitating Injury,NIGHT,N,N,N,N,N,N,N,Y,N,0,1,0,0,1,0,0,0,0,1,0,0,0,0,1,0,0,0,0,0,0,0,1,1,0,N,0,0,N,0,0,0,0,0,0,1,7500,7500,1,0,0,Preliminary,Editor Mapped,434625.2425,3354265.709,30.3184213,-81.67999961
26190263,2024,6/2/2024 2:22,6/2/2024 0:00,2024-00057814,L,1,1,41,0,Nassau,Unincorporated,Rural,6/2/2024 2:22,6/2/2024 2:23,6/2/2024 2:38,6/2/2024 3:22,Y,Law Enforcement,OLD NASSAUVILLE ROAD,,,,269,North,MERLIN DRIVE,,County,Unpaved,Not at Intersection,,Dark - Not Lighted,Clear,Dry,N,Other,Motor Vehicle in Transport,Off Roadway,N,Non-Junction,None,,,None,,,N,,,,,Dep.,Nassau County Sheriff's Office,Sheriff's Office (SO),6/18/2024 19:53,6/18/2024 19:53,16,Y,Single Vehicle,Other,Serious Injury,Incapacitating Injury,NIGHT,Y,N,N,N,N,N,N,Y,Y,0,1,0,0,1,0,0,0,0,1,0,0,0,0,1,0,0,0,0,0,0,0,1,1,0,N,0,0,N,0,0,0,0,0,0,1,15000,15000,1,0,0,Preliminary,Editor Mapped,448284.5483,3380051.269,30.5517615,-81.53920607
26111869,2024,6/15/2024 19:45,6/15/2024 20:17,368512,L,2,1,2,38,Duval,Jacksonville,Urban,6/15/2024 19:55,6/15/2024 19:55,6/15/2024 20:00,6/15/2024 21:01,N,Law Enforcement,MONCRIEF RD W,,30.38864308,-81.71847343,287,East,KEN KNIGHT DR W,,Local,Curb,Not at Intersection,N,Daylight,Clear,Dry,N,Other,Motor Vehicle in Transport,Shoulder,N,Non-Junction,None,,,None,,,N,,,,,OFFICER,Jacksonville Sheriff's Office,Sheriff's Office (SO),6/20/2024 19:23,6/20/2024 19:23,5,Y,Other,Other,Serious Injury,Incapacitating Injury,NIGHT,N,N,N,N,N,Y,N,N,N,0,1,0,0,1,0,0,0,0,0,0,0,0,0,1,0,0,0,0,0,0,0,0,0,0,N,0,0,N,0,0,0,0,0,0,1,10000,10000,1,0,0,Preliminary,Editor Mapped,430975.9239,3362069.723,30.38863734,-81.71847015
26290669,2024,6/1/2024 11:05,6/1/2024 12:07,FHP24ON0275186,L,1,2,48,0,Clay,Unincorporated,Rural,6/1/2024 11:10,6/1/2024 11:15,6/1/2024 12:00,6/1/2024 12:38,Y,Law Enforcement,STATE ROAD 16,,29.98329008,-81.75513906,273,West,STATE ROAD 23,,State,Curb,Not at Intersection,N,Daylight,Clear,Dry,N,Other,Pedestrian,Roadside,N,Non-Junction,None,,,None,,,Y,Activity Area,Work on Shoulder or Median,Y,N,TPR,Florida Highway Patrol,Florida Highway Patrol (FHP),6/7/2024 19:24,6/7/2024 19:24,6,Y,Pedestrian,Pedestrian,Serious Injury,Incapacitating Injury,DAY,N,N,N,N,N,N,N,N,N,1,1,0,0,1,0,0,0,0,0,0,1,0,1,1,0,0,0,0,0,0,0,0,0,0,Y,1,0,N,0,0,0,0,0,0,0,0,0,1,0,0,Preliminary,Editor Mapped,427154.906,3317196.956,29.98350023,-81.75514497
26044362,2024,4/21/2024 13:00,4/21/2024 13:33,SJSO24CAD087357,L,1,1,20,50,St. Johns,St. Augustine,Rural,4/21/2024 13:11,4/21/2024 13:12,4/21/2024 13:16,4/21/2024 14:36,Y,Law Enforcement,US 1,,29.98586,-81.36812,1925,South,CR 312,,U.S.,Paved,Not at Intersection,N,Daylight,Clear,Dry,N,Other,Other Non-Collision,On Roadway,N,Non-Junction,None,,,None,,,N,,,,,LE DEPUTY,St. Johns County Sheriff's Office,Sheriff's Office (SO),4/22/2024 19:36,4/22/2024 19:36,1,Y,Single Vehicle,Other,Serious Injury,Incapacitating Injury,DAY,N,N,N,N,N,N,N,N,N,0,1,0,0,1,0,0,0,0,1,0,0,0,0,1,0,0,0,0,0,0,0,1,1,0,N,0,0,N,0,0,0,0,0,0,1,1000,1000,1,0,0,Preliminary,Editor Mapped,464484.2627,3317277.525,29.98587773,-81.36818496
26359662,2024,5/28/2024 18:40,7/17/2024 7:40,FHP24ON0268509,L,2,3,41,60,Nassau,Yulee,Urban,5/28/2024 18:44,5/28/2024 18:47,5/28/2024 19:05,5/29/2024 0:43,Y,Law Enforcement,US HIGHWAY 17,,30.66438894,-81.63593131,2492,South,QUAIL RIDGE ROAD,,U.S.,Paved,Not at Intersection,Y,Daylight,Clear,Dry,N,Front to Front,Motor Vehicle in Transport,On Roadway,N,Non-Junction,None,,,None,,,N,,,,,TPR,Florida Highway Patrol,Florida Highway Patrol (FHP),6/14/2024 19:33,7/29/2024 19:29,17,Y,Head On,Head On,Fatality,Fatal (within 30 days),DAY,N,Y,N,N,Y,N,N,Y,N,0,1,1,0,0,2,2,0,0,0,0,0,0,0,2,0,0,1,2,0,0,2,0,0,0,N,0,0,N,0,0,0,0,0,0,2,60000,60000,1,0,0,Preliminary,Editor Mapped,439068.6254,3392577.573,30.66435576,-81.63602856
25021814,2024,6/8/2024 21:35,7/22/2024 16:03,FHP24ON0288609,L,1,1,41,0,Nassau,Unincorporated,Rural,6/8/2024 21:44,6/8/2024 21:47,6/8/2024 22:32,6/9/2024 1:25,Y,Law Enforcement,17649 ANDREWS RD,,30.72663,-81.98511,,,ANDREWS ROAD,,Other,Unpaved,Other,Y,Dark - Not Lighted,Clear,"Mud, Dirt, Gravel",N,Other,Motor Vehicle in Transport,Off Roadway,N,Other,"Rut, Holes, Bumps",,,Unknown,,,N,,,,,CPL,Florida Highway Patrol,Florida Highway Patrol (FHP),6/13/2024 19:27,7/25/2024 2:26,5,Y,Single Vehicle,Other,Fatality,Fatal (within 30 days),NIGHT,N,Y,N,N,N,N,N,Y,N,0,0,0,0,0,1,1,0,0,0,0,0,0,0,1,0,0,0,0,0,0,0,0,0,0,N,0,0,N,0,0,0,0,0,0,1,1000,1000,0,0,0,Preliminary,Editor Mapped,405683.326,3399694.539,30.72639461,-81.98513535
26109257,2024,8/24/2024 2:15,8/24/2024 4:16,518489,L,1,1,2,38,Duval,Jacksonville,Urban,8/24/2024 2:17,8/24/2024 2:18,8/24/2024 2:41,8/24/2024 4:20,N,Law Enforcement,ARLINGTON EXPY,,30.32728445,-81.6009346,480,East,CESERY BLVD,,State,Curb,Not at Intersection,N,Dark - Lighted,Rain,Wet,N,Unknown,Concrete Traffic Barrier,On Roadway,N,Unknown,Road Surface Condition,,,Weather Conditions,,,N,,,,,OFFICER,Jacksonville Sheriff's Office,Sheriff's Office (SO),8/25/2024 19:17,8/25/2024 19:17,1,Y,Off Road,Off Road,Serious Injury,Incapacitating Injury,NIGHT,N,N,N,N,N,N,N,Y,N,0,1,0,0,1,0,0,0,0,0,0,0,0,0,1,0,0,0,0,0,0,0,0,0,0,N,0,0,N,0,0,0,0,0,0,1,10000,10000,1,0,0,Preliminary,Editor Mapped,442232.1608,3355204.36,30.32727871,-81.60093136
26354170,2024,10/16/2024 7:30,2/5/2025 13:33,FHP24ON0521803,L,2,2,20,0,St. Johns,Unincorporated,Rural,10/16/2024 7:35,10/16/2024 7:38,10/16/2024 7:45,10/16/2024 12:38,Y,Law Enforcement,SR-207,,29.81930153,-81.38429405,0,,CYPRESS LINKS BLVD,,State,Curb,Four-Way Intersection,Y,Daylight,Clear,Dry,N,Angle,Motor Vehicle in Transport,On Roadway,N,Intersection,None,,,None,,,N,,,,,TPR,Florida Highway Patrol,Florida Highway Patrol (FHP),11/9/2024 19:29,2/7/2025 20:01,24,Y,Right Angle,Angle,Fatality,Fatal (within 30 days),DAY,N,Y,N,N,Y,N,Y,N,N,0,1,0,1,0,1,1,0,0,0,0,0,0,0,2,0,0,0,0,0,0,0,0,0,0,N,0,0,N,0,0,0,0,1,750,2,20000,20750,2,0,0,Preliminary,Computer mapped approximate by address,462856.7172,3298813.964,29.81920433,-81.38441689
25838415,2024,1/9/2024 6:55,1/9/2024 7:12,SAPD24OFF000067,L,2,2,20,50,St. Johns,St. Augustine,Urban,1/9/2024 6:59,1/9/2024 7:00,1/9/2024 7:01,1/9/2024 7:32,Y,Law Enforcement,A1A,,29.89956,-81.3146,0,,S. CASTILLO,,Local,Curb,Four-Way Intersection,N,Dark - Lighted,Rain,Wet,N,Angle,Motor Vehicle in Transport,On Roadway,Y,Intersection,Road Surface Condition,,,Weather Conditions,,,N,,,,,SERGEANT,St. Augustine Police Department,Police Department (PD),1/16/2024 19:43,1/16/2024 19:43,7,Y,Left Rear,Left Turn,Serious Injury,Incapacitating Injury,NIGHT,N,N,N,N,N,N,Y,N,N,1,1,0,0,1,0,0,0,0,0,1,0,0,0,2,0,0,0,0,0,0,0,0,0,0,N,0,0,N,0,0,2,0,0,0,1,500,500,1,0,0,Preliminary,Editor Mapped,469624.7588,3307698.386,29.89956849,-81.31462295
26043574,2024,8/24/2024 18:55,8/24/2024 19:16,SJSO24CAD187788,L,2,2,20,46,St. Johns,Ponte Vedra,Rural,8/24/2024 18:57,8/24/2024 18:58,8/24/2024 19:03,8/24/2024 20:07,Y,Law Enforcement,VALLEY RIDGE BLVD,,30.09864,-81.4525,283,East,GREENLEAF DR,,Local,Curb,Not at Intersection,N,Daylight,Clear,Dry,N,Other,Other Non-Collision,On Roadway,N,Non-Junction,None,,,None,,,N,,,,,LE DEPUTY,St. Johns County Sheriff's Office,Sheriff's Office (SO),8/25/2024 19:17,8/25/2024 19:17,1,Y,Other,Other,Serious Injury,Incapacitating Injury,DAY,N,N,N,N,N,N,N,Y,N,1,1,0,0,1,0,0,0,0,0,0,0,0,0,2,0,1,0,1,1,1,0,0,0,0,N,0,0,N,0,0,0,0,0,0,1,750,750,1,0,0,Preliminary,Editor Mapped,456466.3317,3329868.712,30.09924539,-81.4518187
89702669,2024,2/9/2024 15:29,3/27/2024 12:56,FHP24ON0068132,L,1,1,41,0,Nassau,Unincorporated,Rural,2/9/2024 15:34,2/9/2024 15:46,2/9/2024 16:04,2/9/2024 18:50,Y,Law Enforcement,MIDDLE ROAD,,30.66298488,-81.78697097,79,South,DRY CREEK ROAD,,County,Paved,Not at Intersection,Y,Daylight,Clear,Dry,N,Other,Other Non-Collision,Off Roadway,N,Non-Junction,None,,,None,,,N,,,,,CPL,Florida Highway Patrol,Florida Highway Patrol (FHP),2/16/2024 19:22,3/30/2024 19:17,7,Y,Single Vehicle,Other,Fatality,Fatal (within 30 days),DAY,N,Y,N,N,Y,N,N,Y,N,0,0,0,0,0,1,1,0,0,0,0,0,0,0,1,0,0,0,0,0,0,0,0,0,0,N,0,0,N,0,0,0,0,0,0,1,5000,5000,0,0,0,Preliminary,Editor Mapped,424645.5423,3392377.427,30.66172586,-81.78655762
84888251,2024,1/10/2024 23:30,3/18/2024 13:11,FHP24ON0016523,L,1,1,2,38,Duval,Jacksonville,Urban,1/10/2024 23:36,1/10/2024 23:37,1/10/2024 23:45,1/11/2024 5:55,Y,Law Enforcement,I-95,,30.15063251,-81.54643263,2355,North,OLD ST AUGUSTINE ROAD,,Interstate,Paved,Not at Intersection,Y,Dark - Lighted,Clear,Dry,N,Other,Tree (standing),Off Roadway,N,Non-Junction,None,,,None,,,N,,,,,CPL,Florida Highway Patrol,Florida Highway Patrol (FHP),1/18/2024 19:24,3/19/2024 20:02,8,Y,Off Road,Off Road,Fatality,Fatal (within 30 days),NIGHT,N,N,N,Y,Y,N,N,Y,N,0,0,0,0,0,1,1,0,0,0,0,0,0,0,1,0,0,0,0,0,0,0,0,0,0,N,0,0,N,0,0,0,0,0,0,1,10000,10000,0,0,1,Preliminary,Editor Mapped,447677.6751,3335019.157,30.14537788,-81.54328391
26110291,2024,4/5/2024 9:23,5/20/2024 10:22,209312,L,1,1,2,38,Duval,Jacksonville,Urban,4/5/2024 9:24,4/5/2024 9:24,4/5/2024 9:30,4/5/2024 15:15,Y,Law Enforcement,YELLOW BLUFF RD,,30.47555343,-81.57735828,158,North,DIZZY LN,,Local,Paved,Not at Intersection,Y,Daylight,Clear,Dry,N,Other,Mailbox,Off Roadway,N,Non-Junction,None,,,None,,,N,,,,,DETECTIVE,Jacksonville Sheriff's Office,Sheriff's Office (SO),4/6/2024 19:23,4/7/2024 19:13,1,Y,Off Road,Off Road,Fatality,Fatal (within 30 days),DAY,N,Y,N,N,N,N,N,Y,N,0,0,0,0,0,1,1,0,0,0,0,0,0,0,1,0,0,0,0,0,0,0,0,0,0,N,0,0,N,0,0,0,0,3,2000,1,10000,12000,1,0,0,Preliminary,Editor Mapped,444573.3978,3371653.154,30.47581564,-81.57745034
26323433,2024,4/7/2024 22:31,5/13/2024 13:05,FHP24ON0175527,L,1,2,48,0,Clay,Unincorporated,Rural,4/7/2024 22:36,4/7/2024 22:43,4/7/2024 22:49,4/8/2024 3:52,Y,Law Enforcement,SR-21,,30.1760543,-81.74421179,93,South,WOODSIDE DR,,State,Paved,Not at Intersection,Y,Dark - Lighted,Clear,Dry,N,Other,Pedestrian,On Roadway,N,Non-Junction,None,,,None,,,N,,,,,TPR,Florida Highway Patrol,Florida Highway Patrol (FHP),4/16/2024 20:03,5/16/2024 0:22,9,Y,Pedestrian,Pedestrian,Fatality,Fatal (within 30 days),NIGHT,N,Y,N,N,Y,N,N,N,N,1,0,0,0,0,1,1,0,0,0,0,1,0,1,1,0,0,0,0,0,0,0,0,0,0,Y,0,1,N,0,0,0,0,0,0,1,4000,4000,1,0,0,Preliminary,Editor Mapped,428340.6806,3338510.928,30.17590185,-81.74429212
25135005,2024,4/27/2024 19:12,4/27/2024 19:54,260123,L,3,3,2,38,Duval,Jacksonville,Urban,4/27/2024 19:12,4/27/2024 19:12,4/27/2024 19:22,4/27/2024 20:15,Y,Law Enforcement,WATER ST,,30.32671,-81.66676488,0,,ACOSTA BRG/SR-13/RIVERSIDE AVE/SR-21,,Local,Curb,Four-Way Intersection,N,Daylight,Cloudy,Dry,N,"Sideswipe, Same Direction",Motor Vehicle in Transport,On Roadway,N,Non-Junction,None,,,None,,,N,,,,,OFFICER,Jacksonville Sheriff's Office,Sheriff's Office (SO),4/29/2024 19:33,4/29/2024 19:33,2,Y,Same Direction Sideswipe,Sideswipe,Serious Injury,Incapacitating Injury,NIGHT,N,N,N,Y,N,N,N,Y,N,1,2,1,0,1,0,0,0,0,0,0,0,0,0,3,2,0,0,0,0,0,0,0,0,0,N,0,0,N,0,0,1,0,0,0,3,7000,7000,1,0,0,Preliminary,Editor Mapped,435904.6396,3355184.241,30.32677821,-81.66674877
89761012,2024,4/14/2024 23:10,5/24/2024 11:15,FHP24ON0187917,L,2,3,20,0,St. Johns,Unincorporated,Rural,4/14/2024 23:19,4/14/2024 23:20,4/14/2024 23:25,4/15/2024 2:15,Y,Law Enforcement,INTERSTATE 95,,29.78826,-81.36258,12727,South,MM 308,,Interstate,Paved,Not at Intersection,N,Dark - Not Lighted,Clear,Dry,N,Front to Rear,Motor Vehicle in Transport,On Roadway,N,Non-Junction,None,,,None,,,N,,,,,TPR,Florida Highway Patrol,Florida Highway Patrol (FHP),4/28/2024 19:14,5/26/2024 19:15,14,Y,Rear End,Rear End,Serious Injury,Incapacitating Injury,NIGHT,N,N,N,N,N,N,N,Y,N,2,1,0,0,1,0,0,0,0,1,0,0,0,0,2,0,0,1,0,0,0,0,1,1,0,N,0,0,N,0,0,0,0,0,0,2,5500,5500,0,0,1,Preliminary,Editor Mapped,464937.8801,3295369.68,29.78818162,-81.36276595
26104144,2024,4/25/2024 15:55,4/25/2024 16:53,255580,L,3,3,2,38,Duval,Jacksonville,Urban,4/25/2024 15:57,4/25/2024 16:19,4/25/2024 16:32,4/25/2024 18:43,Y,Law Enforcement,KERNAN BLVD S,,30.3166538,-81.48920327,1016,South,VISTA POINT CIR,,Local,Paved,Four-Way Intersection,N,Daylight,Clear,Dry,N,Front to Rear,Motor Vehicle in Transport,On Roadway,N,Non-Junction,None,,,None,,,N,,,,,OFFICER,Jacksonville Sheriff's Office,Sheriff's Office (SO),4/27/2024 19:20,4/27/2024 19:20,2,Y,Rear End,Rear End,Serious Injury,Incapacitating Injury,DAY,Y,N,N,N,N,N,N,N,N,2,1,0,0,1,0,0,0,0,0,0,0,0,0,3,0,0,0,0,0,0,0,0,0,0,N,0,0,N,0,0,1,0,0,0,3,3100,3100,1,0,0,Preliminary,Editor Mapped,452965.7155,3353950.551,30.31642985,-81.48922288
26377428,2024,9/22/2024 13:15,5/6/2025 11:55,FHP24ON0477128,L,3,3,48,0,Clay,Unincorporated,Rural,9/22/2024 13:18,9/22/2024 13:20,9/22/2024 13:34,9/22/2024 15:46,Y,Law Enforcement,US HIGHWAY 17,,30.10558,-81.70535,78,South,EAGLE HARBOR PARKWAY,,U.S.,Unpaved,Not at Intersection,Y,Daylight,Clear,Dry,N,Front to Rear,Motor Vehicle in Transport,On Roadway,N,Non-Junction,None,,,None,,,N,,,,,CPL,Florida Highway Patrol,Florida Highway Patrol (FHP),10/3/2024 19:30,5/9/2025 19:36,11,Y,Rear End,Rear End,Fatality,Fatal (within 30 days),DAY,N,N,N,N,N,N,N,N,N,0,2,0,2,0,1,1,0,0,1,0,0,0,0,3,0,0,0,0,0,0,0,1,0,1,N,0,0,N,0,0,1,0,0,0,3,16000,16000,3,0,0,Preliminary,Editor Mapped,432043.6202,3330669.257,30.10535328,-81.70533046
26828756,2024,10/30/2024 13:27,10/30/2024 13:49,664376,L,2,7,2,38,Duval,Jacksonville,Urban,10/30/2024 13:28,10/30/2024 13:28,10/30/2024 13:38,10/30/2024 13:50,Y,Law Enforcement,W BAY ST,,30.3273707,-81.66298875,0,,N PEARL ST,,Local,Curb,Not at Intersection,N,Daylight,Clear,Dry,N,Front to Rear,Motor Vehicle in Transport,On Roadway,N,Non-Junction,None,,,None,,,N,,,,,CSO,Jacksonville Sheriff's Office,Sheriff's Office (SO),10/31/2024 19:32,10/31/2024 19:32,1,Y,Rear End,Rear End,Serious Injury,Incapacitating Injury,DAY,N,N,Y,N,N,N,N,N,N,3,4,2,0,2,0,0,0,0,0,0,0,0,0,2,0,0,5,0,0,0,0,0,0,0,N,0,0,N,0,0,1,0,0,0,2,1400,1400,2,0,0,Preliminary,Editor Mapped,436273.2851,3355244.805,30.3273442,-81.66291785
26105171,2024,4/21/2024 19:54,4/21/2024 20:53,246714,L,2,4,2,38,Duval,Jacksonville,Urban,4/21/2024 19:57,4/21/2024 20:01,4/21/2024 20:06,4/21/2024 22:15,Y,Law Enforcement,BEACH BLVD,,30.28730061,-81.48936533,0,,KERNAN BLVD S RAMP,,U.S.,Curb,Four-Way Intersection,N,Dusk,Cloudy,Dry,N,Angle,Motor Vehicle in Transport,On Roadway,N,Intersection,None,,,None,,,N,,,,,OFFICER,Jacksonville Sheriff's Office,Sheriff's Office (SO),4/23/2024 19:55,4/23/2024 19:55,2,Y,Left Entering,Left Turn,Serious Injury,Incapacitating Injury,NIGHT,N,N,N,Y,N,N,Y,N,N,2,2,0,1,1,0,0,0,0,0,0,0,0,0,2,0,0,2,0,0,0,0,0,0,0,N,0,0,N,0,0,3,0,0,0,2,30000,30000,1,0,0,Preliminary,Editor Mapped,452936.4614,3350718.233,30.28726071,-81.48938226
89689400,2024,6/11/2024 8:14,6/11/2024 9:27,FHP24ON0292471,L,1,6,48,0,Clay,Unincorporated,Rural,6/11/2024 8:19,6/11/2024 8:23,6/11/2024 8:57,6/11/2024 9:50,Y,Law Enforcement,COUNTY ROAD 209,,30.03736,-81.7304,1058,West,WATKINS RD,,County,Unpaved,Not at Intersection,N,Daylight,Cloudy,Dry,N,Other,Pedestrian,On Roadway,N,Non-Junction,None,,,None,,,Y,Advance Warning Area,Work on Shoulder or Median,Y,N,TPR,Florida Highway Patrol,Florida Highway Patrol (FHP),6/17/2024 19:16,6/17/2024 19:16,6,Y,Pedestrian,Pedestrian,Serious Injury,Incapacitating Injury,DAY,N,N,N,N,N,N,N,N,N,5,1,0,0,1,0,0,0,0,0,0,1,0,1,1,0,0,4,3,0,0,0,0,0,0,Y,1,0,N,0,0,0,0,0,0,1,300,300,1,0,0,Preliminary,Editor Mapped,429361.4427,3323385.15,30.03947077,-81.73268291
26840988,2024,12/12/2024 6:37,2/25/2025 7:17,752925,L,1,2,2,38,Duval,Jacksonville,Urban,12/12/2024 6:38,12/12/2024 6:38,12/12/2024 6:53,12/12/2024 9:29,Y,Law Enforcement,PECAN PARK RD,,30.5176373,-81.62557145,761,West,SEWELL RD,,Local,Unpaved,Not at Intersection,Y,Dark - Not Lighted,Clear,Dry,N,Front to Rear,Pedalcycle,On Roadway,N,Non-Junction,None,,,None,,,N,,,,,DETECTIVE,Jacksonville Sheriff's Office,Sheriff's Office (SO),12/13/2024 20:04,2/26/2025 19:34,1,Y,Bicycle,Bicycle,Fatality,Fatal (within 30 days),NIGHT,N,N,N,N,N,N,N,N,N,1,0,0,0,0,1,1,0,0,0,0,1,1,0,1,0,0,0,0,0,0,0,0,0,0,N,0,0,Y,0,1,0,0,1,150,1,5000,5150,0,0,0,Preliminary,Officer Mapped,439980.3936,3376311.769,30.5176315,-81.6255682
25680758,2024,6/22/2024 22:20,8/13/2024 14:23,383494,L,2,3,2,38,Duval,Jacksonville,Urban,6/22/2024 22:21,6/22/2024 22:21,6/22/2024 22:24,6/23/2024 1:46,Y,Law Enforcement,RAMPART RD,,30.21494115,-81.76442604,0,,BEAR CREEK DR,,Local,Paved,T-Intersection,Y,Dark - Lighted,Clear,Wet,N,Front to Rear,Motor Vehicle in Transport,On Roadway,Y,Other,None,,,None,,,N,,,,,DETECTIVE,Jacksonville Sheriff's Office,Sheriff's Office (SO),6/23/2024 19:12,8/15/2024 1:20,1,Y,Rear End,Rear End,Serious Injury,Incapacitating Injury,NIGHT,N,N,N,N,Y,N,N,N,N,1,2,0,0,2,0,0,0,0,1,0,0,0,0,2,0,1,1,0,0,0,0,2,2,0,N,0,0,N,0,0,2,0,0,0,2,32000,32000,2,0,0,Preliminary,Editor Mapped,426431.3041,3342849.195,30.21493435,-81.76442483
26344527,2024,4/22/2024 21:52,4/22/2024 22:53,FHP24ON0202644,L,1,2,48,0,Clay,Unincorporated,Rural,4/22/2024 21:57,4/22/2024 22:09,4/22/2024 22:23,4/22/2024 23:27,Y,Law Enforcement,INDIGO AVENUE,,30.04973,-81.91624,0,,DANDELION STREET,,Local,Unpaved,T-Intersection,N,Dark - Not Lighted,Clear,Dry,N,Other,Overturn/Rollover,On Roadway,N,Intersection,None,,,None,,,N,,,,,TPR,Florida Highway Patrol,Florida Highway Patrol (FHP),5/6/2024 19:33,5/6/2024 19:33,14,Y,Rollover,Rollover,Serious Injury,Incapacitating Injury,NIGHT,N,N,N,N,N,N,Y,N,N,0,2,0,0,2,0,0,0,0,0,0,0,0,0,1,0,0,1,0,0,0,0,0,0,0,N,0,0,N,0,0,1,0,0,0,1,5000,5000,2,0,0,Preliminary,Editor Mapped,411673.7907,3324647.409,30.04971094,-81.91623136