REPORT_NUMBER,CRASH_YEAR,CRASH_DATE_AND_TIME,REPORT_DATE_AND_TIME,INVESTIGATING_AGENCY_REPORT_NUMBER,FORM_TYPE,TOTAL_NUMBER_OF_VEHICLES,TOTAL_NUMBER_OF_PERSONS,COUNTY_CODE,CITY_CODE,COUNTY_NAME,CITY_NAME,RURAL_OR_URBAN,NOTIFIED_TIME,DISPATCHED_TIME,ARRIVED_TIME,CLEARED_TIME,COMPLETED_FLAG,NOTIFIED_BY,ON_STREET_ROAD_HIGHWAY,STREET_ADDRESS_NUMBER,LATITUDE,LONGITUDE,FEET_FROM_INTERSECTION,DIRECTION_FROM_INTERSECTION,FROM_INTERSECTION_OF,MILEPOST_NUMBER,ROAD_SYSTEM_IDENTIFER,TYPE_OF_SHOULDER,TYPE_OF_INTERSECTION,PHOTOS_TAKEN,LIGHT_CONDITION,WEATHER_CONDITION,ROAD_SURFACE_CONDITION,SCHOOL_BUS_RELATED_CODE,TYPE_OF_IMPACT,FIRST_HARMFUL_EVENT,LOCATION,INTERCHANGE_FLAG,JUNCTION_FLAG,ROAD_CIRCUMSTANCES_1,ROAD_CIRCUMSTANCES_2,ROAD_CIRCUMSTANCES_3,ENVIRONMENT_CIRCUMSTANCES_1,ENVIRONMENT_CIRCUMSTANCES_2,ENVIRONMENT_CIRCUMSTANCES_3,WORK_ZONE_RELATED_FLAG,CRASH_IN_WORK_ZONE,TYPE_OF_WORK_ZONE,WORKERS_PRESENT,LAW_ENFORCEMENT_PRESENT,INVESTIGATOR_RANK,INVESTIGATING_AGENCY_NAME,INVESTIGATING_AGENCY_TYPE,LOAD_DATE,UPDATE_DATE,DAYS_TO_LOAD,CODEABLE,S4_CRASH_TYPE,S4_CRASH_TYPE_SIMPLIFIED,S4_CRASH_SEVERITY,S4_CRASH_SEVERITY_DETAIL,S4_DAY_OR_NIGHT,S4_IS_AGGRESSIVE_DRIVING,S4_IS_ALCOHOL_RELATED,S4_IS_CMV_INVOLVED,S4_IS_DISTRACTED,S4_IS_DRUG_RELATED,S4_IS_HIT_AND_RUN,S4_IS_INTERSECTION_RELATED,S4_IS_LANE_DEPARTURE_RELATED,S4_IS_SPEEDING_RELATED,S4_NONE_INJURY_COUNT,S4_INJURY_COUNT,S4_POSSIBLE_INJURY_COUNT,S4_NON_INCAPACITATING_INJURY_COUNT,S4_INCAPACITATING_INJURY_COUNT,S4_FATALITY_COUNT,S4_FATALITY_WITHIN_30_DAYS_COUNT,S4_NON_TRAFFIC_FATALITY_COUNT,S4_TRAILER_COUNT,S4_MOTORCYCLE_COUNT,S4_MOPED_COUNT,S4_NON_MOTORIST_COUNT,S4_BICYCLIST_COUNT,S4_PEDESTRIAN_COUNT,S4_DRIVER_COUNT,S4_AGING_DRIVER_COUNT,S4_TEENAGER_DRIVER_COUNT,S4_PASSENGER_COUNT,S4_UNRESTRAINED_COUNT,S4_UNRESTRAINED_INJURY_COUNT,S4_UNRESTRAINED_INCAPACITATING_INJURY_COUNT,S4_UNRESTRAINED_FATALITY_COUNT,S4_MOTORCYCLIST_COUNT,S4_MOTORCYCLIST_INCAPACITATING_INJURY_COUNT,S4_MOTORCYCLIST_FATALITY_COUNT,S4_IS_PEDESTRIAN_INVOLVED,S4_PEDESTRIAN_INCAPACITATING_INJURY_COUNT,S4_PEDESTRIAN_FATALITY_COUNT,S4_IS_BICYCLIST_INVOLVED,S4_BICYCLIST_INCAPACITATING_INJURY_COUNT,S4_BICYCLIST_FATALITY_COUNT,S4_CITATION_COUNT,S4_CITATION_AMOUNT,S4_PROPERTY_DAMAGE_COUNT,S4_PROPERTY_DAMAGE_AMOUNT,S4_VEHICLE_DAMAGE_COUNT,S4_VEHICLE_DAMAGE_AMOUNT,S4_TOTAL_DAMAGE_AMOUNT,S4_TRANSPORT_BY_EMS_COUNT,S4_TRANSPORT_BY_LAW_ENFORCEMENT_COUNT,S4_TRANSPORT_BY_OTHER_COUNT,S4_GEOLOCATION_STATUS,S4_PRELIMINARY_GEOLOCATION_STATUS,S4_X,S4_Y,S4_LATITUDE,S4_LONGITUDE
26834951,2024,10/25/2024 7:51,10/25/2024 8:13,652922,L,2,5,2,38,Duval,Jacksonville,Urban,10/25/2024 7:51,10/25/2024 7:51,10/25/2024 8:00,10/25/2024 9:38,Y,Law Enforcement,CR 116 (SUNBEAM RD),,30.2059017,-81.60111472,29,East,ARMELLE WAY,,County,Curb,Not at Intersection,N,Daylight,Clear,Dry,N,Angle,Motor Vehicle in Transport,On Roadway,N,Driveway/Alley Access Related,None,,,None,,,N,,,,,CSO,Jacksonville Sheriff's Office,Sheriff's Office (SO),10/31/2024 19:32,10/31/2024 19:32,6,Y,Right Angle,Angle,Serious Injury,Incapacitating Injury,DAY,N,N,N,N,N,N,N,N,N,2,3,2,0,1,0,0,0,0,0,0,0,0,0,2,0,0,3,0,0,0,0,0,0,0,N,0,0,N,0,0,1,0,0,0,2,18000,18000,1,0,0,Preliminary,Editor Mapped,442144.5998,3341752.524,30.20588859,-81.60110224
89636967,2024,4/22/2024 11:53,4/22/2024 12:11,FHP24ON0201627,L,2,2,41,60,Nassau,Yulee,Urban,4/22/2024 11:58,4/22/2024 11:58,4/22/2024 11:58,4/22/2024 12:38,Y,Law Enforcement,STATE ROAD 200,,30.62885582,-81.55940309,202,East,GENE LASSERE BLVD,,State,Paved,Not at Intersection,N,Daylight,Cloudy,Dry,N,Front to Rear,Motor Vehicle in Transport,On Roadway,N,Non-Junction,None,,,None,,,N,,,,,TPR,Florida Highway Patrol,Florida Highway Patrol (FHP),5/6/2024 19:33,5/6/2024 19:33,14,Y,Rear End,Rear End,Serious Injury,Incapacitating Injury,DAY,N,N,N,N,N,N,N,N,N,1,1,0,0,1,0,0,0,0,0,0,0,0,0,2,0,0,0,0,0,0,0,0,0,0,N,0,0,N,0,0,1,0,0,0,2,14000,14000,1,0,0,Preliminary,Editor Mapped,446410.7037,3388597.657,30.62879632,-81.55918532
24318780,2024,8/23/2024 10:10,8/23/2024 13:58,SJSO24OFF008740,L,1,1,20,50,St. Johns,St. Augustine,Rural,8/23/2024 10:11,8/23/2024 10:14,8/23/2024 10:19,8/23/2024 13:05,Y,Law Enforcement,NORTHWOOD DRIVE,,29.88058,-81.35522,1471,West,SOUTH HOLMES BOULEVARD,,Local,Unpaved,Not at Intersection,Y,Daylight,Clear,Dry,N,Other,Guardrail Face,Off Roadway,N,Non-Junction,None,,,None,,,N,,,,,LE DEPUTY,St. Johns County Sheriff's Office,Sheriff's Office (SO),8/30/2024 19:46,8/30/2024 19:46,7,Y,Off Road,Off Road,Serious Injury,Incapacitating Injury,DAY,Y,N,N,N,N,N,N,Y,Y,0,1,0,0,1,0,0,0,0,1,0,0,0,0,1,0,0,0,0,0,0,0,1,1,0,N,0,0,N,0,0,0,0,1,2000,1,4000,6000,1,0,0,Preliminary,Editor Mapped,465643.5519,3305555.738,29.88012719,-81.35579049
26190294,2024,4/29/2024 12:48,4/29/2024 0:00,2024-00045847,L,4,9,41,0,Nassau,Unincorporated,Rural,4/29/2024 12:49,4/29/2024 12:50,4/29/2024 12:51,4/29/2024 15:15,Y,Law Enforcement,SR200,,,,255,East,WILDLIGHT AVE,,State,Curb,Not at Intersection,,Daylight,Clear,Dry,N,Front to Rear,Motor Vehicle in Transport,On Roadway,N,Non-Junction,None,,,None,,,N,,,,,Dep.,Nassau County Sheriff's Office,Sheriff's Office (SO),5/6/2024 19:33,5/6/2024 19:33,7,Y,Rear End,Rear End,Serious Injury,Incapacitating Injury,DAY,N,N,N,Y,N,N,N,N,N,4,5,3,0,2,0,0,0,1,0,0,0,0,0,4,1,0,5,3,2,2,0,0,0,0,N,0,0,N,0,0,3,0,0,0,4,30000,30000,1,0,0,Preliminary,Editor Mapped,438836.9765,3387971.75,30.62278482,-81.63817355
26107053,2024,5/24/2024 18:15,7/1/2024 14:11,320133,L,1,2,2,38,Duval,Jacksonville,Urban,5/24/2024 18:18,5/24/2024 18:22,5/24/2024 18:28,5/24/2024 20:38,Y,Law Enforcement,SAN JOSE BLVD (SR 13),10600,30.18672888,-81.62779425,270,North,3100 HARTLEY RD,,State,Paved,Not at Intersection,Y,Daylight,Clear,Dry,N,Angle,Pedestrian,On Roadway,N,Non-Junction,None,,,None,,,N,,,,,DETECTIVE,Jacksonville Sheriff's Office,Sheriff's Office (SO),5/25/2024 19:22,7/2/2024 19:59,1,Y,Pedestrian,Pedestrian,Fatality,Fatal (within 30 days),DAY,N,N,N,N,N,N,N,N,N,1,0,0,0,0,1,1,0,0,0,0,1,0,1,1,0,0,0,0,0,0,0,0,0,0,Y,0,1,N,0,0,0,0,0,0,1,1500,1500,1,0,0,Preliminary,Editor Mapped,439540.4926,3339590.372,30.18625094,-81.62803305
26826619,2024,11/24/2024 21:39,4/24/2025 12:28,718000,L,2,2,2,38,Duval,Jacksonville,Urban,11/24/2024 21:39,11/24/2024 21:53,11/24/2024 21:59,11/24/2024 23:00,Y,Law Enforcement,ARLINGTON EXPY,,30.32820873,-81.64181604,615,West,FAIRGROUND PL,,State,Paved,Not at Intersection,N,Dark - Lighted,Clear,Dry,N,Front to Front,Motor Vehicle in Transport,On Roadway,N,Non-Junction,None,,,None,,,N,,,,,OFFICER,Jacksonville Sheriff's Office,Sheriff's Office (SO),11/26/2024 20:29,4/26/2025 19:19,2,Y,Head On,Head On,Fatality,Fatal (within 30 days),NIGHT,N,Y,N,N,N,N,N,Y,N,0,1,1,0,0,1,1,0,0,0,0,0,0,0,2,0,0,0,0,0,0,0,0,0,0,N,0,0,N,0,0,2,0,0,0,2,20000,20000,2,0,0,Preliminary,Editor Mapped,438300.9805,3355319.376,30.32812231,-81.64183025
26046365,2024,8/22/2024 20:25,8/22/2024 21:32,SJSO24CAD186147,L,1,1,20,50,St. Johns,St. Augustine,Rural,8/22/2024 20:30,8/22/2024 20:32,8/22/2024 20:38,8/22/2024 21:05,Y,Law Enforcement,PRIVATE PROPERTY /  FIELD AT 499 AVILLA  AVE,,29.91004,-81.34517,,,,,Other,Unpaved,Not at Intersection,N,Dark - Not Lighted,Clear,Other,N,Other,Fell/Jumped From Motor Vehicle,Off Roadway,N,Non-Junction,None,,,None,,,N,,,,,LE DEPUTY,St. Johns County Sheriff's Office,Sheriff's Office (SO),8/29/2024 1:16,8/29/2024 1:16,7,Y,Single Vehicle,Other,Serious Injury,Incapacitating Injury,NIGHT,N,N,N,N,N,N,N,N,N,0,1,0,0,1,0,0,0,0,1,0,0,0,0,1,0,0,0,0,0,0,0,1,1,0,N,0,0,N,0,0,0,0,0,0,1,500,500,1,0,0,Preliminary,Editor Mapped,466663.0281,3308746.654,29.90895194,-81.34533237
26107771,2024,1/13/2024 16:04,1/13/2024 16:23,26693,L,3,7,2,38,Duval,Jacksonville,Urban,1/13/2024 16:05,1/13/2024 16:25,1/13/2024 16:30,1/13/2024 17:59,Y,Law Enforcement,COLLINS RD,,30.20414426,-81.75989072,586,West,STAR RUSH DR,,Local,Curb,Not at Intersection,N,Daylight,Clear,Dry,N,Front to Rear,Motor Vehicle in Transport,On Roadway,N,Non-Junction,None,,,None,,,N,,,,,OFFICER,Jacksonville Sheriff's Office,Sheriff's Office (SO),1/14/2024 19:11,1/14/2024 19:11,1,Y,Rear End,Rear End,Serious Injury,Incapacitating Injury,DAY,N,N,N,N,N,N,N,N,N,4,3,1,0,2,0,0,0,0,0,0,0,0,0,3,0,2,4,0,0,0,0,0,0,0,N,0,0,N,0,0,1,0,0,0,3,15500,15500,2,0,0,Preliminary,Editor Mapped,426860.0133,3341649.919,30.20413856,-81.75988744
24730206,2024,10/11/2024 18:37,10/11/2024 18:54,624753,L,1,2,2,38,Duval,Jacksonville,Urban,10/11/2024 18:39,10/11/2024 18:40,10/11/2024 18:48,10/11/2024 18:54,Y,Law Enforcement,W 44TH ST,,30.3712271,-81.66399169,0,,NORWOOD AVE,,Local,Paved,Four-Way Intersection,N,Daylight,Clear,Dry,N,Front to Front,Pedestrian,On Roadway,Y,Intersection,None,,,None,,,N,,,,,OFFICER,Jacksonville Sheriff's Office,Sheriff's Office (SO),10/14/2024 19:41,10/14/2024 19:41,3,Y,Pedestrian,Pedestrian,Serious Injury,Incapacitating Injury,DAY,N,N,N,N,N,N,Y,N,N,1,1,0,0,1,0,0,0,0,0,0,1,0,1,1,0,0,0,0,0,0,0,0,0,0,Y,1,0,N,0,0,5,0,0,0,1,1000,1000,1,0,0,Preliminary,Editor Mapped,436229.1963,3360111.957,30.37126074,-81.66367278
26316358,2024,4/25/2024 1:34,4/25/2024 3:50,FHP24ON0206299,L,1,2,2,38,Duval,Jacksonville,Urban,4/25/2024 1:38,4/25/2024 1:50,4/25/2024 2:13,5/2/2024 6:15,Y,Law Enforcement,NORMANDY BOULEVARD EASTBOUND,,30.25114,-81.88172,1716,East,NEW WORLD AVENUE,,State,Unpaved,Not at Intersection,N,Dark - Not Lighted,Cloudy,Dry,N,Other,Ditch,On Roadway,N,Non-Junction,None,,,None,,,N,,,,,TPR,Florida Highway Patrol,Florida Highway Patrol (FHP),5/4/2024 19:21,5/4/2024 19:21,9,Y,Off Road,Off Road,Serious Injury,Incapacitating Injury,NIGHT,N,N,N,N,N,N,N,Y,N,1,1,0,0,1,0,0,0,0,0,0,0,0,0,1,0,0,1,0,0,0,0,0,0,0,N,0,0,N,0,0,0,0,0,0,1,70000,70000,1,0,0,Preliminary,Editor Mapped,415172.504,3346938.211,30.2510961,-81.88172919
26398120,2024,8/21/2024 17:20,3/19/2025 9:54,FHP24ON0419617,L,5,5,2,38,Duval,Jacksonville,Urban,8/21/2024 17:50,8/21/2024 18:02,8/21/2024 18:31,8/21/2024 22:10,Y,Law Enforcement,STATE ROAD 115,,30.33011574,-81.6488532,1323,West,LIBERTY ST,,State,Curb,Not at Intersection,Y,Daylight,Clear,Dry,N,Other,Motor Vehicle in Transport,On Roadway,Y,Non-Junction,None,,,None,,,N,,,,,TPR,Florida Highway Patrol,Florida Highway Patrol (FHP),9/5/2024 19:29,3/20/2025 19:34,15,Y,Opposing Sideswipe,Sideswipe,Fatality,Fatal (within 30 days),DAY,N,Y,N,N,Y,N,N,Y,N,4,0,0,0,0,1,1,0,0,1,0,0,0,0,5,0,0,0,0,0,0,0,1,0,1,N,0,0,N,0,0,0,0,0,0,5,16500,16500,0,0,1,Preliminary,Editor Mapped,437627.2737,3355538.285,30.33006307,-81.6488512
88134098,2024,5/31/2024 17:00,5/31/2024 19:07,FHP24ON0273974,L,1,1,2,38,Duval,Jacksonville,Urban,5/31/2024 17:03,5/31/2024 17:32,5/31/2024 18:43,5/31/2024 20:05,Y,Law Enforcement,I-95 N,,30.12059248,-81.5195881,7656,South,STATE ROAD 9-B,,Interstate,Paved,Not at Intersection,Y,Daylight,Clear,Dry,N,Other,Concrete Traffic Barrier,Median,N,Non-Junction,None,,,None,,,N,,,,,TPR,Florida Highway Patrol,Florida Highway Patrol (FHP),6/13/2024 1:18,6/13/2024 1:18,13,Y,Off Road,Off Road,Serious Injury,Incapacitating Injury,DAY,N,N,N,N,N,N,N,Y,N,0,1,0,0,1,0,0,0,0,1,0,0,0,0,1,1,0,0,0,0,0,0,1,1,0,N,0,0,N,0,0,0,0,0,0,1,15000,15000,1,0,0,Preliminary,Editor Mapped,449922.106,3332253.371,30.12051367,-81.51984909
26830691,2024,7/26/2024 23:51,3/4/2025 7:53,456457,L,1,2,2,38,Duval,Jacksonville,Urban,7/26/2024 23:52,7/26/2024 23:52,7/26/2024 23:56,7/27/2024 2:38,N,Law Enforcement,PROSPECT ST,,30.39938714,-81.68525137,47,,2ND AVE,,Local,Unpaved,Four-Way Intersection,N,Dark - Not Lighted,Clear,Dry,N,Other,Pedestrian,On Roadway,N,Intersection,None,,,None,,,N,,,,,OFFICER,Jacksonville Sheriff's Office,Sheriff's Office (SO),7/28/2024 19:14,3/5/2025 19:28,2,Y,Pedestrian,Pedestrian,Serious Injury,Incapacitating Injury,NIGHT,N,N,N,N,N,Y,Y,N,N,0,2,0,0,2,0,0,0,0,0,0,2,0,2,0,0,0,0,0,0,0,0,0,0,0,Y,2,0,N,0,0,0,0,0,0,0,0,0,2,0,0,Preliminary,Editor Mapped,434165.6467,3363237.624,30.39935416,-81.68534401
26105145,2024,8/31/2024 19:30,8/31/2024 20:14,535582,L,2,2,2,38,Duval,Jacksonville,Urban,8/31/2024 19:30,8/31/2024 19:31,8/31/2024 19:33,8/31/2024 20:45,Y,Law Enforcement,SR 134 (103RD ST),,30.24842048,-81.76334184,0,,I-295 SB OFF RAMP,,State,Curb,Four-Way Intersection,N,Dusk,Clear,Dry,N,Angle,Motor Vehicle in Transport,On Roadway,N,Intersection,None,,,None,,,N,,,,,OFFICER,Jacksonville Sheriff's Office,Sheriff's Office (SO),9/3/2024 19:34,9/3/2024 19:34,3,Y,Left Entering,Left Turn,Serious Injury,Incapacitating Injury,NIGHT,N,N,N,Y,N,N,Y,N,N,0,2,0,1,1,0,0,0,0,1,0,0,0,0,2,0,0,0,0,0,0,0,1,1,0,N,0,0,N,0,0,1,0,0,0,2,20000,20000,1,0,0,Preliminary,Editor Mapped,426563.8159,3346560.487,30.24843117,-81.76330671
26106831,2024,1/5/2024 21:32,1/23/2024 9:59,10782,L,1,2,2,38,Duval,Jacksonville,Urban,1/5/2024 21:32,1/5/2024 21:33,1/5/2024 21:34,1/6/2024 0:51,Y,Law Enforcement,ATLANTIC BLVD (SR 10),,30.31305884,-81.58568274,75,East,AGNUE AVE,,State,Curb,Not at Intersection,Y,Dark - Lighted,Clear,Dry,N,Other,Pedestrian,On Roadway,N,Non-Junction,None,,,None,,,N,,,,,DETECTIVE,Jacksonville Sheriff's Office,Sheriff's Office (SO),1/7/2024 19:10,1/25/2024 1:26,2,Y,Pedestrian,Pedestrian,Fatality,Fatal (within 30 days),NIGHT,N,N,N,N,N,N,N,N,N,1,0,0,0,0,1,1,0,0,0,0,1,0,1,1,0,0,0,0,0,0,0,0,0,0,Y,0,1,N,0,0,0,0,0,0,1,1500,1500,0,0,0,Preliminary,Officer Mapped,443690.2194,3353620.263,30.31305311,-81.58567951
26214290,2024,8/2/2024 22:00,8/2/2024 0:00,2024016517,L,2,3,48,0,Clay,Unincorporated,Rural,8/2/2024 22:00,8/2/2024 22:05,8/2/2024 22:07,8/2/2024 23:37,Y,Law Enforcement,DOCTORS INLET RD,,30.095634,-81.835948,286,West,ROB BAXLEY RD,,County,Unpaved,Not at Intersection,Y,Dark - Not Lighted,Clear,Dry,N,Front to Front,Motor Vehicle in Transport,On Roadway,N,Non-Junction,None,,,None,,,N,,,,,PAT,Clay County Sheriff's Office,Sheriff's Office (SO),8/20/2024 19:59,8/20/2024 19:59,18,Y,Head On,Head On,Serious Injury,Incapacitating Injury,NIGHT,N,N,N,N,N,N,N,Y,N,2,1,0,0,1,0,0,0,0,1,0,0,0,0,2,0,1,1,0,0,0,0,1,1,0,N,0,0,N,0,0,2,0,0,0,2,8000,8000,1,0,0,Preliminary,Editor Mapped,419451.0513,3329676.46,30.09562808,-81.83594468
25335282,2024,12/25/2024 18:30,12/25/2024 19:08,779923,L,2,3,2,38,Duval,Jacksonville,Urban,12/25/2024 18:32,12/25/2024 18:35,12/25/2024 18:40,12/25/2024 19:09,Y,Law Enforcement,PHOENIX AVE,,30.35603004,-81.64112704,0,,MARTIN LUTHER KING JR PKWY/US-1-ALT/,,Local,Unpaved,Four-Way Intersection,N,Dark - Lighted,Clear,Dry,N,Angle,Motor Vehicle in Transport,On Roadway,Y,Intersection,Unknown,,,Unknown,,,N,,,,,OFFICER,Jacksonville Sheriff's Office,Sheriff's Office (SO),12/26/2024 19:20,12/26/2024 19:20,1,Y,Right Angle,Angle,Serious Injury,Incapacitating Injury,DAY,N,N,N,N,N,N,Y,N,N,0,3,1,1,1,0,0,0,0,0,0,0,0,0,2,0,0,1,0,0,0,0,0,0,0,N,0,0,N,0,0,2,0,0,0,2,50000,50000,3,0,0,Preliminary,Editor Mapped,438386.3864,3358407.217,30.35599002,-81.64112342
86644570,2024,5/12/2024 20:26,5/12/2024 20:53,293468,L,2,1,2,38,Duval,Jacksonville,Urban,5/12/2024 20:27,5/12/2024 20:27,5/12/2024 20:29,5/12/2024 23:59,N,Law Enforcement,MONCRIEF RD W,4000,30.38610088,-81.71230328,0,,3900 WINTON DR,,Local,Paved,Four-Way Intersection,N,Dusk,Clear,Dry,N,Angle,Motor Vehicle in Transport,On Roadway,N,Intersection,None,,,None,,,N,,,,,OFFICER,Jacksonville Sheriff's Office,Sheriff's Office (SO),5/19/2024 19:14,5/19/2024 19:14,7,Y,Left Rear,Left Turn,Serious Injury,Incapacitating Injury,NIGHT,N,N,N,N,N,Y,Y,N,N,0,1,0,0,1,0,0,0,0,0,1,0,0,0,1,0,0,0,0,0,0,0,0,0,0,N,0,0,N,0,0,0,0,0,0,2,1001,1001,1,0,0,Preliminary,Editor Mapped,431565.3772,3361782.021,30.38607489,-81.71231611
26199624,2024,10/29/2024 10:12,10/29/2024 0:00,240003734,L,2,2,2,40,Duval,Jacksonville Beach,Urban,10/29/2024 10:12,10/29/2024 10:13,10/29/2024 10:16,10/29/2024 11:05,Y,Law Enforcement,2ND ST N,,30.299539,-81.39286,0,,11TH AVE N,,Local,Curb,Four-Way Intersection,N,Daylight,Cloudy,Dry,N,Angle,Motor Vehicle in Transport,On Roadway,N,Intersection,None,,,None,,,N,,,,,OFC.,Jacksonville Beach Police Department,Police Department (PD),11/2/2024 19:25,11/2/2024 19:25,4,Y,Right Angle,Angle,Serious Injury,Incapacitating Injury,DAY,N,N,N,N,N,N,Y,N,N,1,1,0,0,1,0,0,0,0,1,0,0,0,0,2,0,1,0,0,0,0,0,1,1,0,N,0,0,N,0,0,3,0,0,0,2,9500,9500,1,0,0,Preliminary,Editor Mapped,462223.9271,3352041.098,30.29952366,-81.39285783
26301897,2024,1/25/2024 15:47,4/3/2024 20:11,FHP24ON0041742,L,2,3,48,0,Clay,Unincorporated,Rural,1/25/2024 15:52,1/25/2024 15:54,1/25/2024 16:02,1/25/2024 18:53,Y,Law Enforcement,STATE ROAD 21,,30.06354,-81.87281,497,East,COUNTY ROAD 218,,State,Paved,Not at Intersection,Y,Daylight,Clear,Dry,N,"Sideswipe, Same Direction",Other Non-Collision,On Roadway,N,Non-Junction,None,,,None,,,N,,,,,TPR,Florida Highway Patrol,Florida Highway Patrol (FHP),3/15/2024 19:23,4/16/2024 20:03,50,Y,Same Direction Sideswipe,Sideswipe,Fatality,Fatal (within 30 days),DAY,N,N,N,N,N,N,N,Y,N,2,0,0,0,0,1,1,0,0,0,0,0,0,0,2,0,0,1,1,0,0,1,0,0,0,N,0,0,N,0,0,0,0,0,0,2,18500,18500,1,0,0,Preliminary,Editor Mapped,415865.5255,3326148.712,30.06355363,-81.87287253
26095985,2024,7/14/2024 8:35,7/14/2024 9:12,428946,L,2,2,2,38,Duval,Jacksonville,Urban,7/14/2024 8:38,7/14/2024 8:40,7/14/2024 8:46,7/14/2024 14:04,N,Law Enforcement,STATE ST W,,30.33479397,-81.66459303,0,,N JEFFERSON ST,,U.S.,Paved,Not at Intersection,N,Daylight,Clear,Dry,N,Front to Front,Motor Vehicle in Transport,On Roadway,N,Intersection,None,,,None,,,N,,,,,OFFICER,Jacksonville Sheriff's Office,Sheriff's Office (SO),7/15/2024 19:29,7/15/2024 19:29,1,Y,Head On,Head On,Fatality,Fatal (within 30 days),DAY,N,Y,N,N,Y,N,Y,N,N,0,1,1,0,0,1,1,0,0,0,0,0,0,0,2,0,0,0,0,0,0,0,0,0,0,N,0,0,N,0,0,0,0,0,0,2,20000,20000,2,0,0,Preliminary,Editor Mapped,436117.391,3356070.673,30.33478824,-81.66458977
26117145,2024,4/24/2024 1:20,7/10/2024 8:08,251819,L,1,1,2,38,Duval,Jacksonville,Urban,4/24/2024 1:20,4/24/2024 1:20,4/24/2024 1:20,4/24/2024 4:22,Y,Law Enforcement,SAN JOSE BLVD,,30.20298108,-81.61717051,0,,OLD SAINT AUGUSTINE RD,,State,Curb,Y-Intersection,N,Dark - Lighted,Clear,Dry,N,Unknown,Utility Pole/Light Support,On Roadway,N,Intersection-Related,None,,,None,,,N,,,,,DETECTIVE,Jacksonville Sheriff's Office,Sheriff's Office (SO),4/25/2024 19:23,7/17/2024 23:57,1,Y,Off Road,Off Road,Fatality,Fatal (within 30 days),NIGHT,N,Y,N,N,N,N,Y,N,N,0,0,0,0,0,1,1,0,0,1,0,0,0,0,1,0,0,0,0,0,0,0,1,0,1,N,0,0,N,0,0,0,0,0,0,1,10000,10000,0,0,0,Preliminary,Editor Mapped,440606.737,3341449.875,30.20308332,-81.61706242
26340843,2024,5/10/2024 13:51,5/10/2024 14:30,FHP24ON0234771,L,2,2,2,38,Duval,Jacksonville,Urban,5/10/2024 13:56,5/10/2024 13:57,5/10/2024 14:20,5/10/2024 14:45,Y,Law Enforcement,INTERSTATE 295 NB EXIT RAMP,,30.45968214,-81.64508448,638,West,INTERSTATE 95,,Interstate,Paved,Not at Intersection,N,Daylight,Cloudy,Dry,N,Front to Rear,Motor Vehicle in Transport,On Roadway,Y,Entrance/Exit Ramp,None,,,None,,,Y,Activity Area,Work on Shoulder or Median,N,N,TPR,Florida Highway Patrol,Florida Highway Patrol (FHP),5/19/2024 19:14,5/19/2024 19:14,9,Y,Rear End,Rear End,Serious Injury,Incapacitating Injury,DAY,N,N,N,N,N,N,N,N,N,0,2,1,0,1,0,0,0,0,0,0,0,0,0,2,0,0,0,0,0,0,0,0,0,0,N,0,0,N,0,0,1,0,0,0,2,2500,2500,1,0,0,Preliminary,Editor Mapped,438083.6592,3369902.907,30.45970561,-81.64495482
26214409,2024,8/14/2024 10:45,8/14/2024 0:00,2024017357,L,1,2,48,0,Clay,Unincorporated,Rural,8/14/2024 10:45,8/14/2024 10:55,8/14/2024 11:15,8/14/2024 12:16,Y,Law Enforcement,PLANTATION OAKS BLVD,,30.181797,-81.820218,0,,OAKLEAF VILLAGE PKWY,,Local,Curb,Not at Intersection,N,Daylight,Clear,Dry,N,,Pedalcycle,On Roadway,N,Non-Junction,None,,,None,,,N,,,,,PSA,Clay County Sheriff's Office,Sheriff's Office (SO),8/20/2024 19:59,8/20/2024 19:59,6,Y,Bicycle,Bicycle,Serious Injury,Incapacitating Injury,DAY,N,N,N,N,N,N,N,N,N,1,1,0,0,1,0,0,0,0,0,0,1,1,0,1,0,0,0,0,0,0,0,0,0,0,N,0,0,Y,1,0,0,0,0,0,1,500,500,1,0,0,Preliminary,Editor Mapped,421035.926,3339212.35,30.18177872,-81.82020944