REPORT_NUMBER,CRASH_YEAR,CRASH_DATE_AND_TIME,REPORT_DATE_AND_TIME,INVESTIGATING_AGENCY_REPORT_NUMBER,FORM_TYPE,TOTAL_NUMBER_OF_VEHICLES,TOTAL_NUMBER_OF_PERSONS,COUNTY_CODE,CITY_CODE,COUNTY_NAME,CITY_NAME,RURAL_OR_URBAN,NOTIFIED_TIME,DISPATCHED_TIME,ARRIVED_TIME,CLEARED_TIME,COMPLETED_FLAG,NOTIFIED_BY,ON_STREET_ROAD_HIGHWAY,STREET_ADDRESS_NUMBER,LATITUDE,LONGITUDE,FEET_FROM_INTERSECTION,DIRECTION_FROM_INTERSECTION,FROM_INTERSECTION_OF,MILEPOST_NUMBER,ROAD_SYSTEM_IDENTIFER,TYPE_OF_SHOULDER,TYPE_OF_INTERSECTION,PHOTOS_TAKEN,LIGHT_CONDITION,WEATHER_CONDITION,ROAD_SURFACE_CONDITION,SCHOOL_BUS_RELATED_CODE,TYPE_OF_IMPACT,FIRST_HARMFUL_EVENT,LOCATION,INTERCHANGE_FLAG,JUNCTION_FLAG,ROAD_CIRCUMSTANCES_1,ROAD_CIRCUMSTANCES_2,ROAD_CIRCUMSTANCES_3,ENVIRONMENT_CIRCUMSTANCES_1,ENVIRONMENT_CIRCUMSTANCES_2,ENVIRONMENT_CIRCUMSTANCES_3,WORK_ZONE_RELATED_FLAG,CRASH_IN_WORK_ZONE,TYPE_OF_WORK_ZONE,WORKERS_PRESENT,LAW_ENFORCEMENT_PRESENT,INVESTIGATOR_RANK,INVESTIGATING_AGENCY_NAME,INVESTIGATING_AGENCY_TYPE,LOAD_DATE,UPDATE_DATE,DAYS_TO_LOAD,CODEABLE,S4_CRASH_TYPE,S4_CRASH_TYPE_SIMPLIFIED,S4_CRASH_SEVERITY,S4_CRASH_SEVERITY_DETAIL,S4_DAY_OR_NIGHT,S4_IS_AGGRESSIVE_DRIVING,S4_IS_ALCOHOL_RELATED,S4_IS_CMV_INVOLVED,S4_IS_DISTRACTED,S4_IS_DRUG_RELATED,S4_IS_HIT_AND_RUN,S4_IS_INTERSECTION_RELATED,S4_IS_LANE_DEPARTURE_RELATED,S4_IS_SPEEDING_RELATED,S4_NONE_INJURY_COUNT,S4_INJURY_COUNT,S4_POSSIBLE_INJURY_COUNT,S4_NON_INCAPACITATING_INJURY_COUNT,S4_INCAPACITATING_INJURY_COUNT,S4_FATALITY_COUNT,S4_FATALITY_WITHIN_30_DAYS_COUNT,S4_NON_TRAFFIC_FATALITY_COUNT,S4_TRAILER_COUNT,S4_MOTORCYCLE_COUNT,S4_MOPED_COUNT,S4_NON_MOTORIST_COUNT,S4_BICYCLIST_COUNT,S4_PEDESTRIAN_COUNT,S4_DRIVER_COUNT,S4_AGING_DRIVER_COUNT,S4_TEENAGER_DRIVER_COUNT,S4_PASSENGER_COUNT,S4_UNRESTRAINED_COUNT,S4_UNRESTRAINED_INJURY_COUNT,S4_UNRESTRAINED_INCAPACITATING_INJURY_COUNT,S4_UNRESTRAINED_FATALITY_COUNT,S4_MOTORCYCLIST_COUNT,S4_MOTORCYCLIST_INCAPACITATING_INJURY_COUNT,S4_MOTORCYCLIST_FATALITY_COUNT,S4_IS_PEDESTRIAN_INVOLVED,S4_PEDESTRIAN_INCAPACITATING_INJURY_COUNT,S4_PEDESTRIAN_FATALITY_COUNT,S4_IS_BICYCLIST_INVOLVED,S4_BICYCLIST_INCAPACITATING_INJURY_COUNT,S4_BICYCLIST_FATALITY_COUNT,S4_CITATION_COUNT,S4_CITATION_AMOUNT,S4_PROPERTY_DAMAGE_COUNT,S4_PROPERTY_DAMAGE_AMOUNT,S4_VEHICLE_DAMAGE_COUNT,S4_VEHICLE_DAMAGE_AMOUNT,S4_TOTAL_DAMAGE_AMOUNT,S4_TRANSPORT_BY_EMS_COUNT,S4_TRANSPORT_BY_LAW_ENFORCEMENT_COUNT,S4_TRANSPORT_BY_OTHER_COUNT,S4_GEOLOCATION_STATUS,S4_PRELIMINARY_GEOLOCATION_STATUS,S4_X,S4_Y,S4_LATITUDE,S4_LONGITUDE
26105373,2024,5/10/2024 23:08,5/10/2024 23:35,289745,L,1,3,2,38,Duval,Jacksonville,Urban,5/10/2024 23:08,5/10/2024 23:08,5/10/2024 23:08,5/11/2024 0:16,Y,Law Enforcement,RAMP FROM MARTIN LUTHER KING JR PKWY TO PHOEN,,30.3561132,-81.64386009,338,East,MARTIN LUTHER KING JR PKWY,,Other,Paved,Not at Intersection,N,Dark - Lighted,Clear,Dry,N,Other,Guardrail End,On Roadway,N,Entrance/Exit Ramp,None,,,None,,,N,,,,,OFFICER,Jacksonville Sheriff's Office,Sheriff's Office (SO),5/12/2024 19:15,5/12/2024 19:15,2,Y,Off Road,Off Road,Serious Injury,Incapacitating Injury,NIGHT,N,N,N,Y,N,N,N,Y,N,1,2,0,1,1,0,0,0,0,0,0,0,0,0,1,0,0,2,0,0,0,0,0,0,0,N,0,0,N,0,0,0,0,1,1500,1,20000,21500,1,0,0,Preliminary,Editor Mapped,438128.1503,3358422.4,30.35611382,-81.64381126
26112550,2024,5/10/2024 0:53,5/10/2024 2:27,287335,L,2,2,2,38,Duval,Jacksonville,Urban,5/10/2024 0:55,5/10/2024 0:55,5/10/2024 1:05,5/10/2024 4:25,Y,Law Enforcement,OLD KINGS RD,,30.41587816,-81.76022202,0,,GARDEN ST,,Local,Unpaved,Four-Way Intersection,N,Dark - Not Lighted,Clear,Dry,N,Front to Rear,Motor Vehicle in Transport,On Roadway,Y,Intersection,None,,,None,,,N,,,,,OFFICER,Jacksonville Sheriff's Office,Sheriff's Office (SO),5/11/2024 19:18,5/11/2024 19:18,1,Y,Rear End,Rear End,Serious Injury,Incapacitating Injury,NIGHT,N,N,N,N,N,N,Y,N,N,1,1,0,0,1,0,0,0,0,1,0,0,0,0,2,0,0,0,0,0,0,0,1,1,0,N,0,0,N,0,0,0,0,0,0,2,2500,2500,1,0,0,Preliminary,Editor Mapped,426993.2373,3365109.255,30.41582927,-81.76013529
26117920,2024,5/9/2024 23:19,5/9/2024 23:56,287227,L,2,3,2,38,Duval,Jacksonville,Urban,5/9/2024 23:20,5/9/2024 23:22,5/9/2024 23:24,5/10/2024 0:05,Y,Law Enforcement,ROGERO RD,,30.34091356,-81.58919715,0,,S TERRY PARKER DR,,Local,Curb,Four-Way Intersection,N,Dark - Lighted,Clear,Dry,N,Angle,Motor Vehicle in Transport,On Roadway,N,Intersection,None,,,None,,,N,,,,,OFFICER,Jacksonville Sheriff's Office,Sheriff's Office (SO),5/11/2024 19:18,5/11/2024 19:18,2,Y,Left Entering,Left Turn,Serious Injury,Incapacitating Injury,NIGHT,N,Y,N,N,N,N,Y,N,N,0,3,2,0,1,0,0,0,0,0,0,0,0,0,2,0,0,1,1,1,1,0,0,0,0,N,0,0,N,0,0,0,0,0,0,2,15000,15000,1,0,0,Preliminary,Editor Mapped,443368.3514,3356708.774,30.34090782,-81.58919392
26118276,2024,5/9/2024 21:14,5/10/2024 0:52,287052,L,1,2,2,38,Duval,Jacksonville,Urban,5/9/2024 21:15,5/9/2024 21:15,5/9/2024 21:18,5/9/2024 22:24,Y,Law Enforcement,BULLS BAY HWY,1452,30.34804906,-81.78988003,1132,South,COMMONWEALTH AVE,,Local,Unpaved,Not at Intersection,N,Dark - Not Lighted,Clear,Dry,N,Front to Rear,Pedalcycle,On Roadway,N,Non-Junction,None,,,None,,,N,,,,,OFFICER,Jacksonville Sheriff's Office,Sheriff's Office (SO),5/11/2024 19:18,5/11/2024 19:18,2,Y,Bicycle,Bicycle,Serious Injury,Incapacitating Injury,NIGHT,N,N,N,N,N,N,N,N,N,1,1,0,0,1,0,0,0,0,0,0,1,1,0,1,0,0,0,0,0,0,0,0,0,0,N,0,0,Y,1,0,0,0,1,100,1,1000,1100,1,0,0,Preliminary,Editor Mapped,424082.6558,3356769.188,30.34039502,-81.78983211
26343177,2024,4/28/2024 14:13,4/28/2024 14:47,FHP24ON0212607,L,2,3,2,38,Duval,Jacksonville,Urban,4/28/2024 14:13,4/28/2024 14:16,4/28/2024 14:46,4/28/2024 15:54,Y,Law Enforcement,INTERSTATE 95 NB,,30.33541,-81.66946,443,North,UNION ST,,Interstate,Paved,Not at Intersection,N,Daylight,Clear,Dry,N,Front to Rear,Motor Vehicle in Transport,On Roadway,N,Non-Junction,None,,,None,,,N,,,,,TPR,Florida Highway Patrol,Florida Highway Patrol (FHP),5/12/2024 19:15,5/12/2024 19:15,14,Y,Rear End,Rear End,Serious Injury,Incapacitating Injury,DAY,N,N,N,N,N,N,N,N,N,2,1,0,0,1,0,0,0,0,0,0,0,0,0,2,0,0,1,0,0,0,0,0,0,0,N,0,0,N,0,0,1,0,0,0,2,6500,6500,1,0,0,Preliminary,Editor Mapped,435667.3312,3356172.453,30.33568277,-81.66927786
26343182,2024,5/2/2024 17:22,5/2/2024 18:49,FHP24ON0220338,L,1,2,2,38,Duval,Jacksonville,Urban,5/2/2024 17:22,5/2/2024 18:19,5/2/2024 18:35,5/2/2024 19:03,Y,Law Enforcement,INTERSTATE 295 NB OFF RAMP TO,,30.1965,-81.73929,48,East,BLANDING BLVD,,Interstate,Paved,T-Intersection,N,Daylight,Clear,Dry,N,Other,Pedestrian,On Roadway,N,Intersection,None,,,None,,,N,,,,,TPR,Florida Highway Patrol,Florida Highway Patrol (FHP),5/12/2024 19:15,5/12/2024 19:15,10,Y,Pedestrian,Pedestrian,Serious Injury,Incapacitating Injury,DAY,N,N,N,N,N,N,Y,N,N,1,1,0,0,1,0,0,0,0,0,0,1,0,1,1,0,0,0,0,0,0,0,0,0,0,Y,1,0,N,0,0,0,0,0,0,0,0,0,1,0,0,Preliminary,Editor Mapped,428851.7349,3340874.639,30.19726104,-81.73914366
26344802,2024,4/24/2024 2:30,4/24/2024 3:10,FHP24ON0204458,L,1,2,2,38,Duval,Jacksonville,Urban,4/24/2024 2:35,4/24/2024 2:36,4/24/2024 2:49,4/24/2024 4:10,Y,Law Enforcement,INTERSTATE 295 ON RAMP,,30.16678,-81.55777,2096,East,INTERSTATE 95 OFF RAMP,,Interstate,Paved,Not at Intersection,N,Dark - Lighted,Clear,Dry,N,Other,Guardrail Face,Shoulder,N,Non-Junction,None,,,None,,,N,,,,,TPR,Florida Highway Patrol,Florida Highway Patrol (FHP),5/12/2024 19:15,5/12/2024 19:15,18,Y,Off Road,Off Road,Serious Injury,Incapacitating Injury,NIGHT,Y,N,N,N,N,N,N,Y,Y,0,2,0,1,1,0,0,0,0,0,0,0,0,0,1,0,0,1,0,0,0,0,0,0,0,N,0,0,N,0,0,1,0,2,10500,1,20000,30500,1,0,0,Preliminary,Editor Mapped,446127.67,3337577.897,30.16840027,-81.55950794
26250301,2024,7/13/2024 17:57,7/13/2024 18:32,SJSO24CAD154740,L,2,2,20,50,St. Johns,St. Augustine,Rural,7/13/2024 17:58,7/13/2024 18:02,7/13/2024 18:08,7/13/2024 19:48,Y,Law Enforcement,CR-13,,29.96503,-81.53836,0,,HERITAGE LANDING,,County,Unpaved,T-Intersection,N,Daylight,Clear,Dry,N,Angle,Motor Vehicle in Transport,On Roadway,Y,Intersection-Related,None,,,None,,,N,,,,,LE DEPUTY,St. Johns County Sheriff's Office,Sheriff's Office (SO),7/15/2024 19:29,7/15/2024 19:29,2,Y,Left Rear,Left Turn,Serious Injury,Incapacitating Injury,DAY,N,N,N,Y,N,N,Y,N,N,1,1,0,0,1,0,0,0,0,1,0,0,0,0,2,1,0,0,0,0,0,0,1,1,0,N,0,0,N,0,0,1,0,0,0,2,20000,20000,1,0,0,Preliminary,Editor Mapped,448050.1259,3315014.727,29.96487117,-81.53843913
26340065,2024,7/2/2024 16:04,7/2/2024 16:28,FHP24ON0331192,L,1,1,2,38,Duval,Jacksonville,Urban,7/2/2024 16:14,7/2/2024 16:17,7/2/2024 16:17,7/2/2024 17:02,Y,Law Enforcement,STATE ROAD 202 (J TURNER BUTLER BLVD),,30.25102003,-81.54957597,956,West,SOUTHSIDE BLVD,,State,Paved,Not at Intersection,N,Daylight,Cloudy,Wet,N,Other,Embankment,Off Roadway,Y,Entrance/Exit Ramp,None,,,None,,,N,,,,,TPR,Florida Highway Patrol,Florida Highway Patrol (FHP),7/15/2024 19:29,7/15/2024 19:29,13,Y,Off Road,Off Road,Serious Injury,Incapacitating Injury,DAY,N,N,N,N,N,N,N,Y,N,0,1,0,0,1,0,0,0,0,0,0,0,0,0,1,0,0,0,1,1,1,0,0,0,0,N,0,0,N,0,0,2,0,0,0,1,5000,5000,1,0,0,Preliminary,Editor Mapped,447114.315,3346711.62,30.25086542,-81.54971918
26109451,2024,5/11/2024 19:00,5/11/2024 19:20,291303,L,1,2,2,38,Duval,Jacksonville,Urban,5/11/2024 19:01,5/11/2024 19:06,5/11/2024 19:10,5/11/2024 19:33,Y,Law Enforcement,POINT MEADOWS DR,,30.21736549,-81.51980907,513,North,BAYMEADOWS RD,,County,Paved,Other,N,Daylight,Clear,Dry,N,"Sideswipe, Same Direction",Pedalcycle,On Roadway,N,Intersection-Related,None,,,None,,,N,,,,,OFFICER,Jacksonville Sheriff's Office,Sheriff's Office (SO),5/13/2024 19:40,5/13/2024 19:40,2,Y,Bicycle,Bicycle,Serious Injury,Incapacitating Injury,NIGHT,N,N,N,N,N,N,Y,N,N,1,1,0,0,1,0,0,0,0,0,0,1,1,0,1,0,0,0,0,0,0,0,0,0,0,N,0,0,Y,1,0,0,0,0,0,1,500,500,1,0,0,Preliminary,Editor Mapped,449973.7622,3342981.272,30.21732443,-81.51982063
26226506,2024,5/10/2024 3:15,5/10/2024 0:00,80240418,L,1,1,2,44,Duval,Neptune Beach,Urban,5/10/2024 3:18,5/10/2024 3:19,5/10/2024 3:20,5/10/2024 5:41,Y,Law Enforcement,S.R.10 / ATLANTIC BLVD,,30.32418,-81.42122,153,East,KINGS CIR S,,State,Curb,Not at Intersection,Y,Dark - Lighted,Clear,Dry,N,,Concrete Traffic Barrier,On Roadway,N,Entrance/Exit Ramp,None,,,None,,,N,,,,,OFC,Neptune Beach Police Department,Police Department (PD),5/13/2024 19:40,5/13/2024 19:40,3,Y,Off Road,Off Road,Serious Injury,Incapacitating Injury,NIGHT,Y,Y,N,Y,N,N,N,Y,Y,0,1,0,0,1,0,0,0,0,0,0,0,0,0,1,0,0,0,0,0,0,0,0,0,0,N,0,0,N,0,0,0,0,2,2500,1,20000,22500,1,0,0,Preliminary,Editor Mapped,459507.0927,3354782.575,30.32417471,-81.42121712
84662758,2024,5/11/2024 12:45,5/11/2024 15:00,290638,L,1,4,2,38,Duval,Jacksonville,Urban,5/11/2024 12:52,5/11/2024 12:52,5/11/2024 13:00,5/11/2024 14:00,Y,Law Enforcement,PINE ST,,30.20063828,-82.0042275,392,South,PENNSYLVANIA AVE,,Local,Unpaved,Not at Intersection,N,Daylight,Clear,Dry,N,Front to Rear,Tree (standing),Off Roadway,N,Non-Junction,None,,,None,,,N,,,,,OFFICER,Jacksonville Sheriff's Office,Sheriff's Office (SO),5/14/2024 20:03,5/14/2024 20:03,3,Y,Off Road,Off Road,Serious Injury,Incapacitating Injury,DAY,Y,N,N,N,N,N,N,Y,Y,1,3,1,0,2,0,0,0,0,0,0,0,0,0,1,0,1,3,0,0,0,0,0,0,0,N,0,0,N,0,0,1,0,0,0,1,7000,7000,3,0,0,Preliminary,Editor Mapped,403365.5303,3341506.509,30.20120285,-82.00394252
24318781,2024,10/3/2024 11:16,10/3/2024 13:58,SJSO24OFF010315,L,1,1,20,0,St. Johns,Unincorporated,Rural,10/3/2024 11:16,10/3/2024 12:31,10/3/2024 12:31,10/3/2024 14:00,N,Law Enforcement,FOUR MILE ROAD,,29.9071809,-81.35718339,448,East,HOLMES BOULEVARD,,Local,Unpaved,Not at Intersection,Y,Daylight,Clear,Dry,N,Other,Tree (standing),Off Roadway,N,Non-Junction,None,,,None,,,N,,,,,LE DEPUTY,St. Johns County Sheriff's Office,Sheriff's Office (SO),10/11/2024 19:23,10/11/2024 19:23,8,Y,Off Road,Off Road,Serious Injury,Incapacitating Injury,DAY,N,N,N,N,N,N,N,Y,N,0,1,0,0,1,0,0,0,0,0,0,0,0,0,1,1,0,0,0,0,0,0,0,0,0,N,0,0,N,0,0,0,0,0,0,1,15000,15000,1,0,0,Preliminary,Editor Mapped,465270.934,3308750.796,29.90895078,-81.35975275
26316362,2024,4/30/2024 21:15,4/30/2024 23:20,FHP24ON0216949,L,2,5,48,42,Clay,Keystone Heights,Rural,4/30/2024 21:20,4/30/2024 21:25,4/30/2024 21:50,5/1/2024 1:15,Y,Law Enforcement,STATE ROAD 21,,29.80133,-82.01783,536,South,CAMELOT COURT,,State,Unpaved,Not at Intersection,N,Dark - Not Lighted,Cloudy,Dry,N,Other,Embankment,Off Roadway,N,Non-Junction,None,,,None,,,N,,,,,TPR,Florida Highway Patrol,Florida Highway Patrol (FHP),5/14/2024 20:02,5/14/2024 20:02,14,Y,Off Road,Off Road,Serious Injury,Incapacitating Injury,NIGHT,N,N,N,N,N,N,N,Y,N,4,1,0,0,1,0,0,0,0,0,0,0,0,0,2,0,0,3,0,0,0,0,0,0,0,N,0,0,N,0,0,1,0,2,22500,2,22000,44500,1,0,0,Preliminary,Editor Mapped,401536.5214,3297074.561,29.80013889,-82.0188376
25688138,2024,3/11/2024 3:30,3/26/2024 9:59,153726,L,1,1,2,38,Duval,Jacksonville,Urban,3/11/2024 3:40,3/11/2024 3:40,3/11/2024 3:45,3/11/2024 4:35,Y,Law Enforcement,LEONID RD,,30.42976634,-81.68956699,157,East,GLADWYNNE RD,,Local,Curb,Not at Intersection,N,Dark - Lighted,Clear,Dry,N,,Fence,Off Roadway,N,Non-Junction,None,,,None,,,N,,,,,DETECTIVE,Jacksonville Sheriff's Office,Sheriff's Office (SO),3/15/2024 19:23,3/27/2024 23:43,4,Y,Off Road,Off Road,Fatality,Fatal (within 30 days),NIGHT,N,N,N,N,N,N,N,Y,N,0,0,0,0,0,1,1,0,0,0,0,0,0,0,1,0,0,0,1,0,0,1,0,0,0,N,0,0,N,0,0,0,0,1,500,1,10000,10500,1,0,0,Preliminary,Editor Mapped,433767.3214,3366621.012,30.42986195,-81.68970501
26280542,2024,7/9/2024 18:09,7/9/2024 19:03,FHP24ON0343540,L,1,1,20,0,St. Johns,Unincorporated,Rural,7/9/2024 18:14,7/9/2024 18:18,7/9/2024 18:51,7/9/2024 20:39,Y,Law Enforcement,I-95 SB MM326,,30.02441,-81.48481,13536,North,COUNTY ROAD 210,,Interstate,Paved,Not at Intersection,N,Daylight,Cloudy,Wet,N,Other,Tree (standing),Off Roadway,N,Non-Junction,None,,,None,,,N,,,,,TPR,Florida Highway Patrol,Florida Highway Patrol (FHP),7/15/2024 19:29,7/15/2024 19:29,6,Y,Off Road,Off Road,Serious Injury,Incapacitating Injury,DAY,N,N,N,N,N,N,N,Y,N,0,1,0,0,1,0,0,0,0,0,0,0,0,0,1,0,0,0,0,0,0,0,0,0,0,N,0,0,N,0,0,0,0,0,0,1,15000,15000,1,0,0,Preliminary,Editor Mapped,453225.033,3321580.664,30.02433241,-81.48509307
26827723,2024,6/28/2024 21:07,7/7/2024 19:14,396078,L,1,1,2,38,Duval,Jacksonville,Urban,6/28/2024 21:08,6/28/2024 21:09,6/28/2024 21:12,6/28/2024 21:12,N,Law Enforcement,MERRILL RD,7600,30.3521329,-81.57034422,154,East,KINGSTREE DR W,,Local,Curb,Not at Intersection,N,Daylight,Rain,Wet,N,Other,Pedestrian,On Roadway,N,Non-Junction,None,,,None,,,N,,,,,OFFICER,Jacksonville Sheriff's Office,Sheriff's Office (SO),6/29/2024 19:18,7/8/2024 19:23,1,Y,Pedestrian,Pedestrian,Serious Injury,Incapacitating Injury,NIGHT,N,N,N,N,N,Y,N,N,N,0,1,0,0,1,0,0,0,0,0,0,1,0,1,0,0,0,0,0,0,0,0,0,0,0,Y,1,0,N,0,0,0,0,0,0,0,0,0,1,0,0,Preliminary,Editor Mapped,445183.5026,3357942.817,30.35212716,-81.57037451
89751374,2024,2/13/2024 15:49,5/22/2024 8:12,FHP24ON0075031,L,3,5,2,38,Duval,Jacksonville,Urban,2/13/2024 15:54,2/13/2024 15:59,2/13/2024 16:06,2/17/2024 21:41,Y,Law Enforcement,STATE ROAD 134 (103RD ST),,30.24779,-81.79603,0,,LAMBING,,State,Paved,Not at Intersection,Y,Daylight,Clear,Dry,N,Angle,Motor Vehicle in Transport,On Roadway,N,Non-Junction,None,,,None,,,N,,,,,CPL,Florida Highway Patrol,Florida Highway Patrol (FHP),3/2/2024 19:19,6/4/2024 19:51,18,Y,Left Entering,Left Turn,Fatality,Fatal (within 30 days),DAY,N,N,N,N,Y,N,N,Y,N,3,1,0,1,0,1,1,0,0,0,0,0,0,0,3,0,0,2,0,0,0,0,0,0,0,N,0,0,N,0,0,0,0,0,0,3,26000,26000,3,0,0,Preliminary,Editor Mapped,423412.3988,3346510.095,30.24778152,-81.79605675
26386744,2024,7/18/2024 17:33,7/18/2024 18:14,FHP24ON0358756,L,3,3,2,38,Duval,Jacksonville,Urban,7/18/2024 17:37,7/18/2024 17:51,7/18/2024 17:51,7/18/2024 18:50,Y,Law Enforcement,SR 202 ( BUTLER BLVD),,30.25015,-81.53599,22,East,I-295,,State,Paved,Not at Intersection,N,Daylight,Rain,Wet,N,Angle,Motor Vehicle in Transport,On Roadway,N,Entrance/Exit Ramp,None,,,None,,,N,,,,,TPR,Florida Highway Patrol,Florida Highway Patrol (FHP),8/1/2024 19:25,8/1/2024 19:25,14,Y,Unknown,Unknown,Serious Injury,Incapacitating Injury,DAY,N,N,N,N,N,N,N,Y,N,1,2,0,1,1,0,0,0,0,0,0,0,0,0,3,0,0,0,1,1,1,0,0,0,0,N,0,0,N,0,0,1,0,0,0,3,17000,17000,1,0,0,Preliminary,Editor Mapped,449664.755,3346774.361,30.25154015,-81.52321263
26386203,2024,7/12/2024 6:30,7/12/2024 7:26,FHP24ON0347194,L,1,2,20,0,St. Johns,Unincorporated,Rural,7/12/2024 6:39,7/12/2024 6:55,7/12/2024 7:10,7/12/2024 9:24,Y,Law Enforcement,STATE ROAD 207,,29.83635,-81.37028,1340,South,TWIN LAKES DRIVE,,State,Curb,Not at Intersection,N,Daylight,Clear,Dry,N,Other,Curb,Off Roadway,N,Non-Junction,None,,,None,,,N,,,,,TPR,Florida Highway Patrol,Florida Highway Patrol (FHP),7/28/2024 19:14,7/28/2024 19:14,16,Y,Off Road,Off Road,Serious Injury,Incapacitating Injury,NIGHT,N,N,N,N,N,N,N,Y,N,0,2,0,0,2,0,0,0,0,0,0,0,0,0,1,0,0,1,0,0,0,0,0,0,0,N,0,0,N,0,0,1,0,0,0,1,10000,10000,2,0,0,Preliminary,Editor Mapped,464262.0473,3300723.14,29.8364755,-81.36993605
26105141,2024,7/5/2024 21:32,7/5/2024 21:54,411392,L,1,2,2,38,Duval,Jacksonville,Urban,7/5/2024 21:34,7/5/2024 21:36,7/5/2024 21:40,7/5/2024 22:21,Y,Law Enforcement,STATE ROAD 228,,30.27788031,-81.82479617,433,West,MCGIRTS POINT BLVD,,State,Unpaved,Not at Intersection,N,Dark - Not Lighted,Clear,Dry,N,Front to Rear,Pedalcycle,On Roadway,N,Non-Junction,None,,,None,,,N,,,,,OFFICER,Jacksonville Sheriff's Office,Sheriff's Office (SO),7/8/2024 19:23,7/8/2024 19:23,3,Y,Bicycle,Bicycle,Serious Injury,Incapacitating Injury,NIGHT,N,N,N,N,N,N,N,N,N,1,1,0,0,1,0,0,0,0,0,0,1,1,0,1,0,0,0,0,0,0,0,0,0,0,N,0,0,Y,1,0,0,0,0,0,1,500,500,1,0,0,Preliminary,Editor Mapped,420668.8542,3349872.05,30.27794111,-81.82482443
26437871,2024,10/13/2024 21:08,2/15/2025 19:01,FHP24ON0517732,L,2,3,2,38,Duval,Jacksonville,Urban,10/13/2024 21:14,10/13/2024 21:17,10/13/2024 21:37,10/14/2024 0:13,Y,Law Enforcement,INTERSTATE 95 (STATE ROAD 9),,30.24838644,-81.59311717,979,East,BUTLER BLVD (343-MILE MARKER),,Interstate,Paved,Not at Intersection,Y,Dark - Lighted,Clear,Dry,N,Front to Rear,Motor Vehicle in Transport,On Roadway,Y,Non-Junction,None,,,None,,,N,,,,,TPR,Florida Highway Patrol,Florida Highway Patrol (FHP),10/24/2024 0:20,2/21/2025 19:56,11,Y,Rear End,Rear End,Fatality,Fatal (within 30 days),NIGHT,N,N,N,N,N,Y,N,Y,N,1,1,1,0,0,1,1,0,0,0,0,0,0,0,2,0,1,1,3,1,0,1,0,0,0,N,0,0,N,0,0,0,0,0,0,2,10000,10000,1,0,0,Preliminary,Editor Mapped,443511.1027,3345778.904,30.24228627,-81.58712106
85468108,2024,4/11/2024 12:26,4/11/2024 12:42,FHP24ON0181471,L,3,3,2,38,Duval,Jacksonville,Urban,4/11/2024 12:27,4/11/2024 12:28,4/11/2024 12:28,4/11/2024 13:42,Y,Law Enforcement,I-295 (SR 9A),,30.45538041,-81.62489595,1633,West,US-17 (MAIN STREET),,Interstate,Paved,Not at Intersection,N,Daylight,Rain,Wet,N,Front to Rear,Motor Vehicle in Transport,On Roadway,N,Non-Junction,None,,,None,,,N,,,,,TPR,Florida Highway Patrol,Florida Highway Patrol (FHP),4/18/2024 1:23,4/18/2024 1:23,7,Y,Rear End,Rear End,Serious Injury,Incapacitating Injury,DAY,N,N,Y,Y,N,N,N,N,N,1,2,1,0,1,0,0,0,1,0,0,0,0,0,3,0,0,0,0,0,0,0,0,0,0,N,0,0,N,0,0,1,0,0,0,3,65000,65000,1,0,0,Preliminary,Editor Mapped,440215.4643,3369322.094,30.45457256,-81.62271655
25756966,2024,9/10/2024 14:52,9/14/2024 7:10,SJSO24CAD201523,L,1,2,20,0,St. Johns,Unincorporated,Rural,9/10/2024 14:52,9/10/2024 14:53,9/10/2024 14:56,9/10/2024 16:15,Y,Law Enforcement,A1A AND AVENUE C,,30.25056,-81.38787,94,South,A1A  AND AVENUE C,,U.S.,Unpaved,Not at Intersection,N,Daylight,Cloudy,Dry,N,Other,Tree (standing),Off Roadway,N,Non-Junction,None,,,None,,,N,,,,,LE DEPUTY,St. Johns County Sheriff's Office,Sheriff's Office (SO),9/14/2024 19:30,9/15/2024 19:17,4,Y,Off Road,Off Road,Serious Injury,Incapacitating Injury,DAY,N,N,N,N,N,N,N,Y,N,0,2,0,1,1,0,0,0,0,0,0,0,0,0,1,0,0,1,0,0,0,0,0,0,0,N,0,0,N,0,0,0,0,0,0,1,10000,10000,1,0,0,Preliminary,Editor Mapped,462684.9829,3346584.223,30.25029498,-81.38786943
26373141,2024,7/17/2024 9:30,11/17/2024 3:34,FHP24ON0356063,L,3,2,2,38,Duval,Jacksonville,Urban,7/17/2024 9:38,7/17/2024 9:53,7/17/2024 10:17,7/17/2024 11:29,Y,Law Enforcement,INTERSTATE 95,,30.14477708,-81.54314869,2140,North,OLD ST AUGUSTINE ROAD,,Interstate,Paved,Not at Intersection,Y,Daylight,Clear,Dry,N,Other,Motor Vehicle in Transport,On Roadway,N,Non-Junction,None,,,None,,,N,,,,,TPR,Florida Highway Patrol,Florida Highway Patrol (FHP),8/1/2024 19:25,11/18/2024 19:42,15,Y,Other,Other,Serious Injury,Incapacitating Injury,DAY,N,N,N,N,N,Y,N,Y,N,0,2,0,1,1,0,0,0,0,0,0,0,0,0,2,1,0,0,0,0,0,0,0,0,0,N,0,0,N,0,0,1,0,1,25000,3,52500,77500,2,0,0,Preliminary,Editor Mapped,447689.7075,3334950.609,30.14475983,-81.54315559