REPORT_NUMBER,CRASH_YEAR,CRASH_DATE_AND_TIME,REPORT_DATE_AND_TIME,INVESTIGATING_AGENCY_REPORT_NUMBER,FORM_TYPE,TOTAL_NUMBER_OF_VEHICLES,TOTAL_NUMBER_OF_PERSONS,COUNTY_CODE,CITY_CODE,COUNTY_NAME,CITY_NAME,RURAL_OR_URBAN,NOTIFIED_TIME,DISPATCHED_TIME,ARRIVED_TIME,CLEARED_TIME,COMPLETED_FLAG,NOTIFIED_BY,ON_STREET_ROAD_HIGHWAY,STREET_ADDRESS_NUMBER,LATITUDE,LONGITUDE,FEET_FROM_INTERSECTION,DIRECTION_FROM_INTERSECTION,FROM_INTERSECTION_OF,MILEPOST_NUMBER,ROAD_SYSTEM_IDENTIFER,TYPE_OF_SHOULDER,TYPE_OF_INTERSECTION,PHOTOS_TAKEN,LIGHT_CONDITION,WEATHER_CONDITION,ROAD_SURFACE_CONDITION,SCHOOL_BUS_RELATED_CODE,TYPE_OF_IMPACT,FIRST_HARMFUL_EVENT,LOCATION,INTERCHANGE_FLAG,JUNCTION_FLAG,ROAD_CIRCUMSTANCES_1,ROAD_CIRCUMSTANCES_2,ROAD_CIRCUMSTANCES_3,ENVIRONMENT_CIRCUMSTANCES_1,ENVIRONMENT_CIRCUMSTANCES_2,ENVIRONMENT_CIRCUMSTANCES_3,WORK_ZONE_RELATED_FLAG,CRASH_IN_WORK_ZONE,TYPE_OF_WORK_ZONE,WORKERS_PRESENT,LAW_ENFORCEMENT_PRESENT,INVESTIGATOR_RANK,INVESTIGATING_AGENCY_NAME,INVESTIGATING_AGENCY_TYPE,LOAD_DATE,UPDATE_DATE,DAYS_TO_LOAD,CODEABLE,S4_CRASH_TYPE,S4_CRASH_TYPE_SIMPLIFIED,S4_CRASH_SEVERITY,S4_CRASH_SEVERITY_DETAIL,S4_DAY_OR_NIGHT,S4_IS_AGGRESSIVE_DRIVING,S4_IS_ALCOHOL_RELATED,S4_IS_CMV_INVOLVED,S4_IS_DISTRACTED,S4_IS_DRUG_RELATED,S4_IS_HIT_AND_RUN,S4_IS_INTERSECTION_RELATED,S4_IS_LANE_DEPARTURE_RELATED,S4_IS_SPEEDING_RELATED,S4_NONE_INJURY_COUNT,S4_INJURY_COUNT,S4_POSSIBLE_INJURY_COUNT,S4_NON_INCAPACITATING_INJURY_COUNT,S4_INCAPACITATING_INJURY_COUNT,S4_FATALITY_COUNT,S4_FATALITY_WITHIN_30_DAYS_COUNT,S4_NON_TRAFFIC_FATALITY_COUNT,S4_TRAILER_COUNT,S4_MOTORCYCLE_COUNT,S4_MOPED_COUNT,S4_NON_MOTORIST_COUNT,S4_BICYCLIST_COUNT,S4_PEDESTRIAN_COUNT,S4_DRIVER_COUNT,S4_AGING_DRIVER_COUNT,S4_TEENAGER_DRIVER_COUNT,S4_PASSENGER_COUNT,S4_UNRESTRAINED_COUNT,S4_UNRESTRAINED_INJURY_COUNT,S4_UNRESTRAINED_INCAPACITATING_INJURY_COUNT,S4_UNRESTRAINED_FATALITY_COUNT,S4_MOTORCYCLIST_COUNT,S4_MOTORCYCLIST_INCAPACITATING_INJURY_COUNT,S4_MOTORCYCLIST_FATALITY_COUNT,S4_IS_PEDESTRIAN_INVOLVED,S4_PEDESTRIAN_INCAPACITATING_INJURY_COUNT,S4_PEDESTRIAN_FATALITY_COUNT,S4_IS_BICYCLIST_INVOLVED,S4_BICYCLIST_INCAPACITATING_INJURY_COUNT,S4_BICYCLIST_FATALITY_COUNT,S4_CITATION_COUNT,S4_CITATION_AMOUNT,S4_PROPERTY_DAMAGE_COUNT,S4_PROPERTY_DAMAGE_AMOUNT,S4_VEHICLE_DAMAGE_COUNT,S4_VEHICLE_DAMAGE_AMOUNT,S4_TOTAL_DAMAGE_AMOUNT,S4_TRANSPORT_BY_EMS_COUNT,S4_TRANSPORT_BY_LAW_ENFORCEMENT_COUNT,S4_TRANSPORT_BY_OTHER_COUNT,S4_GEOLOCATION_STATUS,S4_PRELIMINARY_GEOLOCATION_STATUS,S4_X,S4_Y,S4_LATITUDE,S4_LONGITUDE
26114139,2024,7/8/2024 12:17,7/8/2024 12:58,416415,L,1,1,2,38,Duval,Jacksonville,Urban,7/8/2024 12:20,7/8/2024 12:20,7/8/2024 12:42,7/8/2024 13:00,Y,Law Enforcement,ARLINGTON EXPRESSWAY SERVICE RD,7961,30.32793851,-81.57309636,2662,West,,,Local,Paved,Not at Intersection,N,Daylight,Clear,Dry,N,,Curb,On Roadway,N,Non-Junction,None,,,None,,,N,,,,,CSO,Jacksonville Sheriff's Office,Sheriff's Office (SO),7/10/2024 21:53,7/10/2024 21:53,2,Y,Off Road,Off Road,Serious Injury,Incapacitating Injury,DAY,N,N,N,N,N,N,N,Y,N,0,1,0,0,1,0,0,0,0,0,0,0,0,0,1,0,0,0,0,0,0,0,0,0,0,N,0,0,N,0,0,0,0,3,43000,1,10000,53000,1,0,0,Preliminary,Editor Mapped,444851.1403,3355222.266,30.32756262,-81.57368948
25838499,2024,2/8/2024 13:30,2/8/2024 13:38,SJSO24CAD029229,L,2,3,20,50,St. Johns,St. Augustine,Urban,2/8/2024 13:31,2/8/2024 13:31,2/8/2024 13:31,2/8/2024 14:00,Y,Law Enforcement,US1,,29.88192,-81.32521,0,,MARION,,U.S.,Curb,Four-Way Intersection,N,Daylight,Clear,Dry,N,Angle,Motor Vehicle in Transport,On Roadway,Y,Intersection,Other,,,None,,,N,,,,,SERGEANT,St. Augustine Police Department,Police Department (PD),2/13/2024 19:53,2/13/2024 19:53,5,Y,Left Rear,Left Turn,Serious Injury,Incapacitating Injury,DAY,N,N,N,N,N,N,Y,N,N,2,1,0,0,1,0,0,0,0,1,0,0,0,0,2,1,0,1,0,0,0,0,1,1,0,N,0,0,N,0,0,0,0,0,0,2,17500,17500,1,0,0,Preliminary,Editor Mapped,468592.4103,3305742.938,29.88189539,-81.32525845
89667861,2024,4/3/2024 20:19,4/3/2024 21:10,FHP24ON0167920,L,2,2,20,0,St. Johns,Unincorporated,Rural,4/3/2024 20:24,4/3/2024 20:38,4/3/2024 20:55,4/3/2024 22:31,Y,Law Enforcement,STATE ROAD 207,,29.78326,-81.42589,0,,COUNTY ROAD 305,,State,Unpaved,Four-Way Intersection,N,Dark - Not Lighted,Clear,Dry,N,Angle,Motor Vehicle in Transport,On Roadway,N,Intersection,None,,,None,,,N,,,,,TPR,Florida Highway Patrol,Florida Highway Patrol (FHP),4/13/2024 19:19,4/13/2024 19:19,10,Y,Left Leaving,Left Turn,Serious Injury,Incapacitating Injury,NIGHT,N,N,Y,Y,N,N,Y,N,N,1,1,0,0,1,0,0,0,1,0,0,0,0,0,2,0,0,0,0,0,0,0,0,0,0,N,0,0,N,0,0,1,0,0,0,2,30000,30000,1,0,0,Preliminary,Editor Mapped,458837.0002,3294802.001,29.78287025,-81.42586493
26045616,2024,5/26/2024 23:15,6/3/2024 17:58,SJSO24CAD115941,L,1,2,20,46,St. Johns,Ponte Vedra,Rural,5/26/2024 23:15,5/26/2024 23:17,5/26/2024 23:29,5/27/2024 1:04,Y,Law Enforcement,PONTE VEDRA BLVD,200,30.23531,-81.37682,,,SAN DIEGO RD,,Other,Unpaved,Not at Intersection,N,Dark - Not Lighted,Clear,Dry,N,Other,Overturn/Rollover,Off Roadway,N,Non-Junction,None,,,None,,,N,,,,,LE DEPUTY,St. Johns County Sheriff's Office,Sheriff's Office (SO),5/28/2024 19:36,6/4/2024 19:51,2,Y,Rollover,Rollover,Serious Injury,Incapacitating Injury,NIGHT,N,N,N,N,N,N,N,Y,N,1,1,0,0,1,0,0,0,0,0,0,0,0,0,1,0,1,1,1,1,1,0,0,0,0,N,0,0,N,0,0,0,0,0,0,1,10000,10000,1,0,0,Preliminary,Editor Mapped,463655.2986,3344835.144,30.23454063,-81.37772334
26416812,2024,9/3/2024 8:17,1/22/2025 4:02,FHP24ON0442068,L,2,2,2,38,Duval,Jacksonville,Urban,9/3/2024 8:41,9/3/2024 8:43,9/3/2024 9:02,9/3/2024 12:27,Y,Law Enforcement,BUSCH DR N,,30.41888,-81.63762,,,IMESON PARK BLVD,,Local,Curb,Four-Way Intersection,Y,Daylight,Clear,Dry,N,Front to Front,Motor Vehicle in Transport,On Roadway,N,Intersection,None,,,None,,,N,,,,,TPR,Florida Highway Patrol,Florida Highway Patrol (FHP),9/12/2024 1:24,2/6/2025 19:28,9,Y,Right Angle,Angle,Fatality,Fatal (within 30 days),DAY,Y,N,N,N,N,N,Y,N,N,1,0,0,0,0,1,1,0,0,0,0,0,0,0,2,0,0,0,2,0,0,1,0,0,0,N,0,0,N,0,0,0,0,0,0,2,14000,14000,0,0,0,Preliminary,Editor Mapped,438768.2918,3365377.272,30.41890386,-81.63755793
26840162,2024,11/19/2024 17:24,12/11/2024 10:37,707342,L,2,2,2,38,Duval,Jacksonville,Urban,11/19/2024 17:24,11/19/2024 17:24,11/19/2024 17:34,11/19/2024 20:01,Y,Law Enforcement,N PEARL ST,,30.38299781,-81.65672733,0,,W 60TH ST,,Local,Curb,Four-Way Intersection,Y,Dusk,Clear,Dry,N,Front to Rear,Motor Vehicle in Transport,On Roadway,N,Intersection,None,,,None,,,N,,,,,DETECTIVE,Jacksonville Sheriff's Office,Sheriff's Office (SO),3/19/2025 19:28,3/21/2025 20:01,120,Y,Rear End,Rear End,Fatality,Fatal (within 30 days),DAY,N,N,N,Y,N,N,Y,N,N,0,1,1,0,0,1,1,0,0,0,0,0,0,0,2,0,0,0,0,0,0,0,0,0,0,N,0,0,N,0,0,0,0,0,0,2,15000,15000,1,0,0,Preliminary,Officer Mapped,436904.4319,3361408.106,30.38299203,-81.65672408
26398471,2024,10/11/2024 16:15,1/29/2025 14:32,FHP24ON0513761,L,1,1,48,0,Clay,Unincorporated,Rural,10/11/2024 16:20,10/11/2024 16:22,10/11/2024 16:31,10/11/2024 18:17,Y,Law Enforcement,TOWN CENTER BLVD,,30.05563,-81.7081,153,West,US-17,,U.S.,Paved,Not at Intersection,Y,Daylight,Clear,Dry,N,Other,Other Non-Collision,Off Roadway,N,Non-Junction,None,,,None,,,N,,,,,CPL,Florida Highway Patrol,Florida Highway Patrol (FHP),1/30/2025 19:27,1/31/2025 19:38,111,Y,Single Vehicle,Other,Fatality,Fatal (within 30 days),DAY,N,N,N,N,N,N,N,Y,N,0,0,0,0,0,1,1,0,0,1,0,0,0,0,1,0,0,0,0,0,0,0,1,0,1,N,0,0,N,0,0,0,0,0,0,1,7000,7000,1,0,0,Preliminary,Editor Mapped,431694.8771,3325163.668,30.05565242,-81.70859568
26416842,2024,10/29/2024 23:35,5/22/2025 15:03,FHP24ON0547358,L,2,2,41,0,Nassau,Unincorporated,Rural,10/29/2024 23:37,10/29/2024 23:46,10/30/2024 0:15,10/30/2024 13:11,Y,Law Enforcement,STATE ROAD 200,,30.62576565,-81.54646101,408,,AMELIA CONCOURSE,,State,Curb,Not at Intersection,Y,Dark - Lighted,Clear,Wet,N,Front to Rear,Motor Vehicle in Transport,On Roadway,N,Non-Junction,None,,,None,,,N,,,,,CPL,Florida Highway Patrol,Florida Highway Patrol (FHP),11/7/2024 19:28,5/28/2025 3:31,9,Y,Rear End,Rear End,Fatality,Fatal (within 30 days),NIGHT,Y,Y,Y,N,Y,N,N,N,N,0,1,1,0,0,1,1,0,1,0,0,0,0,0,2,0,0,0,0,0,0,0,0,0,0,N,0,0,N,0,0,1,0,0,0,2,30000,30000,0,0,1,Preliminary,Editor Mapped,447703.3838,3388224.42,30.62548578,-81.54567828
26373176,2024,8/25/2024 20:05,8/25/2024 20:31,FHP24ON0426875,L,1,1,2,38,Duval,Jacksonville,Urban,8/25/2024 20:09,8/25/2024 20:11,8/25/2024 20:24,8/25/2024 21:02,Y,Law Enforcement,FL-9B N,,30.16979642,-81.51226259,4231,South,E-TOWN PARKWAY,,State,Paved,Not at Intersection,N,Dark - Lighted,Clear,Dry,N,Other,Other Fixed Object,On Roadway,N,Non-Junction,None,,,None,,,N,,,,,TPR,Florida Highway Patrol,Florida Highway Patrol (FHP),9/8/2024 19:17,9/8/2024 19:17,14,Y,Off Road,Off Road,Serious Injury,Incapacitating Injury,NIGHT,N,N,N,N,N,N,N,Y,N,0,1,0,0,1,0,0,0,0,1,0,0,0,0,1,1,0,0,0,0,0,0,1,1,0,N,0,0,N,0,0,0,0,0,0,1,2500,2500,1,0,0,Preliminary,Editor Mapped,450675.4906,3337708.938,30.16977569,-81.5122829
26097115,2024,5/25/2024 22:04,6/14/2024 16:32,322605,L,1,1,2,38,Duval,Jacksonville,Urban,5/25/2024 22:06,5/25/2024 22:08,5/25/2024 22:11,5/25/2024 23:15,N,Law Enforcement,PEACH DR,2244,30.30439558,-81.54939517,481,South,FRASER RD,,Local,Unpaved,Not at Intersection,N,Dark - Lighted,Cloudy,Dry,N,Other,Pedestrian,Off Roadway,N,Non-Junction,None,,,None,,,N,,,,,OFFICER,Jacksonville Sheriff's Office,Sheriff's Office (SO),5/27/2024 19:46,6/15/2024 19:21,2,Y,Pedestrian,Pedestrian,Serious Injury,Incapacitating Injury,NIGHT,N,N,N,N,N,Y,N,N,N,0,1,0,0,1,0,0,0,0,0,0,1,0,1,0,0,0,0,0,0,0,0,0,0,0,Y,1,0,N,0,0,0,0,0,0,0,0,0,1,0,0,Preliminary,Editor Mapped,447174.4729,3352642.794,30.30438985,-81.54939195
26102629,2024,4/9/2024 19:55,5/14/2024 9:42,219575,L,1,1,2,38,Duval,Jacksonville,Urban,4/9/2024 19:55,4/9/2024 19:57,4/9/2024 20:04,4/9/2024 23:11,Y,Law Enforcement,COMMONWEALTH AVE,7142,30.33604468,-81.76593039,421,West,,,Other,Curb,Not at Intersection,Y,Dark - Not Lighted,Clear,Dry,N,Other,Tree (standing),Off Roadway,N,Non-Junction,None,,,Other,,,N,,,,,DETECTIVE,Jacksonville Sheriff's Office,Sheriff's Office (SO),4/10/2024 19:45,5/16/2024 0:23,1,Y,Off Road,Off Road,Fatality,Fatal (within 30 days),NIGHT,Y,N,N,N,Y,N,N,Y,Y,0,0,0,0,0,1,1,0,0,0,0,0,0,0,1,0,0,0,0,0,0,0,0,0,0,N,0,0,N,0,0,0,0,0,0,1,200,200,1,0,0,Preliminary,Editor Mapped,426378.0323,3356271.417,30.33604552,-81.76591822
26104036,2024,5/26/2024 22:00,5/26/2024 22:19,324630,L,2,2,2,38,Duval,Jacksonville,Urban,5/26/2024 22:02,5/26/2024 22:02,5/26/2024 22:17,5/26/2024 23:20,Y,Law Enforcement,POST ST,,30.31321071,-81.70466514,0,,OLD ROOSEVELT BLVD,,Local,Curb,"Five-Point, or More",N,Dark - Lighted,Clear,Dry,N,Front to Front,Motor Vehicle in Transport,On Roadway,N,Intersection,None,,,None,,,N,,,,,OFFICER,Jacksonville Sheriff's Office,Sheriff's Office (SO),5/27/2024 19:46,5/27/2024 19:46,1,Y,Head On,Head On,Serious Injury,Incapacitating Injury,NIGHT,N,N,N,N,N,N,Y,N,N,1,1,0,0,1,0,0,0,0,0,0,0,0,0,2,0,0,0,0,0,0,0,0,0,0,N,0,0,N,0,0,0,0,0,0,2,9500,9500,1,0,0,Preliminary,Editor Mapped,432249.8074,3353702.5,30.31320843,-81.70466993
26104500,2024,5/12/2024 11:30,6/20/2024 12:30,292593,L,2,2,2,38,Duval,Jacksonville,Urban,5/12/2024 11:36,5/12/2024 11:36,5/12/2024 11:43,5/12/2024 12:09,Y,Law Enforcement,OLD SAINT AUGUSTINE RD,,30.16980379,-81.60269387,371,South,N I-295/I-295 WEST BELT RAMP,,Local,Curb,Four-Way Intersection,Y,Daylight,Clear,Dry,N,Front to Rear,Motor Vehicle in Transport,On Roadway,N,Intersection-Related,None,,,None,,,N,,,,,DETECTIVE,Jacksonville Sheriff's Office,Sheriff's Office (SO),5/19/2024 19:14,6/21/2024 19:29,7,Y,Rear End,Rear End,Fatality,Fatal (within 30 days),DAY,N,N,N,N,N,N,Y,N,N,1,0,0,0,0,1,1,0,0,0,0,0,0,0,2,1,0,0,1,0,0,1,0,0,0,N,0,0,N,0,0,0,0,0,0,2,3000,3000,1,0,0,Preliminary,Editor Mapped,441970.5617,3337753.988,30.16979809,-81.60269063
26106314,2024,5/25/2024 20:20,5/25/2024 20:48,322423,L,1,1,2,38,Duval,Jacksonville,Urban,5/25/2024 20:24,5/25/2024 20:26,5/25/2024 20:34,5/25/2024 21:50,Y,Law Enforcement,PHILIPS HWY,,30.16255538,-81.53604152,96,North,BUSINESS PARK BLVD,,U.S.,Curb,Not at Intersection,N,Dark - Lighted,Rain,Wet,N,Other,Overturn/Rollover,On Roadway,N,Non-Junction,None,,,None,,,N,,,,,OFFICER,Jacksonville Sheriff's Office,Sheriff's Office (SO),5/27/2024 19:46,5/27/2024 19:46,2,Y,Rollover,Rollover,Serious Injury,Incapacitating Injury,NIGHT,Y,N,N,N,N,N,N,Y,Y,0,1,0,0,1,0,0,0,0,1,0,0,0,0,1,0,1,0,0,0,0,0,1,1,0,N,0,0,N,0,0,1,0,0,0,1,2000,2000,1,0,0,Preliminary,Editor Mapped,448384.4339,3336918.716,30.16254968,-81.53603831
26109316,2024,2/12/2024 17:20,4/3/2024 11:12,92364,L,2,2,2,38,Duval,Jacksonville,Urban,2/12/2024 17:26,2/12/2024 17:26,2/12/2024 17:45,2/12/2024 17:51,Y,Law Enforcement,US-17 (MAIN ST),,30.53738786,-81.62153922,0,,POND RUN LN,,U.S.,Unpaved,T-Intersection,N,Dusk,Rain,Wet,N,Angle,Motor Vehicle in Transport,On Roadway,N,Intersection,None,,,None,,,N,,,,,DETECTIVE,Jacksonville Sheriff's Office,Sheriff's Office (SO),2/15/2024 19:19,4/4/2024 19:24,3,Y,Left Leaving,Left Turn,Fatality,Fatal (within 30 days),DAY,N,N,N,N,N,N,Y,N,N,1,0,0,0,0,1,1,0,0,0,0,0,0,0,2,0,0,0,0,0,0,0,0,0,0,N,0,0,N,0,0,1,0,0,0,2,10000,10000,1,0,0,Preliminary,Editor Mapped,440379.038,3378500.658,30.53740249,-81.62153915
26112038,2024,2/24/2024 18:33,3/28/2024 14:04,119583,L,2,4,2,38,Duval,Jacksonville,Urban,2/24/2024 18:34,2/24/2024 18:34,2/24/2024 18:46,2/24/2024 23:00,Y,Law Enforcement,OLD MIDDLEBURG RD S,,30.21562835,-81.81738919,1027,North,HIPPS ROAD,,Local,Unpaved,Not at Intersection,Y,Dusk,Clear,Dry,N,Front to Front,Motor Vehicle in Transport,On Roadway,N,Non-Junction,None,,,None,,,N,,,,,DETECTIVE,Jacksonville Sheriff's Office,Sheriff's Office (SO),2/26/2024 19:32,3/29/2024 19:28,2,Y,Head On,Head On,Fatality,Fatal (within 30 days),DAY,N,N,N,N,Y,N,N,Y,N,0,3,0,3,0,1,1,0,0,0,0,0,0,0,2,0,0,2,1,0,0,1,0,0,0,N,0,0,N,0,0,0,0,0,0,2,70000,70000,4,0,0,Preliminary,Editor Mapped,421334.6808,3342960.881,30.21562264,-81.8173859
26112454,2024,5/26/2024 1:35,5/26/2024 2:17,322914,L,1,1,2,38,Duval,Jacksonville,Urban,5/26/2024 1:38,5/26/2024 1:39,5/26/2024 1:44,5/26/2024 4:20,N,Law Enforcement,RAMPART RD,,30.20893082,-81.76468252,92,South,CINNAMON TEA LN,,Local,Paved,Not at Intersection,N,Dark - Not Lighted,Clear,Dry,N,Other,Pedestrian,On Roadway,N,Non-Junction,None,,,None,,,N,,,,,OFFICER,Jacksonville Sheriff's Office,Sheriff's Office (SO),5/27/2024 19:46,5/27/2024 19:46,1,Y,Pedestrian,Pedestrian,Serious Injury,Incapacitating Injury,NIGHT,N,N,N,N,N,Y,N,N,N,0,1,0,0,1,0,0,0,0,0,0,1,1,0,0,0,0,0,0,0,0,0,0,0,0,N,0,0,Y,1,0,0,0,0,0,1,1000,1000,1,0,0,Preliminary,Editor Mapped,426402.3459,3342183.436,30.20892511,-81.76467924
26116221,2024,5/26/2024 2:35,5/26/2024 2:53,322983,L,1,1,2,38,Duval,Jacksonville,Urban,5/26/2024 2:39,5/26/2024 2:40,5/26/2024 2:49,5/26/2024 3:49,Y,Law Enforcement,ARLINGTON EXPY SERV RD,,30.32710073,-81.60107216,143,East,ARLINGTON EXPY,,Local,Curb,Not at Intersection,N,Dark - Lighted,Clear,Dry,N,Other,Utility Pole/Light Support,Off Roadway,N,Non-Junction,None,,,None,,,N,,,,,OFFICER,Jacksonville Sheriff's Office,Sheriff's Office (SO),5/28/2024 19:36,5/28/2024 19:36,2,Y,Off Road,Off Road,Serious Injury,Incapacitating Injury,NIGHT,N,N,N,N,N,N,N,Y,N,0,1,0,0,1,0,0,0,0,0,0,0,0,0,1,0,0,0,0,0,0,0,0,0,0,N,0,0,N,0,0,0,0,1,1000,1,20000,21000,1,0,0,Preliminary,Editor Mapped,442218.8289,3355184.071,30.327095,-81.60106892
26119313,2024,5/24/2024 13:52,5/24/2024 14:34,319519,L,2,5,2,38,Duval,Jacksonville,Urban,5/24/2024 13:57,5/24/2024 14:00,5/24/2024 14:20,5/24/2024 15:15,Y,Law Enforcement,U.S. 23 (STATE ST W),,30.33457706,-81.66333359,0,,N BROAD ST,,U.S.,Curb,Four-Way Intersection,N,Daylight,Clear,Dry,N,Angle,Motor Vehicle in Transport,On Roadway,Y,Intersection,None,,,None,,,N,,,,,CSO,Jacksonville Sheriff's Office,Sheriff's Office (SO),5/29/2024 19:44,5/29/2024 19:44,5,Y,Right Angle,Angle,Serious Injury,Incapacitating Injury,DAY,N,N,N,N,N,N,Y,N,N,4,1,0,0,1,0,0,0,0,0,0,0,0,0,2,0,0,3,0,0,0,0,0,0,0,N,0,0,N,0,0,2,0,0,0,2,35000,35000,1,0,0,Preliminary,Editor Mapped,436238.9557,3356045.535,30.33456782,-81.66332364
26120442,2024,5/23/2024 19:13,5/23/2024 19:33,317958,L,2,2,2,38,Duval,Jacksonville,Urban,5/23/2024 19:15,5/23/2024 19:16,5/23/2024 19:21,5/23/2024 20:50,N,Law Enforcement,SR-152 (BAYMEADOWS RD),,30.21927456,-81.60684233,157,West,SANCHEZ RD,,State,Curb,Not at Intersection,N,Daylight,Clear,Dry,N,Angle,Motor Vehicle in Transport,On Roadway,N,Driveway/Alley Access Related,None,,,None,,,N,,,,,CSO,Jacksonville Sheriff's Office,Sheriff's Office (SO),5/24/2024 19:46,5/24/2024 19:46,1,Y,Right Angle,Angle,Fatality,Fatal (within 30 days),NIGHT,N,N,N,N,N,N,N,N,N,1,0,0,0,0,1,1,0,1,1,0,0,0,0,2,0,0,0,0,0,0,0,1,0,1,N,0,0,N,0,0,0,0,0,0,2,20000,20000,1,0,0,Preliminary,Editor Mapped,441600.0386,3343241.483,30.21929861,-81.60684227
26190412,2024,5/22/2024 10:35,5/22/2024 0:00,2024-00053728,L,1,1,41,0,Nassau,Unincorporated,Rural,5/22/2024 10:41,5/22/2024 11:25,5/22/2024 11:45,5/22/2024 13:22,Y,Law Enforcement,CR 121,241965,,,95,South,,,County,Unpaved,Not at Intersection,,Daylight,Clear,Dry,N,Angle,Tree (standing),Off Roadway,N,Non-Junction,None,,,None,,,N,,,,,Dep.,Nassau County Sheriff's Office,Sheriff's Office (SO),5/29/2024 19:44,5/29/2024 19:44,7,Y,Off Road,Off Road,Serious Injury,Incapacitating Injury,DAY,N,N,N,N,N,N,N,N,N,0,1,0,0,1,0,0,0,0,0,0,0,0,0,1,0,0,0,0,0,0,0,0,0,0,N,0,0,N,0,0,0,0,1,5000,1,7500,12500,1,0,0,Preliminary,Editor Mapped,406110.5009,3404127.81,30.76642648,-81.98107941
26380113,2024,9/12/2024 17:45,9/12/2024 18:02,FHP24ON0459981,L,3,3,48,48,Clay,Middleburg,Urban,9/12/2024 17:50,9/12/2024 17:50,9/12/2024 17:50,9/12/2024 18:04,Y,Law Enforcement,STATE ROAD 23,,30.14139,-81.83103,274,South,OLD JENNINGS ROAD,,State,Paved,Not at Intersection,N,Daylight,Rain,Wet,N,Front to Rear,Motor Vehicle in Transport,On Roadway,N,Non-Junction,None,,,None,,,N,,,,,TPR,Florida Highway Patrol,Florida Highway Patrol (FHP),9/17/2024 19:49,9/17/2024 19:49,5,Y,Rear End,Rear End,Serious Injury,Incapacitating Injury,DAY,N,N,N,N,N,N,N,N,N,0,3,2,0,1,0,0,0,0,0,0,0,0,0,3,0,1,0,0,0,0,0,0,0,0,N,0,0,N,0,0,1,0,0,0,3,17000,17000,1,0,0,Preliminary,Editor Mapped,419965.7875,3334760.667,30.14153928,-81.83098717
26045190,2024,2/2/2024 17:05,2/2/2024 23:40,SJSO24CAD024977,L,1,3,20,50,St. Johns,St. Augustine,Rural,2/2/2024 20:06,2/2/2024 20:08,2/2/2024 20:13,2/2/2024 21:41,Y,Law Enforcement,RIO SAN JUAN RD,,29.84765,-81.36653,,,SR 207,,Local,Curb,Not at Intersection,N,Dark - Lighted,Clear,Dry,N,"Sideswipe, Opposite Direction",Other Non-Fixed Object,On Roadway,N,Non-Junction,None,,,None,,,N,,,,,LE DEPUTY,St. Johns County Sheriff's Office,Sheriff's Office (SO),2/9/2024 19:33,2/9/2024 19:33,7,Y,Single Vehicle,Other,Serious Injury,Incapacitating Injury,DAY,N,N,N,N,N,N,N,Y,N,2,1,0,0,1,0,0,0,0,0,0,1,1,0,1,0,0,1,0,0,0,0,0,0,0,N,0,0,Y,1,0,1,0,1,500,1,200,700,1,0,0,Unmapped,Unmapped,,,,
26380468,2024,8/26/2024 18:34,8/26/2024 19:10,FHP24ON0428630,L,2,2,2,38,Duval,Jacksonville,Urban,8/26/2024 18:39,8/26/2024 18:45,8/26/2024 18:55,8/26/2024 20:03,Y,Law Enforcement,INTERSTATE 10 WB,,30.32099,-81.70514,1056,West,MCDUFF AVENUE,,Interstate,Paved,Not at Intersection,N,Daylight,Clear,Dry,N,Front to Rear,Motor Vehicle in Transport,On Roadway,N,Non-Junction,None,,,None,,,Y,Activity Area,Lane Closure,N,N,TPR,Florida Highway Patrol,Florida Highway Patrol (FHP),9/8/2024 19:17,9/8/2024 19:17,13,Y,Rear End,Rear End,Serious Injury,Incapacitating Injury,DAY,N,N,N,N,N,N,N,N,N,0,2,1,0,1,0,0,0,0,0,0,0,0,0,2,0,0,0,0,0,0,0,0,0,0,N,0,0,N,0,0,1,0,0,0,2,6000,6000,1,0,0,Preliminary,Editor Mapped,432211.1035,3354563.067,30.32097158,-81.70512807
26113037,2024,11/1/2024 22:55,11/1/2024 23:31,670158,L,2,2,2,38,Duval,Jacksonville,Urban,11/1/2024 22:58,11/1/2024 22:58,11/1/2024 23:13,11/2/2024 0:33,Y,Law Enforcement,ATLANTIC BLVD,,30.32379025,-81.53013094,0,,BROOKVIEW DR N,,Local,Paved,T-Intersection,N,Dark - Not Lighted,Clear,Dry,N,Angle,Motor Vehicle in Transport,On Roadway,N,Non-Junction,None,,,None,,,N,,,,,OFFICER,Jacksonville Sheriff's Office,Sheriff's Office (SO),11/3/2024 19:22,11/3/2024 19:22,2,Y,Left Rear,Left Turn,Serious Injury,Incapacitating Injury,NIGHT,N,N,N,N,N,N,N,N,N,1,1,0,0,1,0,0,0,0,0,0,0,0,0,2,0,0,0,0,0,0,0,0,0,0,N,0,0,N,0,0,0,0,0,0,2,30000,30000,1,0,0,Preliminary,Editor Mapped,449042.5976,3354788.204,30.3238297,-81.53006812