REPORT_NUMBER,CRASH_YEAR,CRASH_DATE_AND_TIME,REPORT_DATE_AND_TIME,INVESTIGATING_AGENCY_REPORT_NUMBER,FORM_TYPE,TOTAL_NUMBER_OF_VEHICLES,TOTAL_NUMBER_OF_PERSONS,COUNTY_CODE,CITY_CODE,COUNTY_NAME,CITY_NAME,RURAL_OR_URBAN,NOTIFIED_TIME,DISPATCHED_TIME,ARRIVED_TIME,CLEARED_TIME,COMPLETED_FLAG,NOTIFIED_BY,ON_STREET_ROAD_HIGHWAY,STREET_ADDRESS_NUMBER,LATITUDE,LONGITUDE,FEET_FROM_INTERSECTION,DIRECTION_FROM_INTERSECTION,FROM_INTERSECTION_OF,MILEPOST_NUMBER,ROAD_SYSTEM_IDENTIFER,TYPE_OF_SHOULDER,TYPE_OF_INTERSECTION,PHOTOS_TAKEN,LIGHT_CONDITION,WEATHER_CONDITION,ROAD_SURFACE_CONDITION,SCHOOL_BUS_RELATED_CODE,TYPE_OF_IMPACT,FIRST_HARMFUL_EVENT,LOCATION,INTERCHANGE_FLAG,JUNCTION_FLAG,ROAD_CIRCUMSTANCES_1,ROAD_CIRCUMSTANCES_2,ROAD_CIRCUMSTANCES_3,ENVIRONMENT_CIRCUMSTANCES_1,ENVIRONMENT_CIRCUMSTANCES_2,ENVIRONMENT_CIRCUMSTANCES_3,WORK_ZONE_RELATED_FLAG,CRASH_IN_WORK_ZONE,TYPE_OF_WORK_ZONE,WORKERS_PRESENT,LAW_ENFORCEMENT_PRESENT,INVESTIGATOR_RANK,INVESTIGATING_AGENCY_NAME,INVESTIGATING_AGENCY_TYPE,LOAD_DATE,UPDATE_DATE,DAYS_TO_LOAD,CODEABLE,S4_CRASH_TYPE,S4_CRASH_TYPE_SIMPLIFIED,S4_CRASH_SEVERITY,S4_CRASH_SEVERITY_DETAIL,S4_DAY_OR_NIGHT,S4_IS_AGGRESSIVE_DRIVING,S4_IS_ALCOHOL_RELATED,S4_IS_CMV_INVOLVED,S4_IS_DISTRACTED,S4_IS_DRUG_RELATED,S4_IS_HIT_AND_RUN,S4_IS_INTERSECTION_RELATED,S4_IS_LANE_DEPARTURE_RELATED,S4_IS_SPEEDING_RELATED,S4_NONE_INJURY_COUNT,S4_INJURY_COUNT,S4_POSSIBLE_INJURY_COUNT,S4_NON_INCAPACITATING_INJURY_COUNT,S4_INCAPACITATING_INJURY_COUNT,S4_FATALITY_COUNT,S4_FATALITY_WITHIN_30_DAYS_COUNT,S4_NON_TRAFFIC_FATALITY_COUNT,S4_TRAILER_COUNT,S4_MOTORCYCLE_COUNT,S4_MOPED_COUNT,S4_NON_MOTORIST_COUNT,S4_BICYCLIST_COUNT,S4_PEDESTRIAN_COUNT,S4_DRIVER_COUNT,S4_AGING_DRIVER_COUNT,S4_TEENAGER_DRIVER_COUNT,S4_PASSENGER_COUNT,S4_UNRESTRAINED_COUNT,S4_UNRESTRAINED_INJURY_COUNT,S4_UNRESTRAINED_INCAPACITATING_INJURY_COUNT,S4_UNRESTRAINED_FATALITY_COUNT,S4_MOTORCYCLIST_COUNT,S4_MOTORCYCLIST_INCAPACITATING_INJURY_COUNT,S4_MOTORCYCLIST_FATALITY_COUNT,S4_IS_PEDESTRIAN_INVOLVED,S4_PEDESTRIAN_INCAPACITATING_INJURY_COUNT,S4_PEDESTRIAN_FATALITY_COUNT,S4_IS_BICYCLIST_INVOLVED,S4_BICYCLIST_INCAPACITATING_INJURY_COUNT,S4_BICYCLIST_FATALITY_COUNT,S4_CITATION_COUNT,S4_CITATION_AMOUNT,S4_PROPERTY_DAMAGE_COUNT,S4_PROPERTY_DAMAGE_AMOUNT,S4_VEHICLE_DAMAGE_COUNT,S4_VEHICLE_DAMAGE_AMOUNT,S4_TOTAL_DAMAGE_AMOUNT,S4_TRANSPORT_BY_EMS_COUNT,S4_TRANSPORT_BY_LAW_ENFORCEMENT_COUNT,S4_TRANSPORT_BY_OTHER_COUNT,S4_GEOLOCATION_STATUS,S4_PRELIMINARY_GEOLOCATION_STATUS,S4_X,S4_Y,S4_LATITUDE,S4_LONGITUDE
26319997,2024,8/2/2024 21:26,8/2/2024 22:15,FHP24ON0385778,L,2,3,20,0,St. Johns,Unincorporated,Urban,8/2/2024 21:26,8/2/2024 21:28,8/2/2024 21:32,8/3/2024 0:35,Y,Law Enforcement,I-95,,29.67889,-81.31586,165,West,US-1,,Interstate,Paved,Not at Intersection,N,Dark - Not Lighted,Cloudy,Dry,N,"Sideswipe, Same Direction",Motor Vehicle in Transport,On Roadway,N,Non-Junction,None,,,None,,,N,,,,,TPR,Florida Highway Patrol,Florida Highway Patrol (FHP),8/4/2024 19:15,8/4/2024 19:15,2,Y,Same Direction Sideswipe,Sideswipe,Serious Injury,Incapacitating Injury,NIGHT,N,N,Y,N,N,N,N,Y,N,2,1,0,0,1,0,0,0,1,0,0,0,0,0,2,0,0,1,0,0,0,0,0,0,0,N,0,0,N,0,0,1,0,2,7700,2,14000,21700,1,0,0,Preliminary,Editor Mapped,437967.9997,3352964.753,30.30685809,-81.6451547
89751379,2024,2/17/2024 16:38,5/21/2024 22:18,FHP24ON0081723,L,1,1,2,38,Duval,Jacksonville,Urban,2/17/2024 16:52,2/17/2024 16:54,2/17/2024 17:03,2/17/2024 21:19,Y,Law Enforcement,STATE ROAD 9B,,30.12066,-81.51729,,,INTERSTATE 95 EXIT,,State,Paved,Not at Intersection,Y,Dawn,Rain,Wet,N,Other,Other Fixed Object,Off Roadway,Y,Entrance/Exit Ramp,Road Surface Condition,,,Weather Conditions,,,N,,,,,TPR,Florida Highway Patrol,Florida Highway Patrol (FHP),3/2/2024 19:19,6/4/2024 19:51,14,Y,Off Road,Off Road,Fatality,Fatal (within 30 days),DAY,N,N,N,N,Y,N,N,Y,N,0,0,0,0,0,1,1,0,0,0,0,0,0,0,1,0,0,0,1,0,0,1,0,0,0,N,0,0,N,0,0,0,0,0,0,1,9000,9000,0,0,1,Preliminary,Editor Mapped,450510.394,3332019.996,30.1184317,-81.51373149
26101038,2024,5/28/2024 2:26,5/28/2024 3:25,327039,L,1,1,2,38,Duval,Jacksonville,Urban,5/28/2024 2:28,5/28/2024 2:28,5/28/2024 2:28,5/28/2024 7:11,Y,Law Enforcement,HWY AVE,5105,30.32143635,-81.7318902,45,West,,,Local,Unpaved,Not at Intersection,N,Dark - Lighted,Clear,Dry,N,Other,Utility Pole/Light Support,Off Roadway,N,Non-Junction,None,,,None,,,N,,,,,OFFICER,Jacksonville Sheriff's Office,Sheriff's Office (SO),6/3/2024 19:40,6/3/2024 19:40,6,Y,Off Road,Off Road,Serious Injury,Incapacitating Injury,NIGHT,Y,N,N,N,N,N,N,Y,N,0,1,0,0,1,0,0,0,0,0,0,0,0,0,1,0,0,0,1,1,1,0,0,0,0,N,0,0,N,0,0,4,0,1,10000,1,10000,20000,1,0,0,Preliminary,Editor Mapped,429639.0147,3354636.378,30.32148616,-81.7318856
26104148,2024,6/1/2024 23:30,6/2/2024 0:14,338154,L,1,1,2,38,Duval,Jacksonville,Urban,6/1/2024 23:32,6/1/2024 23:34,6/1/2024 23:39,6/2/2024 0:10,N,Law Enforcement,BROOKVIEW DR N,,30.32383848,-81.53010893,0,,SR 10 ATLANTIC BLVD,,Local,Unpaved,T-Intersection,N,Dark - Lighted,Clear,Dry,N,Angle,Pedestrian,On Roadway,N,Non-Junction,None,,,None,,,N,,,,,OFFICER,Jacksonville Sheriff's Office,Sheriff's Office (SO),6/3/2024 19:40,6/3/2024 19:40,2,Y,Pedestrian,Pedestrian,Serious Injury,Incapacitating Injury,NIGHT,N,N,N,N,N,Y,N,N,N,0,1,0,0,1,0,0,0,0,0,0,1,0,1,0,0,0,0,0,0,0,0,0,0,0,Y,1,0,N,0,0,0,0,0,0,0,0,0,1,0,0,Preliminary,Editor Mapped,449038.1171,3354796.255,30.32390217,-81.53011512
26105503,2024,6/2/2024 22:30,6/29/2024 18:17,339965,L,2,2,2,38,Duval,Jacksonville,Urban,6/2/2024 22:38,6/2/2024 22:38,6/2/2024 22:48,6/3/2024 0:09,Y,Law Enforcement,MCCORMICK RD,,30.35953831,-81.48991025,0,,N KERNAN BLVD,,State,Paved,Four-Way Intersection,N,Dark - Lighted,Clear,Dry,N,Front to Front,Motor Vehicle in Transport,On Roadway,N,Intersection,None,,,None,,,N,,,,,OFFICER,Jacksonville Sheriff's Office,Sheriff's Office (SO),6/3/2024 19:40,6/30/2024 19:12,1,Y,Left Entering,Left Turn,Serious Injury,Incapacitating Injury,NIGHT,N,N,N,N,N,N,Y,N,N,1,1,0,0,1,0,0,0,0,0,0,0,0,0,2,0,1,0,0,0,0,0,0,0,0,N,0,0,N,0,0,1,0,0,0,2,10000,10000,0,0,0,Preliminary,Editor Mapped,452891.9547,3358726.906,30.35952792,-81.49020476
26340867,2024,5/26/2024 18:27,5/26/2024 19:24,FHP24ON0264931,L,1,1,41,0,Nassau,Unincorporated,Urban,5/26/2024 18:32,5/26/2024 18:37,5/26/2024 18:59,5/26/2024 20:31,Y,Law Enforcement,COUNTY ROAD 121 NB,,30.32929,-82.00876,496,South,HORSESHOE CIRCLE,,County,Unpaved,Not at Intersection,N,Daylight,Clear,Dry,N,Other,Ditch,Off Roadway,N,Non-Junction,None,,,None,,,N,,,,,TPR,Florida Highway Patrol,Florida Highway Patrol (FHP),6/3/2024 19:39,6/3/2024 19:39,8,Y,Off Road,Off Road,Serious Injury,Incapacitating Injury,DAY,N,Y,N,N,N,N,N,Y,N,0,1,0,0,1,0,0,0,0,0,0,0,0,0,1,0,0,0,0,0,0,0,0,0,0,N,0,0,N,0,0,0,0,0,0,1,9000,9000,1,0,0,Preliminary,Editor Mapped,402986.8166,3359083.597,30.35976759,-82.00949878
26344544,2024,5/25/2024 20:55,5/25/2024 21:58,FHP24ON0263470,L,2,3,41,0,Nassau,Unincorporated,Rural,5/25/2024 21:01,5/25/2024 21:15,5/25/2024 21:31,5/25/2024 23:47,Y,Law Enforcement,US 17,,30.58675213,-81.60058595,4180,North,LANKFORD AVENUE,,U.S.,Paved,Not at Intersection,N,Dark - Not Lighted,Cloudy,Wet,N,Other,Motor Vehicle in Transport,On Roadway,N,Other,None,,,None,,,N,,,,,TPR,Florida Highway Patrol,Florida Highway Patrol (FHP),6/3/2024 19:39,6/3/2024 19:39,9,Y,Left Entering,Left Turn,Serious Injury,Incapacitating Injury,NIGHT,N,N,N,N,N,N,N,N,N,1,2,0,0,2,0,0,0,0,1,0,0,0,0,2,0,0,1,0,0,0,0,2,2,0,N,0,0,N,0,0,1,0,0,0,2,35000,35000,2,0,0,Preliminary,Editor Mapped,441740.9447,3382823.832,30.57647889,-81.60758514
26363378,2024,5/26/2024 2:07,5/26/2024 2:35,FHP24ON0263797,L,1,2,2,38,Duval,Jacksonville,Urban,5/26/2024 2:12,5/26/2024 2:14,5/26/2024 2:25,5/26/2024 3:21,Y,Law Enforcement,STATE ROAD 113,,30.35543443,-81.55289733,2368,North,INTERSTATE 295 NB,,State,Paved,Not at Intersection,N,Dark - Lighted,Cloudy,Dry,N,Other,Other Non-Collision,On Roadway,Y,Entrance/Exit Ramp,None,,,None,,,N,,,,,TPR,Florida Highway Patrol,Florida Highway Patrol (FHP),6/3/2024 19:39,6/3/2024 19:39,8,Y,Single Vehicle,Other,Serious Injury,Incapacitating Injury,NIGHT,N,N,N,N,N,N,N,Y,N,0,2,1,0,1,0,0,0,0,0,0,0,0,0,1,0,0,1,0,0,0,0,0,0,0,N,0,0,N,0,0,1,0,0,0,1,8000,8000,1,0,0,Preliminary,Editor Mapped,446869.4478,3358299.747,30.35542334,-81.55285079
26380479,2024,9/4/2024 9:46,9/4/2024 10:43,FHP24ON0444121,L,1,1,2,38,Duval,Jacksonville,Urban,9/4/2024 9:51,9/4/2024 10:00,9/4/2024 10:03,9/4/2024 11:15,Y,Law Enforcement,INTERSTATE 295 SB,,30.44498,-81.60444,1558,West,PULASKI ROAD,,Interstate,Paved,Not at Intersection,N,Daylight,Rain,Wet,N,Other,Utility Pole/Light Support,Off Roadway,N,Non-Junction,None,,,Weather Conditions,,,N,,,,,TPR,Florida Highway Patrol,Florida Highway Patrol (FHP),9/16/2024 19:28,9/16/2024 19:28,12,Y,Off Road,Off Road,Serious Injury,Incapacitating Injury,DAY,N,N,N,N,N,N,N,Y,N,0,1,0,0,1,0,0,0,0,0,0,0,0,0,1,0,0,0,0,0,0,0,0,0,0,N,0,0,N,0,0,0,0,0,0,1,50000,50000,1,0,0,Preliminary,Editor Mapped,441440.6852,3368387.433,30.44619895,-81.60990273
26297182,2024,3/7/2024 6:20,3/7/2024 8:59,FHP24ON0115889,L,2,2,2,38,Duval,Jacksonville,Urban,3/7/2024 7:41,3/7/2024 7:50,3/7/2024 8:18,3/7/2024 12:00,Y,Law Enforcement,US-301 NORTH,,30.27932474,-81.98445088,2344,South,I-10,,U.S.,Unpaved,Not at Intersection,Y,Dawn,"Fog, Smog, Smoke",Dry,N,Front to Rear,Parked Motor Vehicle,Off Roadway,N,Non-Junction,None,,,None,,,N,,,,,TPR,Florida Highway Patrol,Florida Highway Patrol (FHP),3/18/2024 19:53,3/18/2024 19:53,11,Y,Parked Vehicle,Other,Serious Injury,Incapacitating Injury,NIGHT,N,N,Y,N,N,N,N,Y,N,1,1,0,0,1,0,0,0,1,0,0,0,0,0,1,0,0,1,1,0,0,0,0,0,0,N,0,0,N,0,0,0,0,0,0,2,8000,8000,1,0,0,Preliminary,Editor Mapped,405310.3506,3350144.378,30.27929499,-81.98451674
25459442,2024,8/2/2024 10:20,8/2/2024 10:51,SJSO24CAD170248,L,1,2,20,0,St. Johns,Unincorporated,Rural,8/2/2024 10:24,8/2/2024 10:25,8/2/2024 10:27,8/2/2024 12:03,Y,Law Enforcement,PONTE VEDRA BLVD,1172,30.14959,-81.35405,1877,South,,,State,Unpaved,Not at Intersection,N,Daylight,Clear,Dry,N,Other,Tree (standing),Off Roadway,N,Other,None,,,None,,,N,,,,,LE DEPUTY,St. Johns County Sheriff's Office,Sheriff's Office (SO),8/13/2024 19:45,8/13/2024 19:45,11,Y,Off Road,Off Road,Serious Injury,Incapacitating Injury,DAY,N,N,N,N,N,N,N,Y,N,0,2,0,1,1,0,0,0,1,0,0,0,0,0,1,0,0,1,0,0,0,0,0,0,0,N,0,0,N,0,0,0,0,2,10300,1,25000,35300,2,0,0,Preliminary,Editor Mapped,465845.9262,3335676.56,30.15195564,-81.35466065
26380434,2024,7/15/2024 15:57,7/15/2024 16:33,FHP24ON0353246,L,2,4,2,38,Duval,Jacksonville,Urban,7/15/2024 16:02,7/15/2024 16:05,7/15/2024 16:10,7/15/2024 16:47,Y,Law Enforcement,INTERSTATE 10 EB,,30.31023,-81.83305,3359,East,CHAFFEE ROAD,,Interstate,Paved,Not at Intersection,N,Daylight,Rain,Wet,N,Front to Rear,Motor Vehicle in Transport,On Roadway,N,Non-Junction,Road Surface Condition,,,Weather Conditions,,,N,,,,,TPR,Florida Highway Patrol,Florida Highway Patrol (FHP),7/28/2024 19:14,7/28/2024 19:14,13,Y,Rear End,Rear End,Serious Injury,Incapacitating Injury,DAY,N,N,Y,N,N,N,N,N,N,0,4,3,0,1,0,0,0,0,0,0,0,0,0,2,0,0,2,0,0,0,0,0,0,0,N,0,0,N,0,0,1,0,0,0,2,3000,3000,2,0,0,Preliminary,Editor Mapped,419901.9299,3353459.413,30.3102603,-81.83307118
25967150,2024,2/1/2024 15:28,2/1/2024 0:00,2024-00012780,L,1,1,41,30,Nassau,Callahan,Rural,2/1/2024 15:28,2/1/2024 15:32,2/1/2024 15:40,2/1/2024 16:15,Y,Motorist,US HWY 17,122,,,64,West,,,U.S.,Paved,Not at Intersection,,Daylight,Clear,Dry,N,Unknown,Tree (standing),Off Roadway,N,Non-Junction,None,,,None,,,N,,,,,,Nassau County Sheriff's Office,Sheriff's Office (SO),2/11/2024 19:10,2/11/2024 19:10,10,Y,Off Road,Off Road,Serious Injury,Incapacitating Injury,DAY,N,N,N,N,N,N,N,Y,N,0,1,0,0,1,0,0,0,0,0,0,0,0,0,1,1,0,0,0,0,0,0,0,0,0,N,0,0,N,0,0,0,0,0,0,1,6000,6000,0,0,0,Preliminary,Editor Mapped,427240.571,3096680.904,27.99330176,-81.73995041
26199701,2024,12/2/2024 7:30,12/2/2024 0:00,240004129,L,2,1,2,40,Duval,Jacksonville Beach,Urban,12/2/2024 7:31,12/2/2024 7:32,12/2/2024 7:35,12/2/2024 8:11,Y,Law Enforcement,3RD ST N,,30.306182,-81.395514,151,South,18TH AVE N,,State,Curb,Not at Intersection,N,Daylight,Clear,Dry,N,,Parked Motor Vehicle,In Parking Lane or Zone,N,Non-Junction,None,,,None,,,N,,,,,OFFICER,Jacksonville Beach Police Department,Police Department (PD),12/4/2024 19:30,12/4/2024 19:30,2,Y,Parked Vehicle,Other,Serious Injury,Incapacitating Injury,DAY,N,N,N,N,N,N,N,Y,N,0,1,0,0,1,0,0,0,0,1,0,0,0,0,1,0,1,0,0,0,0,0,1,1,0,N,0,0,N,0,0,1,0,0,0,2,13000,13000,1,0,0,Preliminary,Editor Mapped,461966.1898,3352796.457,30.30633193,-81.39556552
26386231,2024,10/29/2024 8:30,2/13/2025 15:50,FHP24ON0545903,L,1,2,20,0,St. Johns,Unincorporated,Rural,10/29/2024 8:38,10/29/2024 8:40,10/29/2024 8:50,10/29/2024 12:00,Y,Law Enforcement,INTERSTATE 95,,29.95804,-81.44472,9919,South,MILE MARKER 321,,Interstate,Paved,Not at Intersection,Y,Daylight,Cloudy,Dry,N,Other,Tree (standing),Off Roadway,N,Non-Junction,None,,,None,,,N,,,,,CPL,Florida Highway Patrol,Florida Highway Patrol (FHP),11/27/2024 19:32,2/27/2025 19:31,29,Y,Off Road,Off Road,Fatality,Fatal (within 30 days),DAY,N,N,N,Y,N,N,N,Y,N,0,1,0,1,0,1,1,0,1,0,0,0,0,0,1,0,0,1,2,1,0,1,0,0,0,N,0,0,N,0,0,3,0,0,0,1,15000,15000,2,0,0,Preliminary,Editor Mapped,457112.6312,3314221.082,29.9580594,-81.44448072
26352601,2024,6/2/2024 14:40,6/2/2024 15:38,FHP24ON0277212,L,1,5,2,38,Duval,Jacksonville,Urban,6/2/2024 14:57,6/2/2024 15:02,6/2/2024 15:21,6/2/2024 18:36,Y,Law Enforcement,US 90 (BEACH BLVD),,30.28701,-81.52581,65,West,SAINT JOHNS BLUFF RD S,,U.S.,Curb,Not at Intersection,N,Daylight,Cloudy,Dry,N,Front to Front,Pedalcycle,On Roadway,N,Non-Junction,None,,,None,,,N,,,,,TPR,Florida Highway Patrol,Florida Highway Patrol (FHP),6/7/2024 19:24,6/7/2024 19:24,5,Y,Bicycle,Bicycle,Serious Injury,Incapacitating Injury,DAY,N,N,N,Y,N,N,N,Y,N,0,5,4,0,1,0,0,0,0,0,0,1,1,0,1,0,0,3,0,0,0,0,0,0,0,N,0,0,Y,1,0,0,0,0,0,1,4000,4000,5,0,0,Preliminary,Editor Mapped,449686.0217,3350684.045,30.28682149,-81.52317863
25322311,2024,3/17/2024 15:04,3/17/2024 17:42,168396,L,1,2,2,38,Duval,Jacksonville,Urban,3/17/2024 15:04,3/17/2024 15:04,3/17/2024 15:04,3/17/2024 17:44,Y,Law Enforcement,WESTBROOK RD,,30.3365536,-81.70432593,21,East,COMMONWEALTH AVE,,Local,Unpaved,Not at Intersection,N,Daylight,Clear,Dry,N,Other,Utility Pole/Light Support,On Roadway,N,Non-Junction,None,,,None,,,N,,,,,OFFICER,Jacksonville Sheriff's Office,Sheriff's Office (SO),3/22/2024 19:23,3/22/2024 19:23,5,Y,Off Road,Off Road,Serious Injury,Incapacitating Injury,DAY,N,N,N,N,N,Y,N,Y,N,0,2,0,1,1,0,0,0,0,0,0,0,0,0,1,0,0,1,0,0,0,0,0,0,0,N,0,0,N,0,0,0,0,0,0,1,30000,30000,2,0,0,Preliminary,Editor Mapped,432301.7083,3356291.373,30.33657198,-81.70429726
25689554,2024,3/10/2024 10:19,3/10/2024 10:40,152187,L,2,2,2,38,Duval,Jacksonville,Urban,3/10/2024 10:21,3/10/2024 10:21,3/10/2024 10:27,3/10/2024 12:07,Y,Law Enforcement,CESERY BLVD,,30.35180962,-81.59682752,0,,MERRILL RD,,State,Curb,Four-Way Intersection,N,Daylight,Clear,Dry,N,Angle,Motor Vehicle in Transport,On Roadway,Y,Intersection,None,,,None,,,N,,,,,OFFICER,Jacksonville Sheriff's Office,Sheriff's Office (SO),3/11/2024 19:25,3/11/2024 19:25,1,Y,Right Angle,Angle,Serious Injury,Incapacitating Injury,DAY,N,N,N,N,N,N,Y,N,N,0,2,0,1,1,0,0,0,0,0,0,0,0,0,2,0,0,0,0,0,0,0,0,0,0,N,0,0,N,0,0,1,0,0,0,2,17000,17000,2,0,0,Preliminary,Editor Mapped,442641.2841,3357920.077,30.35180388,-81.59682428
26281155,2024,3/24/2024 4:50,5/22/2024 14:25,FHP24ON0147796,L,2,4,2,38,Duval,Jacksonville,Urban,3/24/2024 4:55,3/24/2024 5:01,3/24/2024 5:17,3/24/2024 10:20,Y,Law Enforcement,INTERSTATE 95 NB,,30.10685,-81.50634,14217,South,STATE ROAD 9B,,Interstate,Paved,Not at Intersection,Y,Dark - Lighted,Clear,Dry,N,Other,Pedestrian,On Roadway,N,Non-Junction,Obstruction in Roadway,,,Physical Obstruction(s),,,N,,,,,TPR,Florida Highway Patrol,Florida Highway Patrol (FHP),4/2/2024 19:52,5/23/2024 19:24,9,Y,Pedestrian,Pedestrian,Fatality,Fatal (within 30 days),NIGHT,N,N,N,N,N,N,N,N,N,3,0,0,0,0,1,1,0,0,0,0,1,0,0,2,1,0,1,0,0,0,0,0,0,0,N,0,0,N,0,0,0,0,0,0,2,1500,1500,0,1,0,Preliminary,Editor Mapped,451214.3982,3330727.398,30.10679554,-81.50636426
26287662,2024,1/10/2024 20:11,1/10/2024 20:55,FHP24ON0016369,L,2,3,2,38,Duval,Jacksonville,Urban,1/10/2024 20:11,1/10/2024 20:12,1/10/2024 20:29,1/10/2024 22:08,Y,Law Enforcement,KINGS ROAD,,30.41227,-81.74749,0,,INTERSTATE 295 ENTRANCE RAMP,,Interstate,Paved,Four-Way Intersection,N,Dark - Not Lighted,Clear,Dry,N,Other,Motor Vehicle in Transport,On Roadway,Y,Intersection,None,,,None,,,N,,,,,TPR,Florida Highway Patrol,Florida Highway Patrol (FHP),1/31/2024 20:56,1/31/2024 20:56,21,Y,Other,Other,Serious Injury,Incapacitating Injury,NIGHT,N,N,N,N,N,N,Y,N,N,0,3,0,0,3,0,0,0,0,0,0,0,0,0,2,1,0,1,0,0,0,0,0,0,0,N,0,0,N,0,0,1,0,0,0,2,24000,24000,3,0,0,Preliminary,Editor Mapped,428300.7014,3364521.329,30.41060279,-81.74648278
26290620,2024,1/4/2024 14:20,1/4/2024 14:46,FHP24ON0005528,L,2,2,48,0,Clay,Unincorporated,Rural,1/4/2024 14:25,1/4/2024 14:28,1/4/2024 14:31,1/4/2024 15:13,Y,Law Enforcement,STATE ROAD 16,,29.98344157,-81.74375813,1392,West,SPRINGBANK ROAD,,State,Unpaved,Not at Intersection,N,Daylight,Clear,Dry,N,Angle,Motor Vehicle in Transport,On Roadway,N,Driveway/Alley Access Related,None,,,None,,,N,,,,,TPR,Florida Highway Patrol,Florida Highway Patrol (FHP),1/11/2024 19:27,1/11/2024 19:27,7,Y,Left Leaving,Left Turn,Serious Injury,Incapacitating Injury,DAY,N,N,Y,N,N,N,N,N,N,0,2,1,0,1,0,0,0,0,0,0,0,0,0,2,0,1,0,0,0,0,0,0,0,0,N,0,0,N,0,0,1,0,0,0,2,18000,18000,1,0,0,Preliminary,Editor Mapped,428240.4313,3317181.393,29.98342383,-81.74389168
26295722,2024,2/25/2024 10:55,2/25/2024 11:39,FHP24ON0095878,L,2,2,2,38,Duval,Jacksonville,Urban,2/25/2024 10:58,2/25/2024 11:00,2/25/2024 11:24,2/25/2024 13:01,Y,Law Enforcement,I-95,,30.42998,-81.65761,126,North,DUNN AVE,,Interstate,Paved,Not at Intersection,N,Daylight,Cloudy,Dry,N,Front to Rear,Motor Vehicle in Transport,On Roadway,N,Non-Junction,None,,,None,,,N,,,,,TPR,Florida Highway Patrol,Florida Highway Patrol (FHP),3/5/2024 19:57,3/5/2024 19:57,9,Y,Rear End,Rear End,Serious Injury,Incapacitating Injury,DAY,Y,N,N,N,N,N,N,N,N,1,1,0,0,1,0,0,0,0,1,0,0,0,0,2,0,0,0,0,0,0,0,1,1,0,N,0,0,N,0,0,1,0,0,0,2,20500,20500,1,0,0,Preliminary,Editor Mapped,436962.3823,3366341.67,30.42751287,-81.65641868
89756387,2024,3/2/2024 17:50,3/2/2024 19:57,FHP24ON0107873,L,1,2,48,40,Clay,Green Cove Springs,Urban,3/2/2024 18:02,3/2/2024 18:05,3/2/2024 18:23,3/2/2024 19:30,Y,Law Enforcement,DIRT TRAIL,,30.00112623,-81.86583315,,,STATE ROAD 16,,Other,Unpaved,Not at Intersection,N,Daylight,Clear,"Mud, Dirt, Gravel",N,Other,Overturn/Rollover,Off Roadway,N,Non-Junction,None,,,None,,,N,,,,,TPR,Florida Highway Patrol,Florida Highway Patrol (FHP),3/18/2024 19:53,3/18/2024 19:53,16,Y,Rollover,Rollover,Serious Injury,Incapacitating Injury,DAY,Y,N,N,N,N,N,N,Y,Y,0,2,1,0,1,0,0,0,0,0,0,0,0,0,1,0,0,1,0,0,0,0,0,0,0,N,0,0,N,0,0,0,0,0,0,1,2500,2500,1,0,1,Preliminary,Editor Mapped,416492.1227,3319224.922,30.00111959,-81.86582911
26299019,2024,1/29/2024 15:40,1/29/2024 16:17,FHP24ON0048767,L,3,7,2,38,Duval,Jacksonville,Urban,1/29/2024 15:45,1/29/2024 15:51,1/29/2024 15:57,1/29/2024 16:56,Y,Law Enforcement,INTERSTATE 295 NB,,30.28876401,-81.77164324,141,North,NORMANDY BOULEVARD,,Interstate,Paved,Not at Intersection,N,Daylight,Clear,Dry,N,Front to Rear,Motor Vehicle in Transport,On Roadway,N,Non-Junction,None,,,None,,,N,,,,,TPR,Florida Highway Patrol,Florida Highway Patrol (FHP),2/12/2024 19:32,2/12/2024 19:32,14,Y,Rear End,Rear End,Serious Injury,Incapacitating Injury,DAY,N,N,N,N,N,N,N,Y,N,0,7,3,3,1,0,0,0,0,0,0,0,0,0,3,0,0,4,0,0,0,0,0,0,0,N,0,0,N,0,0,1,0,0,0,3,58000,58000,5,0,0,Preliminary,Editor Mapped,425865.2699,3351629.252,30.29412625,-81.7709243