REPORT_NUMBER,CRASH_YEAR,CRASH_DATE_AND_TIME,REPORT_DATE_AND_TIME,INVESTIGATING_AGENCY_REPORT_NUMBER,FORM_TYPE,TOTAL_NUMBER_OF_VEHICLES,TOTAL_NUMBER_OF_PERSONS,COUNTY_CODE,CITY_CODE,COUNTY_NAME,CITY_NAME,RURAL_OR_URBAN,NOTIFIED_TIME,DISPATCHED_TIME,ARRIVED_TIME,CLEARED_TIME,COMPLETED_FLAG,NOTIFIED_BY,ON_STREET_ROAD_HIGHWAY,STREET_ADDRESS_NUMBER,LATITUDE,LONGITUDE,FEET_FROM_INTERSECTION,DIRECTION_FROM_INTERSECTION,FROM_INTERSECTION_OF,MILEPOST_NUMBER,ROAD_SYSTEM_IDENTIFER,TYPE_OF_SHOULDER,TYPE_OF_INTERSECTION,PHOTOS_TAKEN,LIGHT_CONDITION,WEATHER_CONDITION,ROAD_SURFACE_CONDITION,SCHOOL_BUS_RELATED_CODE,TYPE_OF_IMPACT,FIRST_HARMFUL_EVENT,LOCATION,INTERCHANGE_FLAG,JUNCTION_FLAG,ROAD_CIRCUMSTANCES_1,ROAD_CIRCUMSTANCES_2,ROAD_CIRCUMSTANCES_3,ENVIRONMENT_CIRCUMSTANCES_1,ENVIRONMENT_CIRCUMSTANCES_2,ENVIRONMENT_CIRCUMSTANCES_3,WORK_ZONE_RELATED_FLAG,CRASH_IN_WORK_ZONE,TYPE_OF_WORK_ZONE,WORKERS_PRESENT,LAW_ENFORCEMENT_PRESENT,INVESTIGATOR_RANK,INVESTIGATING_AGENCY_NAME,INVESTIGATING_AGENCY_TYPE,LOAD_DATE,UPDATE_DATE,DAYS_TO_LOAD,CODEABLE,S4_CRASH_TYPE,S4_CRASH_TYPE_SIMPLIFIED,S4_CRASH_SEVERITY,S4_CRASH_SEVERITY_DETAIL,S4_DAY_OR_NIGHT,S4_IS_AGGRESSIVE_DRIVING,S4_IS_ALCOHOL_RELATED,S4_IS_CMV_INVOLVED,S4_IS_DISTRACTED,S4_IS_DRUG_RELATED,S4_IS_HIT_AND_RUN,S4_IS_INTERSECTION_RELATED,S4_IS_LANE_DEPARTURE_RELATED,S4_IS_SPEEDING_RELATED,S4_NONE_INJURY_COUNT,S4_INJURY_COUNT,S4_POSSIBLE_INJURY_COUNT,S4_NON_INCAPACITATING_INJURY_COUNT,S4_INCAPACITATING_INJURY_COUNT,S4_FATALITY_COUNT,S4_FATALITY_WITHIN_30_DAYS_COUNT,S4_NON_TRAFFIC_FATALITY_COUNT,S4_TRAILER_COUNT,S4_MOTORCYCLE_COUNT,S4_MOPED_COUNT,S4_NON_MOTORIST_COUNT,S4_BICYCLIST_COUNT,S4_PEDESTRIAN_COUNT,S4_DRIVER_COUNT,S4_AGING_DRIVER_COUNT,S4_TEENAGER_DRIVER_COUNT,S4_PASSENGER_COUNT,S4_UNRESTRAINED_COUNT,S4_UNRESTRAINED_INJURY_COUNT,S4_UNRESTRAINED_INCAPACITATING_INJURY_COUNT,S4_UNRESTRAINED_FATALITY_COUNT,S4_MOTORCYCLIST_COUNT,S4_MOTORCYCLIST_INCAPACITATING_INJURY_COUNT,S4_MOTORCYCLIST_FATALITY_COUNT,S4_IS_PEDESTRIAN_INVOLVED,S4_PEDESTRIAN_INCAPACITATING_INJURY_COUNT,S4_PEDESTRIAN_FATALITY_COUNT,S4_IS_BICYCLIST_INVOLVED,S4_BICYCLIST_INCAPACITATING_INJURY_COUNT,S4_BICYCLIST_FATALITY_COUNT,S4_CITATION_COUNT,S4_CITATION_AMOUNT,S4_PROPERTY_DAMAGE_COUNT,S4_PROPERTY_DAMAGE_AMOUNT,S4_VEHICLE_DAMAGE_COUNT,S4_VEHICLE_DAMAGE_AMOUNT,S4_TOTAL_DAMAGE_AMOUNT,S4_TRANSPORT_BY_EMS_COUNT,S4_TRANSPORT_BY_LAW_ENFORCEMENT_COUNT,S4_TRANSPORT_BY_OTHER_COUNT,S4_GEOLOCATION_STATUS,S4_PRELIMINARY_GEOLOCATION_STATUS,S4_X,S4_Y,S4_LATITUDE,S4_LONGITUDE
89759199,2024,2/21/2024 14:19,2/21/2024 15:24,FHP24ON0088712,L,3,4,2,38,Duval,Jacksonville,Urban,2/21/2024 14:29,2/21/2024 14:33,2/21/2024 14:49,2/21/2024 16:41,Y,Law Enforcement,INTERTATE 295,,30.29148301,-81.52172309,208,North,BEACH BLVD,,Interstate,Paved,Not at Intersection,N,Daylight,Clear,Dry,N,"Sideswipe, Same Direction",Motor Vehicle in Transport,On Roadway,N,Non-Junction,None,,,None,,,N,,,,,TPR,Florida Highway Patrol,Florida Highway Patrol (FHP),3/4/2024 19:15,3/4/2024 19:15,12,Y,Same Direction Sideswipe,Sideswipe,Serious Injury,Incapacitating Injury,DAY,Y,N,N,N,N,N,N,Y,Y,3,1,0,0,1,0,0,0,0,1,0,0,0,0,3,0,1,1,0,0,0,0,1,1,0,N,0,0,N,0,0,4,0,0,0,3,10000,10000,1,0,0,Preliminary,Editor Mapped,449828.285,3351198.671,30.29147129,-81.52172397
26299060,2024,3/12/2024 15:11,3/12/2024 15:44,FHP24ON0126154,L,1,2,2,38,Duval,Jacksonville,Urban,3/12/2024 15:16,3/12/2024 15:20,3/12/2024 15:28,3/12/2024 16:45,Y,Law Enforcement,INTERSTATE 95 NB EXIT RAMP,,30.18566152,-81.55684383,310,North,PHILIPS HIGHWAY,,Interstate,Paved,Not at Intersection,N,Daylight,Clear,Dry,N,Other,Overturn/Rollover,Off Roadway,Y,Entrance/Exit Ramp,None,,,None,,,N,,,,,TPR,Florida Highway Patrol,Florida Highway Patrol (FHP),3/24/2024 19:14,3/24/2024 19:14,12,Y,Rollover,Rollover,Serious Injury,Incapacitating Injury,DAY,N,N,N,N,N,N,N,Y,N,0,2,0,0,2,0,0,0,0,0,0,0,0,0,1,0,1,1,0,0,0,0,0,0,0,N,0,0,N,0,0,0,0,0,0,1,9000,9000,2,0,0,Preliminary,Editor Mapped,446344.9591,3339491.579,30.18567883,-81.55734849
26097620,2024,2/19/2024 16:35,2/19/2024 17:55,107421,L,2,2,2,38,Duval,Jacksonville,Urban,2/19/2024 16:40,2/19/2024 16:40,2/19/2024 16:50,2/19/2024 17:55,Y,Law Enforcement,US 1 (PHILIPS HWY),14200,30.11827115,-81.49279623,6503,West,PALM BAY PARKWAY,,U.S.,Unpaved,T-Intersection,N,Daylight,Clear,Dry,N,Angle,Motor Vehicle in Transport,On Roadway,N,Non-Junction,None,,,None,,,N,,,,,OFFICER,Jacksonville Sheriff's Office,Sheriff's Office (SO),3/1/2024 19:35,3/1/2024 19:35,11,Y,Left Rear,Left Turn,Serious Injury,Incapacitating Injury,DAY,N,N,N,N,N,N,N,N,N,0,2,1,0,1,0,0,0,0,0,0,0,0,0,2,1,0,0,0,0,0,0,0,0,0,N,0,0,N,0,0,0,0,0,0,2,30000,30000,1,0,0,Preliminary,Editor Mapped,452527.4175,3331992.685,30.11826546,-81.49279303
26102011,2024,2/17/2024 0:30,2/28/2024 16:40,102478,L,2,3,2,38,Duval,Jacksonville,Urban,2/17/2024 0:32,2/17/2024 0:32,2/17/2024 0:38,2/17/2024 2:41,Y,Law Enforcement,BEACH BLVD,,30.28672281,-81.53352718,0,,COUNTRYSIDE VILLAGE DR,,U.S.,Paved,Four-Way Intersection,N,Dark - Lighted,Clear,Dry,N,Angle,Motor Vehicle in Transport,On Roadway,N,Intersection,None,,,None,,,N,,,,,OFFICER,Jacksonville Sheriff's Office,Sheriff's Office (SO),2/18/2024 19:11,2/29/2024 19:23,1,Y,Left Entering,Left Turn,Serious Injury,Incapacitating Injury,NIGHT,N,N,N,N,N,N,Y,N,N,0,3,0,0,3,0,0,0,0,0,0,0,0,0,2,0,1,1,0,0,0,0,0,0,0,N,0,0,N,0,0,0,0,0,0,2,35000,35000,3,0,0,Preliminary,Editor Mapped,448691.0453,3350677.103,30.28671709,-81.53352396
89702668,2024,2/9/2024 10:40,3/26/2024 15:35,FHP24ON0067616,L,1,1,2,38,Duval,Jacksonville,Urban,2/9/2024 10:51,2/9/2024 10:53,2/9/2024 11:14,2/9/2024 19:24,Y,Law Enforcement,I 295 NB 25 MM,,30.33578,-81.76136,2190,North,COMMON WEALTH AVENUE,,Interstate,Paved,Not at Intersection,Y,Daylight,Clear,Dry,N,Other,Other Non-Collision,Off Roadway,N,Non-Junction,None,,,None,,,N,,,,,CPL,Florida Highway Patrol,Florida Highway Patrol (FHP),2/16/2024 19:22,3/28/2024 19:19,7,Y,Single Vehicle,Other,Fatality,Fatal (within 30 days),DAY,N,N,Y,N,N,N,N,Y,N,0,0,0,0,0,1,1,0,1,0,0,0,0,0,1,0,0,0,0,0,0,0,0,0,0,N,0,0,N,0,0,0,0,2,50000,1,5000,55000,1,0,0,Preliminary,Editor Mapped,426881.1,3357384.465,30.34611948,-81.76076267
89714886,2024,1/13/2024 14:19,1/13/2024 15:11,FHP24ON0021488,L,2,6,20,0,St. Johns,Unincorporated,Rural,1/13/2024 14:29,1/13/2024 14:37,1/13/2024 14:53,1/13/2024 16:03,Y,Law Enforcement,STATE ROAD 16,,29.95804,-81.46332,0,,SOUTH FRANCIS ROAD,,State,Unpaved,T-Intersection,N,Daylight,Cloudy,Dry,N,Angle,Motor Vehicle in Transport,On Roadway,N,Non-Junction,None,,,None,,,N,,,,,TPR,Florida Highway Patrol,Florida Highway Patrol (FHP),1/28/2024 19:12,1/28/2024 19:12,15,Y,Left Leaving,Left Turn,Serious Injury,Incapacitating Injury,DAY,N,N,N,N,N,N,N,Y,N,4,2,0,1,1,0,0,0,0,1,0,0,0,0,2,0,0,4,0,0,0,0,2,1,0,N,0,0,N,0,0,1,0,0,0,2,23000,23000,2,0,0,Preliminary,Editor Mapped,455294.9923,3314225.087,29.95803066,-81.46331822
89859390,2024,4/5/2024 10:35,4/5/2024 10:52,SJSO24CAD074664,L,3,3,20,50,St. Johns,St. Augustine,Urban,4/5/2024 10:36,4/5/2024 10:38,4/5/2024 10:43,4/5/2024 11:40,Y,Law Enforcement,US1,,29.9017,-81.32023,75,South,CINCINNATI,,U.S.,Curb,Not at Intersection,N,Daylight,Clear,Dry,N,Front to Rear,Motor Vehicle in Transport,On Roadway,N,Intersection-Related,None,,,None,,,N,,,,,SERGEANT,St. Augustine Police Department,Police Department (PD),4/6/2024 19:23,4/6/2024 19:23,1,Y,Rear End,Rear End,Serious Injury,Incapacitating Injury,DAY,N,N,Y,Y,N,N,Y,N,N,1,2,1,0,1,0,0,0,0,0,0,0,0,0,3,0,0,0,0,0,0,0,0,0,0,N,0,0,N,0,0,1,0,0,0,3,25500,25500,1,0,0,Preliminary,Editor Mapped,469080.6569,3307912.077,29.90148341,-81.32026479
89735608,2024,2/27/2024 17:10,2/27/2024 17:29,FHP24ON0100202,L,2,3,20,0,St. Johns,Unincorporated,Rural,2/27/2024 17:15,2/27/2024 17:18,2/27/2024 17:18,2/27/2024 18:21,Y,Law Enforcement,STATE ROAD 207,,29.72896,-81.4792,0,,COWPEN BRANCH ROAD,,State,Paved,Four-Way Intersection,N,Daylight,Clear,Dry,N,Angle,Motor Vehicle in Transport,On Roadway,N,Intersection,None,,,None,,,N,,,,,TPR,Florida Highway Patrol,Florida Highway Patrol (FHP),3/2/2024 19:19,3/2/2024 19:19,4,Y,Left Entering,Left Turn,Serious Injury,Incapacitating Injury,DAY,N,N,N,N,N,N,Y,N,N,1,2,0,1,1,0,0,0,1,0,0,0,0,0,2,0,0,1,0,0,0,0,0,0,0,N,0,0,N,0,0,1,0,0,0,2,35000,35000,2,0,0,Preliminary,Editor Mapped,453656.5852,3288845.345,29.72893018,-81.47920328
26106252,2024,1/22/2024 8:40,3/6/2024 12:21,44237,L,2,3,2,38,Duval,Jacksonville,Urban,1/22/2024 8:47,1/22/2024 8:50,1/22/2024 9:11,1/22/2024 23:20,Y,Law Enforcement,HERSCHEL ST,4330,30.28163716,-81.71330797,,,PALMER AVE,,Local,Curb,Not at Intersection,Y,Daylight,Cloudy,Dry,N,"Sideswipe, Opposite Direction",Motor Vehicle in Transport,On Roadway,N,Non-Junction,None,,,None,,,N,,,,,DETECTIVE,Jacksonville Sheriff's Office,Sheriff's Office (SO),1/23/2024 20:03,3/7/2024 19:22,1,Y,Opposing Sideswipe,Sideswipe,Fatality,Fatal (within 30 days),DAY,N,N,N,N,N,N,N,Y,N,1,0,0,0,0,1,1,1,0,0,0,0,0,0,2,2,0,1,1,0,0,0,0,0,0,N,0,0,N,0,0,0,0,1,100,2,16000,16100,2,0,0,Preliminary,Editor Mapped,431399.0285,3350219.828,30.28173458,-81.71329082
26828256,2024,12/8/2024 20:35,2/12/2025 13:23,745890,L,3,3,2,38,Duval,Jacksonville,Urban,12/8/2024 20:36,12/8/2024 20:36,12/8/2024 20:45,12/8/2024 23:20,Y,Law Enforcement,WESTBOUND MATHEWS BRIDGE,,30.32726008,-81.62462929,3131,East,,,State,Curb,Not at Intersection,N,Dark - Lighted,Clear,Dry,N,Front to Rear,Parked Motor Vehicle,On Roadway,N,Non-Junction,Obstruction in Roadway,,,None,,,N,,,,,DETECTIVE,Jacksonville Sheriff's Office,Sheriff's Office (SO),12/10/2024 20:09,2/18/2025 19:53,2,Y,Rear End,Rear End,Fatality,Fatal (within 30 days),NIGHT,N,N,N,N,N,N,N,Y,N,0,2,2,0,0,1,1,0,0,0,0,1,0,1,2,0,0,0,0,0,0,0,0,0,0,Y,0,1,N,0,0,0,0,0,0,3,40000,40000,1,0,0,Preliminary,Officer Mapped,439954.3207,3355213.958,30.32725432,-81.62462604
26340880,2024,6/7/2024 6:39,6/7/2024 7:41,FHP24ON0285254,L,4,4,2,38,Duval,Jacksonville,Urban,6/7/2024 6:44,6/7/2024 6:51,6/7/2024 7:05,6/7/2024 9:39,Y,Law Enforcement,INTERSTATE 295 NB,,30.26844,-81.52055,451,North,UNF DRIVE,,Interstate,Paved,Not at Intersection,N,Daylight,Clear,Dry,N,Front to Rear,Motor Vehicle in Transport,On Roadway,N,Non-Junction,None,,,None,,,Y,Activity Area,Work on Shoulder or Median,Y,N,TPR,Florida Highway Patrol,Florida Highway Patrol (FHP),6/16/2024 19:13,6/16/2024 19:13,9,Y,Rear End,Rear End,Serious Injury,Incapacitating Injury,NIGHT,N,N,Y,N,N,N,N,Y,N,0,4,3,0,1,0,0,0,2,0,0,0,0,0,4,0,0,0,0,0,0,0,0,0,0,N,0,0,N,0,0,6,0,1,240,4,33000,33240,1,0,0,Preliminary,Editor Mapped,449866.7328,3349322.965,30.27454681,-81.52123469
26340881,2024,6/7/2024 14:07,6/7/2024 14:43,FHP24ON0285937,L,2,1,2,38,Duval,Jacksonville,Urban,6/7/2024 14:12,6/7/2024 14:15,6/7/2024 14:30,6/7/2024 15:00,Y,Law Enforcement,INTERSTATE 10 EB,,30.32057,-81.68868,1530,East,INTERSTATE 95,,Interstate,Paved,Not at Intersection,N,Daylight,Clear,Dry,N,"Sideswipe, Same Direction",Motor Vehicle in Transport,On Roadway,N,Non-Junction,None,,,None,,,N,,,,,TPR,Florida Highway Patrol,Florida Highway Patrol (FHP),6/16/2024 19:13,6/16/2024 19:13,9,Y,Same Direction Sideswipe,Sideswipe,Serious Injury,Incapacitating Injury,DAY,N,N,N,N,N,Y,N,Y,N,0,1,0,0,1,0,0,0,0,0,0,0,0,0,1,0,0,0,0,0,0,0,0,0,0,N,0,0,N,0,0,1,0,0,0,1,500,500,1,0,0,Preliminary,Editor Mapped,433791.5182,3354513.704,30.32061372,-81.68868677
26340882,2024,6/8/2024 15:08,6/8/2024 15:49,FHP24ON0287976,L,1,1,2,38,Duval,Jacksonville,Urban,6/8/2024 15:13,6/8/2024 15:16,6/8/2024 15:39,6/8/2024 16:11,Y,Law Enforcement,INTERSTATE 95 NB,,30.55289,-81.64011,11592,North,PECAN PARK ROAD,,Interstate,Paved,Not at Intersection,N,Daylight,Clear,Dry,N,Other,Other Non-Collision,On Roadway,N,Non-Junction,None,,,None,,,N,,,,,TPR,Florida Highway Patrol,Florida Highway Patrol (FHP),6/16/2024 19:13,6/16/2024 19:13,8,Y,Single Vehicle,Other,Serious Injury,Incapacitating Injury,DAY,N,N,N,N,N,N,N,Y,N,0,1,0,0,1,0,0,0,0,1,0,0,0,0,1,0,0,0,0,0,0,0,1,1,0,N,0,0,N,0,0,0,0,0,0,1,500,500,1,0,0,Preliminary,Editor Mapped,438605.5578,3380226.282,30.55288378,-81.64012859
26044805,2024,6/15/2024 11:00,6/15/2024 11:17,SJSO24CAD131762,L,2,3,20,50,St. Johns,St. Augustine,Rural,6/15/2024 11:00,6/15/2024 11:01,6/15/2024 11:03,6/15/2024 11:31,Y,Law Enforcement,OLD DIXIE HWY,1333,29.87794,-81.32656,228,North,ARAPAHO AV,,Local,Paved,Not at Intersection,N,Daylight,Clear,Dry,N,Other,Motor Vehicle in Transport,On Roadway,N,Other,None,,,None,,,N,,,,,LE DEPUTY,St. Johns County Sheriff's Office,Sheriff's Office (SO),6/16/2024 19:14,6/16/2024 19:14,1,Y,Left Entering,Left Turn,Serious Injury,Incapacitating Injury,DAY,N,N,N,N,N,N,N,N,N,2,1,0,0,1,0,0,0,0,1,0,0,0,0,2,1,0,1,0,0,0,0,1,1,0,N,0,0,N,0,0,1,0,0,0,2,8000,8000,1,0,0,Preliminary,Editor Mapped,468464.4546,3305315.444,29.87803415,-81.32657097
89719827,2024,1/12/2024 10:31,4/19/2024 13:25,FHP24ON0019153,L,2,1,20,0,St. Johns,Unincorporated,Rural,1/12/2024 10:41,1/12/2024 10:45,1/12/2024 10:48,1/12/2024 14:40,Y,Law Enforcement,INTERSTATE 95 (SR-9),,29.95972324,-81.44577995,9195,South,MM 321,,Interstate,Paved,Not at Intersection,Y,Daylight,Rain,Wet,N,Front to Rear,Parked Motor Vehicle,On Roadway,N,Non-Junction,None,,,None,,,N,,,,,TPR,Florida Highway Patrol,Florida Highway Patrol (FHP),1/30/2024 19:52,4/23/2024 19:54,18,Y,Parked Vehicle,Other,Fatality,Fatal (within 30 days),DAY,N,N,N,Y,Y,N,N,Y,N,0,0,0,0,0,1,1,0,0,0,0,0,0,0,1,0,0,0,0,0,0,0,0,0,0,N,0,0,N,0,0,0,0,0,0,2,18000,18000,0,0,1,Preliminary,Editor Mapped,456986.5122,3314404.44,29.95970968,-81.44579516
26359313,2024,9/2/2024 19:46,9/2/2024 20:05,FHP24ON0441414,L,1,1,2,38,Duval,Jacksonville,Urban,9/2/2024 19:51,9/2/2024 19:57,9/2/2024 20:00,9/2/2024 21:34,Y,Law Enforcement,INTERSTATE 295,,30.28997,-81.77123,1967,North,WILSON BOULEVARD,,Interstate,Paved,Not at Intersection,N,Dusk,Clear,Dry,N,Other,Other Fixed Object,Off Roadway,N,Non-Junction,None,,,None,,,N,,,,,TPR,Florida Highway Patrol,Florida Highway Patrol (FHP),9/20/2024 19:36,9/20/2024 19:36,18,Y,Off Road,Off Road,Serious Injury,Incapacitating Injury,NIGHT,N,N,N,N,N,N,N,Y,N,0,1,0,0,1,0,0,0,0,0,0,0,0,0,1,0,0,0,1,1,1,0,0,0,0,N,0,0,N,0,0,0,0,0,0,1,7500,7500,1,0,0,Preliminary,Editor Mapped,425873.8429,3349991.72,30.27935068,-81.77071963
26361509,2024,7/23/2024 20:02,7/23/2024 22:00,FHP24ON0367674,L,3,3,41,60,Nassau,Yulee,Urban,7/23/2024 21:07,7/23/2024 21:10,7/23/2024 21:30,7/23/2024 23:17,Y,Law Enforcement,SR-200,,30.62833,-81.55654,0,,CHESTER RD,,State,Paved,T-Intersection,N,Dark - Lighted,Clear,Dry,N,Angle,Motor Vehicle in Transport,On Roadway,Y,Driveway/Alley Access Related,None,,,None,,,N,,,,,TPR,Florida Highway Patrol,Florida Highway Patrol (FHP),8/4/2024 19:15,8/4/2024 19:15,12,Y,Right/Through,Right Turn,Serious Injury,Incapacitating Injury,NIGHT,N,N,N,N,N,N,N,N,N,0,3,1,1,1,0,0,0,0,1,0,0,0,0,3,1,0,0,0,0,0,0,1,1,0,N,0,0,N,0,0,1,0,0,0,3,18000,18000,2,0,0,Preliminary,Computer plot approximate by lat/long,447547.6789,3388301.461,30.62617412,-81.5473068
26280520,2024,3/27/2024 14:33,3/27/2024 15:45,FHP24ON0153883,L,2,2,20,0,St. Johns,Unincorporated,Rural,3/27/2024 14:38,3/27/2024 14:58,3/27/2024 15:27,3/27/2024 16:27,Y,Law Enforcement,STATE ROAD 312,,29.86742,-81.33086,7,West,TINGLE COURT,,State,Unpaved,T-Intersection,N,Daylight,Cloudy,Dry,N,Angle,Motor Vehicle in Transport,On Roadway,N,Intersection,None,,,None,,,N,,,,,TPR,Florida Highway Patrol,Florida Highway Patrol (FHP),4/21/2024 19:15,4/21/2024 19:15,25,Y,Left Entering,Left Turn,Serious Injury,Incapacitating Injury,DAY,N,N,N,N,N,N,Y,N,N,1,1,0,0,1,0,0,0,0,1,0,0,0,0,2,1,0,0,0,0,0,0,1,1,0,N,0,0,N,0,0,3,0,0,0,2,15000,15000,1,0,0,Preliminary,Editor Mapped,468265.526,3304132.479,29.8673532,-81.32859599
26343232,2024,6/9/2024 15:33,6/9/2024 15:47,FHP24ON0289645,L,1,1,2,38,Duval,Jacksonville,Urban,6/9/2024 15:33,6/9/2024 15:35,6/9/2024 15:39,6/9/2024 16:30,Y,Law Enforcement,INTERSTATE 295 ENTRANCE RAMP,,30.20423,-81.75563,129,North,COLLINS RD,,Interstate,Paved,Not at Intersection,N,Daylight,Clear,Dry,N,Other,Concrete Traffic Barrier,Off Roadway,N,Non-Junction,None,,,None,,,N,,,,,TPR,Florida Highway Patrol,Florida Highway Patrol (FHP),6/21/2024 19:29,6/21/2024 19:29,12,Y,Off Road,Off Road,Serious Injury,Incapacitating Injury,DAY,N,N,N,N,N,N,N,Y,N,0,1,0,0,1,0,0,0,0,1,0,0,0,0,1,0,0,0,0,0,0,0,1,1,0,N,0,0,N,0,0,0,0,0,0,1,300,300,0,0,0,Preliminary,Editor Mapped,427307.0049,3341698.762,30.20460612,-81.75524713
26343226,2024,6/4/2024 7:35,6/4/2024 8:24,FHP24ON0279870,L,3,4,2,38,Duval,Jacksonville,Urban,6/4/2024 7:36,6/4/2024 7:38,6/4/2024 8:24,6/4/2024 9:16,Y,Law Enforcement,INTERSTATE 295 SB,,30.26861,-81.52059,1738,North,TOWN CENTER PKWY,,Interstate,Paved,Not at Intersection,N,Daylight,Clear,Dry,N,Front to Rear,Motor Vehicle in Transport,On Roadway,N,Non-Junction,None,,,None,,,N,,,,,TPR,Florida Highway Patrol,Florida Highway Patrol (FHP),6/21/2024 19:29,6/21/2024 19:29,17,Y,Rear End,Rear End,Serious Injury,Incapacitating Injury,DAY,N,N,N,N,N,N,N,N,N,2,2,0,0,2,0,0,0,1,0,0,0,0,0,3,0,1,1,0,0,0,0,0,0,0,N,0,0,N,0,0,1,0,0,0,3,8900,8900,2,0,0,Preliminary,Editor Mapped,449913.439,3348710.31,30.26902022,-81.52071992
25135003,2024,4/19/2024 1:43,4/19/2024 2:09,240956,L,2,2,2,38,Duval,Jacksonville,Urban,4/19/2024 1:43,4/19/2024 1:43,4/19/2024 1:49,4/19/2024 3:05,Y,Law Enforcement,ARLINGTON EXPY,,30.32720724,-81.63493175,119,West,HAINES ST/SWIFT ST/MARTIN LUTHER KIN,,State,Paved,Not at Intersection,N,Dark - Lighted,Clear,Dry,N,Front to Rear,Motor Vehicle in Transport,On Roadway,N,Non-Junction,None,,,None,,,N,,,,,OFFICER,Jacksonville Sheriff's Office,Sheriff's Office (SO),4/20/2024 19:18,4/20/2024 19:18,1,Y,Rear End,Rear End,Serious Injury,Incapacitating Injury,NIGHT,N,N,N,N,N,N,N,N,N,1,1,0,0,1,0,0,0,0,0,0,0,0,0,2,1,0,0,0,0,0,0,0,0,0,N,0,0,N,0,0,0,0,0,0,2,20000,20000,1,0,0,Preliminary,Editor Mapped,438963.7288,3355208.793,30.32715809,-81.63492986
25671054,2024,4/19/2024 23:17,4/20/2024 0:18,243093,L,2,2,2,38,Duval,Jacksonville,Urban,4/19/2024 23:17,4/19/2024 23:20,4/19/2024 23:25,4/20/2024 0:18,Y,Law Enforcement,SAINT AUGUSTINE RD,6200,30.25809679,-81.62609742,0,,2900 RAINBOW RD,,Local,Paved,T-Intersection,N,Dark - Lighted,Clear,Dry,N,Front to Front,Motor Vehicle in Transport,On Roadway,N,Intersection,None,,,None,,,N,,,,,OFFICER,Jacksonville Sheriff's Office,Sheriff's Office (SO),4/21/2024 19:15,4/21/2024 19:15,2,Y,Head On,Head On,Serious Injury,Incapacitating Injury,NIGHT,N,N,N,N,N,N,Y,N,N,1,1,0,0,1,0,0,0,0,1,0,0,0,0,2,0,0,0,0,0,0,0,1,1,0,N,0,0,N,0,0,1,0,0,0,2,15000,15000,1,0,0,Preliminary,Editor Mapped,439770.0447,3347546.849,30.25805971,-81.62610326
26112451,2024,4/20/2024 1:40,4/20/2024 2:41,243246,L,1,4,2,38,Duval,Jacksonville,Urban,4/20/2024 1:45,4/20/2024 1:46,4/20/2024 1:55,4/20/2024 5:58,Y,Law Enforcement,WALDEN RD,,30.20744977,-81.79791649,0,,SHINDLER DR,,Local,Unpaved,T-Intersection,N,Dark - Not Lighted,Clear,Dry,N,Other,Culvert,Off Roadway,N,Intersection,None,,,None,,,N,,,,,OFFICER,Jacksonville Sheriff's Office,Sheriff's Office (SO),4/21/2024 19:15,4/21/2024 19:15,1,Y,Off Road,Off Road,Serious Injury,Incapacitating Injury,NIGHT,N,N,N,Y,N,N,Y,N,N,0,4,3,0,1,0,0,0,0,0,0,0,0,0,1,0,0,3,0,0,0,0,0,0,0,N,0,0,N,0,0,2,0,0,0,1,30000,30000,2,0,0,Preliminary,Editor Mapped,423202.445,3342041.26,30.20744407,-81.7979132
25332424,2024,6/9/2024 16:41,6/9/2024 16:57,355011,L,2,1,2,38,Duval,Jacksonville,Urban,6/9/2024 16:41,6/9/2024 16:41,6/9/2024 16:46,6/9/2024 17:22,N,Law Enforcement,ARLINGTON EXPY,,30.32765509,-81.58105716,5124,West,ARLINGTON RD OFF RAMP,,State,Paved,Not at Intersection,N,Daylight,Clear,Dry,N,"Sideswipe, Same Direction",Motor Vehicle in Transport,On Roadway,N,Non-Junction,None,,,None,,,N,,,,,OFFICER,Jacksonville Sheriff's Office,Sheriff's Office (SO),6/11/2024 19:55,6/11/2024 19:55,2,Y,Same Direction Sideswipe,Sideswipe,Serious Injury,Incapacitating Injury,DAY,N,N,N,N,N,Y,N,Y,N,0,1,0,0,1,0,0,0,0,1,0,0,0,0,1,0,0,0,0,0,0,0,1,1,0,N,0,0,N,0,0,0,0,0,0,1,4000,4000,0,0,0,Preliminary,Editor Mapped,444143.2322,3355235.48,30.32764935,-81.58105393
26106745,2024,6/9/2024 22:00,6/9/2024 22:13,355601,L,2,2,2,38,Duval,Jacksonville,Urban,6/9/2024 22:05,6/9/2024 22:05,6/9/2024 22:05,6/9/2024 23:05,Y,Law Enforcement,MERRILL RD (SR 116),,30.35244559,-81.55498908,0,,SOUTHSIDE CONNECTOR (SR 113),,State,Paved,Other,N,Dark - Lighted,Clear,Dry,N,Front to Front,Motor Vehicle in Transport,On Roadway,Y,Entrance/Exit Ramp,None,,,None,,,N,,,,,OFFICER,Jacksonville Sheriff's Office,Sheriff's Office (SO),6/11/2024 19:55,6/11/2024 19:55,2,Y,Left Entering,Left Turn,Serious Injury,Incapacitating Injury,NIGHT,N,Y,N,N,N,N,N,Y,N,0,2,0,1,1,0,0,0,0,0,0,0,0,0,2,1,0,0,0,0,0,0,0,0,0,N,0,0,N,0,0,0,0,0,0,2,12000,12000,1,0,0,Preliminary,Editor Mapped,446575.9033,3357961.03,30.35235391,-81.55588787