REPORT_NUMBER,CRASH_YEAR,CRASH_DATE_AND_TIME,REPORT_DATE_AND_TIME,INVESTIGATING_AGENCY_REPORT_NUMBER,FORM_TYPE,TOTAL_NUMBER_OF_VEHICLES,TOTAL_NUMBER_OF_PERSONS,COUNTY_CODE,CITY_CODE,COUNTY_NAME,CITY_NAME,RURAL_OR_URBAN,NOTIFIED_TIME,DISPATCHED_TIME,ARRIVED_TIME,CLEARED_TIME,COMPLETED_FLAG,NOTIFIED_BY,ON_STREET_ROAD_HIGHWAY,STREET_ADDRESS_NUMBER,LATITUDE,LONGITUDE,FEET_FROM_INTERSECTION,DIRECTION_FROM_INTERSECTION,FROM_INTERSECTION_OF,MILEPOST_NUMBER,ROAD_SYSTEM_IDENTIFER,TYPE_OF_SHOULDER,TYPE_OF_INTERSECTION,PHOTOS_TAKEN,LIGHT_CONDITION,WEATHER_CONDITION,ROAD_SURFACE_CONDITION,SCHOOL_BUS_RELATED_CODE,TYPE_OF_IMPACT,FIRST_HARMFUL_EVENT,LOCATION,INTERCHANGE_FLAG,JUNCTION_FLAG,ROAD_CIRCUMSTANCES_1,ROAD_CIRCUMSTANCES_2,ROAD_CIRCUMSTANCES_3,ENVIRONMENT_CIRCUMSTANCES_1,ENVIRONMENT_CIRCUMSTANCES_2,ENVIRONMENT_CIRCUMSTANCES_3,WORK_ZONE_RELATED_FLAG,CRASH_IN_WORK_ZONE,TYPE_OF_WORK_ZONE,WORKERS_PRESENT,LAW_ENFORCEMENT_PRESENT,INVESTIGATOR_RANK,INVESTIGATING_AGENCY_NAME,INVESTIGATING_AGENCY_TYPE,LOAD_DATE,UPDATE_DATE,DAYS_TO_LOAD,CODEABLE,S4_CRASH_TYPE,S4_CRASH_TYPE_SIMPLIFIED,S4_CRASH_SEVERITY,S4_CRASH_SEVERITY_DETAIL,S4_DAY_OR_NIGHT,S4_IS_AGGRESSIVE_DRIVING,S4_IS_ALCOHOL_RELATED,S4_IS_CMV_INVOLVED,S4_IS_DISTRACTED,S4_IS_DRUG_RELATED,S4_IS_HIT_AND_RUN,S4_IS_INTERSECTION_RELATED,S4_IS_LANE_DEPARTURE_RELATED,S4_IS_SPEEDING_RELATED,S4_NONE_INJURY_COUNT,S4_INJURY_COUNT,S4_POSSIBLE_INJURY_COUNT,S4_NON_INCAPACITATING_INJURY_COUNT,S4_INCAPACITATING_INJURY_COUNT,S4_FATALITY_COUNT,S4_FATALITY_WITHIN_30_DAYS_COUNT,S4_NON_TRAFFIC_FATALITY_COUNT,S4_TRAILER_COUNT,S4_MOTORCYCLE_COUNT,S4_MOPED_COUNT,S4_NON_MOTORIST_COUNT,S4_BICYCLIST_COUNT,S4_PEDESTRIAN_COUNT,S4_DRIVER_COUNT,S4_AGING_DRIVER_COUNT,S4_TEENAGER_DRIVER_COUNT,S4_PASSENGER_COUNT,S4_UNRESTRAINED_COUNT,S4_UNRESTRAINED_INJURY_COUNT,S4_UNRESTRAINED_INCAPACITATING_INJURY_COUNT,S4_UNRESTRAINED_FATALITY_COUNT,S4_MOTORCYCLIST_COUNT,S4_MOTORCYCLIST_INCAPACITATING_INJURY_COUNT,S4_MOTORCYCLIST_FATALITY_COUNT,S4_IS_PEDESTRIAN_INVOLVED,S4_PEDESTRIAN_INCAPACITATING_INJURY_COUNT,S4_PEDESTRIAN_FATALITY_COUNT,S4_IS_BICYCLIST_INVOLVED,S4_BICYCLIST_INCAPACITATING_INJURY_COUNT,S4_BICYCLIST_FATALITY_COUNT,S4_CITATION_COUNT,S4_CITATION_AMOUNT,S4_PROPERTY_DAMAGE_COUNT,S4_PROPERTY_DAMAGE_AMOUNT,S4_VEHICLE_DAMAGE_COUNT,S4_VEHICLE_DAMAGE_AMOUNT,S4_TOTAL_DAMAGE_AMOUNT,S4_TRANSPORT_BY_EMS_COUNT,S4_TRANSPORT_BY_LAW_ENFORCEMENT_COUNT,S4_TRANSPORT_BY_OTHER_COUNT,S4_GEOLOCATION_STATUS,S4_PRELIMINARY_GEOLOCATION_STATUS,S4_X,S4_Y,S4_LATITUDE,S4_LONGITUDE
24318778,2024,6/19/2024 12:23,6/20/2024 12:37,SJSO24OFF006429,L,1,2,20,50,St. Johns,St. Augustine,Rural,6/19/2024 12:25,6/19/2024 12:26,6/19/2024 12:32,6/19/2024 16:23,Y,Law Enforcement,US1 SOUTH- PARKING LOT,2459,29.85595,-81.32284,,,,,Local,Curb,Not at Intersection,Y,Daylight,Clear,Dry,N,Other,Other Non-Fixed Object,Shoulder,N,Non-Junction,None,,,None,,,N,,,,,LE DEPUTY,St. Johns County Sheriff's Office,Sheriff's Office (SO),6/27/2024 19:25,6/27/2024 19:25,8,Y,Single Vehicle,Other,Serious Injury,Incapacitating Injury,DAY,N,N,N,N,N,N,N,Y,N,0,2,1,0,1,0,0,0,0,0,0,0,0,0,1,0,0,1,0,0,0,0,0,0,0,N,0,0,N,0,0,0,0,0,0,1,3500,3500,2,0,0,Preliminary,Editor Mapped,468861.6932,3302870.435,29.85597891,-81.32238642
26340870,2024,5/29/2024 19:22,5/29/2024 20:05,FHP24ON0270434,L,1,1,2,38,Duval,Jacksonville,Urban,5/29/2024 19:27,5/29/2024 19:32,5/29/2024 19:54,5/29/2024 21:05,Y,Law Enforcement,INTERSTATE 10 WB,,30.32085,-81.70514,45140064,West,ROOSEVELT BOULEVARD,,Interstate,Paved,Not at Intersection,N,Daylight,Clear,Dry,N,Other,Work Zone/Maintenance Equipment,Off Roadway,Y,Entrance/Exit Ramp,None,,,None,,,Y,Activity Area,Work on Shoulder or Median,N,N,TPR,Florida Highway Patrol,Florida Highway Patrol (FHP),6/10/2024 19:40,6/10/2024 19:40,12,Y,Single Vehicle,Other,Serious Injury,Incapacitating Injury,NIGHT,N,N,N,N,N,N,N,Y,N,0,1,0,0,1,0,0,0,0,0,0,0,0,0,1,0,0,0,0,0,0,0,0,0,0,N,0,0,N,0,0,2,0,2,1400,1,40000,41400,1,0,0,Preliminary,Editor Mapped,432811.5953,3354624.146,30.32155625,-81.69888617
26107935,2024,8/21/2024 19:58,8/21/2024 20:16,513344,L,2,2,2,38,Duval,Jacksonville,Urban,8/21/2024 19:59,8/21/2024 20:03,8/21/2024 20:08,8/21/2024 21:52,Y,Law Enforcement,SAN JOSE BLVD,7200,30.24611156,-81.6302659,156,West,2700 SAN LUCAS RD,,State,Curb,Not at Intersection,N,Dusk,Clear,Dry,N,Angle,Motor Vehicle in Transport,On Roadway,N,Non-Junction,None,,,None,,,N,,,,,OFFICER,Jacksonville Sheriff's Office,Sheriff's Office (SO),8/22/2024 19:29,8/22/2024 19:29,1,Y,Other,Other,Serious Injury,Incapacitating Injury,NIGHT,N,N,N,N,N,N,N,N,N,0,2,0,1,1,0,0,0,0,0,0,0,0,0,2,1,0,0,0,0,0,0,0,0,0,N,0,0,N,0,0,0,0,0,0,2,15000,15000,1,0,0,Preliminary,Editor Mapped,439362.5693,3346224.384,30.24610584,-81.63026265
26359302,2024,8/1/2024 3:06,8/1/2024 3:55,FHP24ON0382194,L,2,2,2,38,Duval,Jacksonville,Urban,8/1/2024 3:11,8/1/2024 3:13,8/1/2024 3:25,8/1/2024 4:35,Y,Law Enforcement,INTERSTATE 10,,30.30926,-81.84854,163,East,CHAFFEE ROAD,,Interstate,Paved,Not at Intersection,N,Dark - Lighted,Cloudy,Dry,N,Front to Rear,Motor Vehicle in Transport,On Roadway,Y,Non-Junction,None,,,None,,,N,,,,,TPR,Florida Highway Patrol,Florida Highway Patrol (FHP),8/29/2024 19:29,8/29/2024 19:29,28,Y,Rear End,Rear End,Serious Injury,Incapacitating Injury,NIGHT,N,N,Y,N,N,N,N,Y,N,1,1,0,0,1,0,0,0,0,0,0,0,0,0,2,0,0,0,1,1,1,0,0,0,0,N,0,0,N,0,0,1,0,0,0,2,60000,60000,1,0,0,Preliminary,Editor Mapped,418463.8236,3353362.848,30.30929289,-81.84801954
26359310,2024,8/24/2024 14:48,8/24/2024 15:27,FHP24ON0424785,L,1,1,41,60,Nassau,Yulee,Urban,8/24/2024 14:53,8/24/2024 14:55,8/24/2024 15:04,8/24/2024 16:04,Y,Law Enforcement,INTERSTATE 95,,30.7203,-81.66664,239,North,US HIGHWAY 17,,Interstate,Paved,Not at Intersection,N,Daylight,Cloudy,Wet,N,Other,Overturn/Rollover,Median,Y,Entrance/Exit Ramp,None,,,None,,,N,,,,,TPR,Florida Highway Patrol,Florida Highway Patrol (FHP),8/30/2024 19:45,8/30/2024 19:45,6,Y,Rollover,Rollover,Serious Injury,Incapacitating Injury,DAY,N,N,N,N,N,N,N,Y,N,0,1,0,0,1,0,0,0,0,0,0,0,0,0,1,0,1,0,0,0,0,0,0,0,0,N,0,0,N,0,0,0,0,0,0,1,7500,7500,1,0,0,Preliminary,Editor Mapped,435768.8298,3397919.619,30.71238411,-81.67080453
25757709,2024,7/20/2024 10:32,7/20/2024 10:50,SJSO24CAD160003,L,1,1,20,50,St. Johns,St. Augustine,Rural,7/20/2024 10:34,7/20/2024 10:36,7/20/2024 10:43,7/20/2024 11:00,Y,Law Enforcement,NORTH HOLMES BLVD,,29.89046,-81.35585,39,North,KING STREET EXTENTION,,County,Curb,T-Intersection,N,Daylight,Clear,Dry,N,Other,Utility Pole/Light Support,Shoulder,N,Intersection,None,,,None,,,N,,,,,LE DEPUTY,St. Johns County Sheriff's Office,Sheriff's Office (SO),7/25/2024 19:22,7/25/2024 19:22,5,Y,Off Road,Off Road,Serious Injury,Incapacitating Injury,DAY,N,N,N,N,N,N,Y,N,N,0,1,0,0,1,0,0,0,0,0,0,0,0,0,1,0,0,0,0,0,0,0,0,0,0,N,0,0,N,0,0,0,0,0,0,1,20000,20000,1,0,0,Preliminary,Editor Mapped,465632.4888,3306710.462,29.89054779,-81.35594208
26437887,2024,11/27/2024 11:02,6/6/2025 7:40,FHP24ON0598185,L,2,2,2,38,Duval,Jacksonville,Urban,11/27/2024 11:31,11/27/2024 11:36,11/27/2024 11:40,11/27/2024 17:15,Y,Law Enforcement,US HWY 17 (ROOSEVELT BLVD),,30.23208,-81.69886,0,,ALLEGHENY RD,,U.S.,Paved,Four-Way Intersection,Y,Daylight,Clear,Dry,N,Angle,Motor Vehicle in Transport,On Roadway,Y,Intersection,None,,,None,,,N,,,,,TPR,Florida Highway Patrol,Florida Highway Patrol (FHP),12/4/2024 19:29,6/7/2025 3:30,7,Y,Left Entering,Left Turn,Fatality,Fatal (within 30 days),DAY,N,N,Y,N,N,N,Y,N,N,1,0,0,0,0,1,1,0,1,1,0,0,0,0,2,0,0,0,0,0,0,0,1,0,1,N,0,0,N,0,0,0,0,0,0,2,10000,10000,0,0,1,Preliminary,Editor Mapped,432779.1285,3344695.026,30.23195846,-81.69858897
26101116,2024,3/11/2024 1:52,3/12/2024 0:40,153653,L,1,1,2,38,Duval,Jacksonville,Urban,3/11/2024 1:53,3/11/2024 1:54,3/11/2024 1:56,3/11/2024 3:25,Y,Law Enforcement,I-10 EB RAMP TO ROSSELLE ST,,30.32023379,-81.68987545,464,North,ROSSELLE ST,,Other,Paved,Not at Intersection,N,Dark - Lighted,Clear,Dry,N,Other,Other Non-Collision,Shoulder,Y,Entrance/Exit Ramp,None,,,None,,,N,,,,,OFFICER,Jacksonville Sheriff's Office,Sheriff's Office (SO),3/12/2024 20:14,3/13/2024 22:34,1,Y,Single Vehicle,Other,Serious Injury,Incapacitating Injury,NIGHT,N,N,N,N,N,N,N,Y,N,0,1,0,0,1,0,0,0,0,0,0,0,0,0,1,0,1,0,0,0,0,0,0,0,0,N,0,0,N,0,0,0,0,1,50,1,20000,20050,1,0,0,Verified,n/a,433675.6879,3354466.778,30.32018394,-81.68988857
26101117,2024,3/12/2024 0:49,3/12/2024 1:09,155940,L,1,1,2,38,Duval,Jacksonville,Urban,3/12/2024 0:51,3/12/2024 0:52,3/12/2024 0:54,3/12/2024 2:25,N,Law Enforcement,COMMONWEALTH AVE,,30.3366892,-81.71378705,95,East,HURON ST,,County,Curb,Not at Intersection,N,Dark - Lighted,Clear,Dry,N,Other,Pedalcycle,On Roadway,N,Non-Junction,None,,,None,,,N,,,,,OFFICER,Jacksonville Sheriff's Office,Sheriff's Office (SO),3/13/2024 22:34,3/13/2024 22:34,1,Y,Bicycle,Bicycle,Serious Injury,Incapacitating Injury,NIGHT,N,N,N,N,N,Y,N,N,N,0,1,0,0,1,0,0,0,0,0,0,1,1,0,0,0,0,0,0,0,0,0,0,0,0,N,0,0,Y,1,0,0,0,1,50,0,0,50,1,0,0,Verified,n/a,431389.9025,3356309.428,30.33668347,-81.71378378
26102513,2024,2/20/2024 13:30,2/20/2024 14:15,109456,L,1,2,2,38,Duval,Jacksonville,Urban,2/20/2024 13:32,2/20/2024 13:33,2/20/2024 13:40,2/20/2024 15:00,Y,Law Enforcement,BARTRAM PARK BLVD,,30.13279142,-81.5436815,27,North,JUNIPER BREEZE PKWY,,Local,Curb,Not at Intersection,N,Daylight,Clear,Dry,N,Front to Rear,Pedalcycle,On Roadway,N,Non-Junction,None,,,None,,,N,,,,,OFFICER,Jacksonville Sheriff's Office,Sheriff's Office (SO),2/22/2024 19:24,2/22/2024 19:24,2,Y,Bicycle,Bicycle,Serious Injury,Incapacitating Injury,DAY,N,N,N,N,N,N,N,Y,N,1,1,0,0,1,0,0,0,0,0,0,1,1,0,1,1,0,0,0,0,0,0,0,0,0,N,0,0,Y,1,0,1,0,1,500,1,1000,1500,1,0,0,Verified,n/a,447632.7822,3333623.437,30.13278097,-81.54368099
26103050,2024,3/29/2024 12:11,3/29/2024 12:46,194614,L,1,2,2,38,Duval,Jacksonville,Urban,3/29/2024 12:13,3/29/2024 12:13,3/29/2024 12:18,3/29/2024 12:47,Y,Law Enforcement,LOOKING GLASS LN,,30.2752,-81.7632145,375,North,MISS MUFFET LN S,,Local,Paved,Not at Intersection,N,Daylight,Clear,Dry,N,Other,Pedestrian,On Roadway,N,Non-Junction,None,,,None,,,N,,,,,CSO,Jacksonville Sheriff's Office,Sheriff's Office (SO),4/4/2024 19:24,4/4/2024 19:24,6,Y,Pedestrian,Pedestrian,Serious Injury,Incapacitating Injury,DAY,N,N,N,N,N,N,N,N,N,1,1,0,0,1,0,0,0,0,0,0,1,0,1,1,0,0,0,0,0,0,0,0,0,0,Y,1,0,N,0,0,1,0,1,10,0,0,10,1,0,0,Verified,n/a,426617.0562,3349529.661,30.27522658,-81.76296047
26106830,2024,1/4/2024 18:44,3/28/2024 7:54,8324,L,1,2,2,38,Duval,Jacksonville,Urban,1/4/2024 18:44,1/4/2024 18:46,1/4/2024 18:47,1/4/2024 21:17,Y,Law Enforcement,ARLINGTON RD N,,30.32628289,-81.58531001,250,South,LARKIN RD,,Local,Curb,Not at Intersection,Y,Dark - Lighted,Clear,Dry,N,Other,Pedestrian,On Roadway,N,Non-Junction,None,,,None,,,N,,,,,DETECTIVE,Jacksonville Sheriff's Office,Sheriff's Office (SO),1/5/2024 19:23,3/29/2024 19:28,1,Y,Pedestrian,Pedestrian,Fatality,Fatal (within 30 days),DAY,N,N,N,N,N,N,N,N,N,1,0,0,0,0,1,1,0,0,0,0,1,0,1,1,0,1,0,0,0,0,0,0,0,0,Y,0,1,N,0,0,1,0,0,0,1,1000,1000,0,0,0,Preliminary,Editor Mapped,443733.6134,3355085.52,30.32627716,-81.58530678
26212689,2024,3/5/2024 14:55,3/5/2024 0:00,2024005014,L,1,2,48,0,Clay,Unincorporated,Rural,3/5/2024 14:56,3/5/2024 14:58,3/5/2024 15:00,3/5/2024 16:32,Y,Law Enforcement,WOODLAND DR,6655,29.792505,-82.031444,428,East,PINE GROVE ST,,Local,Paved,Not at Intersection,N,Daylight,Clear,Dry,N,,Pedestrian,On Roadway,N,Other,None,,,None,,,N,,,,,DEPUTY,Clay County Sheriff's Office,Sheriff's Office (SO),3/9/2024 19:15,3/9/2024 19:15,4,Y,Pedestrian,Pedestrian,Serious Injury,Incapacitating Injury,DAY,N,N,N,N,N,N,N,N,N,1,1,0,0,1,0,0,0,0,0,0,1,0,1,1,1,0,0,0,0,0,0,0,0,0,Y,1,0,N,0,0,0,0,0,0,1,200,200,1,0,0,Verified,n/a,400310.8431,3296238.831,29.79249938,-82.03144108
26309863,2024,3/10/2024 16:22,3/10/2024 16:33,FHP24ON0122722,L,1,1,2,38,Duval,Jacksonville,Urban,3/10/2024 16:27,3/10/2024 16:28,3/10/2024 16:28,3/10/2024 17:37,Y,Law Enforcement,INTERSTATE 10 EASTBOUND,,30.30556,-81.88736,1372,East,SR 23,,Interstate,Paved,Not at Intersection,N,Daylight,Clear,Dry,N,Other,Motor Vehicle in Transport,On Roadway,N,Non-Junction,None,,,None,,,N,,,,,TPR,Florida Highway Patrol,Florida Highway Patrol (FHP),3/20/2024 23:14,3/20/2024 23:14,10,Y,Single Vehicle,Other,Serious Injury,Incapacitating Injury,DAY,N,N,N,N,N,N,N,Y,N,0,1,0,0,1,0,0,0,0,0,0,0,0,0,1,0,0,0,1,1,1,0,0,0,0,N,0,0,N,0,0,2,0,1,1500,1,10000,11500,1,0,0,Verified,n/a,414951.1038,3353016.634,30.3059271,-81.88452206
26340824,2024,4/10/2024 5:17,4/10/2024 6:19,FHP24ON0179025,L,4,4,2,38,Duval,Jacksonville,Urban,4/10/2024 5:22,4/10/2024 5:24,4/10/2024 5:35,4/10/2024 7:09,Y,Law Enforcement,INTERSTATE 10 EB,,30.32079,-81.70545,257,East,MCDUFF AVENUE,,Interstate,Paved,Not at Intersection,N,Dark - Lighted,Clear,Dry,N,Front to Rear,Motor Vehicle in Transport,On Roadway,N,Non-Junction,Obstruction in Roadway,None,,None,,,Y,Activity Area,Work on Shoulder or Median,Y,N,TPR,Florida Highway Patrol,Florida Highway Patrol (FHP),4/22/2024 19:36,4/22/2024 19:36,12,Y,Rear End,Rear End,Serious Injury,Incapacitating Injury,NIGHT,N,N,Y,N,N,N,N,N,N,1,3,2,0,1,0,0,0,0,0,0,1,0,1,3,0,0,0,0,0,0,0,0,0,0,Y,1,0,N,0,0,0,0,0,0,3,21000,21000,1,0,0,Verified,n/a,432943.0375,3354617.036,30.32149939,-81.69751855
26581789,2024,2/16/2024 20:30,2/16/2024 0:00,240000464,L,1,2,2,40,Duval,Jacksonville Beach,Urban,2/16/2024 20:30,2/16/2024 20:30,2/16/2024 20:32,2/16/2024 22:46,Y,Motorist,3RD STREET NORTH,1600,,,0,,,,State,Paved,Four-Way Intersection,N,Dark - Lighted,Clear,Dry,N,Unknown,Pedestrian,On Roadway,N,Non-Junction,None,,,None,,,N,,,,,PATROLMAN,Jacksonville Beach Police Department,Police Department (PD),3/1/2024 23:28,3/1/2024 23:28,14,Y,Pedestrian,Pedestrian,Serious Injury,Incapacitating Injury,NIGHT,N,N,N,N,N,N,N,N,N,1,1,0,0,1,0,0,0,0,0,0,1,0,1,1,0,0,0,0,0,0,0,0,0,0,Y,1,0,N,0,0,0,0,0,0,1,1500,1500,1,0,0,Verified,n/a,462028.5268,3352531.213,30.30394033,-81.39490761
26581833,2024,3/17/2024 11:25,3/17/2024 0:00,240000808,L,1,2,2,40,Duval,Jacksonville Beach,Urban,3/17/2024 11:25,3/17/2024 11:27,3/17/2024 11:30,3/17/2024 12:30,Y,Motorist,3RD STREET S (SR A1A),,,,0,,JACKSONVILLE DRIVE,,State,Curb,Four-Way Intersection,N,Daylight,Clear,Dry,N,Angle,Pedalcycle,On Roadway,N,Intersection,None,,,None,,,N,,,,,PTLM,Jacksonville Beach Police Department,Police Department (PD),4/7/2024 23:25,4/7/2024 23:25,21,Y,Bicycle,Bicycle,Serious Injury,Incapacitating Injury,DAY,Y,N,N,Y,N,N,Y,N,N,1,1,0,0,1,0,0,0,0,0,0,1,1,0,1,0,0,0,0,0,0,0,0,0,0,N,0,0,Y,1,0,3,0,0,0,1,250,250,1,0,0,Verified,n/a,462754.7242,3347689.701,30.26027302,-81.38718364
26304449,2024,2/9/2024 12:48,2/9/2024 13:41,FHP24ON0067813,L,2,3,2,38,Duval,Jacksonville,Urban,2/9/2024 12:52,2/9/2024 13:09,2/9/2024 13:30,2/9/2024 14:36,Y,Law Enforcement,I-10 EB,,30.31545981,-81.74849022,186,East,LANE AVE,,Interstate,Paved,Not at Intersection,N,Daylight,Clear,Dry,N,Other,Other Non-Collision,On Roadway,N,Non-Junction,None,,,None,,,N,,,,,TPR,Florida Highway Patrol,Florida Highway Patrol (FHP),2/15/2024 1:30,2/15/2024 1:30,6,Y,Other,Other,Serious Injury,Incapacitating Injury,DAY,N,N,N,N,N,N,N,Y,N,1,2,0,1,1,0,0,0,0,0,0,0,0,0,2,0,0,1,0,0,0,0,0,0,0,N,0,0,N,0,0,0,0,1,1000,2,15000,16000,2,0,0,Verified,n/a,428045.947,3353985.863,30.31552254,-81.74841069
26107316,2024,2/10/2024 18:45,2/10/2024 19:08,88516,L,1,1,2,38,Duval,Jacksonville,Urban,2/10/2024 18:48,2/10/2024 18:48,2/10/2024 18:51,2/10/2024 19:09,Y,Law Enforcement,TOUCHTON RD,,30.26945418,-81.56873928,12,South,WINNSBORO DR,,Local,Curb,Roundabout,N,Dark - Lighted,Clear,Dry,N,Other,Curb,Shoulder,N,Intersection,None,,,None,,,N,,,,,OFFICER,Jacksonville Sheriff's Office,Sheriff's Office (SO),2/11/2024 19:10,2/11/2024 19:10,1,Y,Off Road,Off Road,Serious Injury,Incapacitating Injury,DAY,N,N,N,N,N,N,Y,N,N,0,1,0,0,1,0,0,0,0,1,0,0,0,0,1,0,0,0,0,0,0,0,1,1,0,N,0,0,N,0,0,1,0,1,50,1,8000,8050,1,0,0,Verified,n/a,445304.9934,3348778.492,30.26943621,-81.56863282
26107961,2024,1/1/2024 0:50,1/1/2024 1:31,137,L,1,2,2,38,Duval,Jacksonville,Urban,1/1/2024 0:51,1/1/2024 0:51,1/1/2024 1:06,1/1/2024 2:45,Y,Law Enforcement,N MAIN ST,,30.431554,-81.64450985,158,South,CEDAR BAY RD,,U.S.,Unpaved,Not at Intersection,N,Dark - Not Lighted,Clear,Dry,N,Front to Rear,Pedestrian,On Roadway,N,Non-Junction,None,,,None,,,N,,,,,OFFICER,Jacksonville Sheriff's Office,Sheriff's Office (SO),1/2/2024 19:40,1/2/2024 19:40,1,Y,Pedestrian,Pedestrian,Serious Injury,Incapacitating Injury,NIGHT,N,N,N,N,N,N,N,N,N,1,1,0,0,1,0,0,0,0,0,0,1,0,1,1,0,0,0,0,0,0,0,0,0,0,Y,1,0,N,0,0,0,0,0,0,1,500,500,1,0,0,Verified,n/a,438108.9032,3366782.288,30.43154825,-81.6445066
26109271,2024,2/1/2024 8:25,2/1/2024 8:47,66786,L,4,7,2,38,Duval,Jacksonville,Urban,2/1/2024 8:25,2/1/2024 8:25,2/1/2024 8:29,2/1/2024 9:59,Y,Law Enforcement,MCCORMICK RD,,30.36007233,-81.49733034,459,West,RUNNING RIVER RD,,State,Curb,Not at Intersection,N,Daylight,Clear,Dry,N,Front to Rear,Motor Vehicle in Transport,On Roadway,N,Non-Junction,None,,,None,,,Y,Activity Area,Other,N,N,OFFICER,Jacksonville Sheriff's Office,Sheriff's Office (SO),2/5/2024 19:40,2/5/2024 19:40,4,Y,Rear End,Rear End,Serious Injury,Incapacitating Injury,DAY,N,N,N,N,N,N,N,N,N,5,2,0,0,2,0,0,0,0,0,0,0,0,0,4,0,0,3,0,0,0,0,0,0,0,N,0,0,N,0,0,1,0,0,0,4,32000,32000,2,0,0,Verified,n/a,452207.7582,3358789.58,30.36006659,-81.49732713
26109501,2024,3/2/2024 20:09,3/2/2024 21:10,135530,L,2,3,2,38,Duval,Jacksonville,Urban,3/2/2024 20:10,3/2/2024 20:11,3/2/2024 20:15,3/2/2024 21:28,Y,Law Enforcement,ATLANTIC BLVD,,30.31395163,-81.59935406,0,,UNIVERSITY BLVD S,,U.S.,Curb,Four-Way Intersection,N,Dark - Lighted,Rain,Wet,N,Angle,Motor Vehicle in Transport,On Roadway,Y,Intersection,None,,,None,,,N,,,,,OFFICER,Jacksonville Sheriff's Office,Sheriff's Office (SO),3/4/2024 19:15,3/4/2024 19:15,2,Y,Left Rear,Left Turn,Serious Injury,Incapacitating Injury,NIGHT,N,N,N,Y,N,N,Y,N,N,0,3,2,0,1,0,0,0,0,0,0,0,0,0,2,0,1,1,0,0,0,0,0,0,0,N,0,0,N,0,0,1,0,1,1000,2,50000,51000,2,0,0,Verified,n/a,442367.9972,3353731.028,30.31399033,-81.59943744
26315650,2024,3/2/2024 22:40,3/2/2024 23:35,FHP24ON0108270,L,3,8,20,0,St. Johns,Unincorporated,Rural,3/2/2024 22:45,3/2/2024 22:47,3/2/2024 23:16,3/3/2024 0:55,Y,Law Enforcement,INTERSTATE 95 (STATE ROAD 9),,29.97301,-81.45373,3730,South,MM 322,,Interstate,Paved,Not at Intersection,N,Dark - Not Lighted,Rain,Wet,N,"Sideswipe, Same Direction",Motor Vehicle in Transport,On Roadway,N,Non-Junction,None,,,None,,,N,,,,,TPR,Florida Highway Patrol,Florida Highway Patrol (FHP),3/8/2024 19:26,3/8/2024 19:26,6,Y,Same Direction Sideswipe,Sideswipe,Serious Injury,Incapacitating Injury,NIGHT,N,Y,N,N,N,N,N,Y,N,5,3,0,2,1,0,0,0,0,0,0,0,0,0,3,0,0,5,0,0,0,0,0,0,0,N,0,0,N,0,0,3,0,2,2500,3,35000,37500,3,0,0,Verified,n/a,456213.8003,3315872.402,29.97292978,-81.45386359
26315998,2024,4/12/2024 14:43,4/12/2024 15:15,FHP24ON0183661,L,2,6,20,0,St. Johns,Unincorporated,Rural,4/12/2024 14:43,4/12/2024 14:44,4/12/2024 14:46,4/12/2024 18:10,Y,Law Enforcement,STATE ROAD 206,,29.72616069,-81.42482619,0,,COUNTY ROAD 305,,State,Unpaved,T-Intersection,Y,Daylight,Clear,Dry,N,Angle,Motor Vehicle in Transport,On Roadway,N,Intersection,None,,,None,,,N,,,,,TPR,Florida Highway Patrol,Florida Highway Patrol (FHP),4/19/2024 19:30,4/19/2024 19:30,7,Y,Right Angle,Angle,Serious Injury,Incapacitating Injury,DAY,Y,N,N,N,N,N,Y,N,N,0,6,4,1,1,0,0,0,0,0,0,0,0,0,2,0,1,4,5,5,1,0,0,0,0,N,0,0,N,0,0,1,0,1,500,2,20000,20500,3,0,0,Verified,n/a,458914.1621,3288516.753,29.72615036,-81.42482736
26109518,2024,1/27/2024 9:30,2/1/2024 10:20,55835,L,1,1,2,38,Duval,Jacksonville,Urban,1/27/2024 9:34,1/27/2024 9:34,1/27/2024 9:47,1/27/2024 12:46,Y,Law Enforcement,BEAVER ST W,7200,30.32295684,-81.76744605,467,West,HAMMOND BLVD,,U.S.,Curb,Not at Intersection,N,Daylight,Clear,Dry,N,Angle,Other Traffic Barrier,Shoulder,N,Non-Junction,None,,,None,,,N,,,,,CSO,Jacksonville Sheriff's Office,Sheriff's Office (SO),1/30/2024 19:52,2/3/2024 19:18,3,Y,Off Road,Off Road,Serious Injury,Incapacitating Injury,DAY,N,N,N,N,N,N,N,Y,N,0,1,0,0,1,0,0,0,0,0,0,0,0,0,1,0,0,0,1,1,1,0,0,0,0,N,0,0,N,0,0,2,0,1,20000,1,12000,32000,1,0,0,Verified,n/a,426221.6701,3354821.304,30.32295111,-81.76744276