REPORT_NUMBER,CRASH_YEAR,CRASH_DATE_AND_TIME,REPORT_DATE_AND_TIME,INVESTIGATING_AGENCY_REPORT_NUMBER,FORM_TYPE,TOTAL_NUMBER_OF_VEHICLES,TOTAL_NUMBER_OF_PERSONS,COUNTY_CODE,CITY_CODE,COUNTY_NAME,CITY_NAME,RURAL_OR_URBAN,NOTIFIED_TIME,DISPATCHED_TIME,ARRIVED_TIME,CLEARED_TIME,COMPLETED_FLAG,NOTIFIED_BY,ON_STREET_ROAD_HIGHWAY,STREET_ADDRESS_NUMBER,LATITUDE,LONGITUDE,FEET_FROM_INTERSECTION,DIRECTION_FROM_INTERSECTION,FROM_INTERSECTION_OF,MILEPOST_NUMBER,ROAD_SYSTEM_IDENTIFER,TYPE_OF_SHOULDER,TYPE_OF_INTERSECTION,PHOTOS_TAKEN,LIGHT_CONDITION,WEATHER_CONDITION,ROAD_SURFACE_CONDITION,SCHOOL_BUS_RELATED_CODE,TYPE_OF_IMPACT,FIRST_HARMFUL_EVENT,LOCATION,INTERCHANGE_FLAG,JUNCTION_FLAG,ROAD_CIRCUMSTANCES_1,ROAD_CIRCUMSTANCES_2,ROAD_CIRCUMSTANCES_3,ENVIRONMENT_CIRCUMSTANCES_1,ENVIRONMENT_CIRCUMSTANCES_2,ENVIRONMENT_CIRCUMSTANCES_3,WORK_ZONE_RELATED_FLAG,CRASH_IN_WORK_ZONE,TYPE_OF_WORK_ZONE,WORKERS_PRESENT,LAW_ENFORCEMENT_PRESENT,INVESTIGATOR_RANK,INVESTIGATING_AGENCY_NAME,INVESTIGATING_AGENCY_TYPE,LOAD_DATE,UPDATE_DATE,DAYS_TO_LOAD,CODEABLE,S4_CRASH_TYPE,S4_CRASH_TYPE_SIMPLIFIED,S4_CRASH_SEVERITY,S4_CRASH_SEVERITY_DETAIL,S4_DAY_OR_NIGHT,S4_IS_AGGRESSIVE_DRIVING,S4_IS_ALCOHOL_RELATED,S4_IS_CMV_INVOLVED,S4_IS_DISTRACTED,S4_IS_DRUG_RELATED,S4_IS_HIT_AND_RUN,S4_IS_INTERSECTION_RELATED,S4_IS_LANE_DEPARTURE_RELATED,S4_IS_SPEEDING_RELATED,S4_NONE_INJURY_COUNT,S4_INJURY_COUNT,S4_POSSIBLE_INJURY_COUNT,S4_NON_INCAPACITATING_INJURY_COUNT,S4_INCAPACITATING_INJURY_COUNT,S4_FATALITY_COUNT,S4_FATALITY_WITHIN_30_DAYS_COUNT,S4_NON_TRAFFIC_FATALITY_COUNT,S4_TRAILER_COUNT,S4_MOTORCYCLE_COUNT,S4_MOPED_COUNT,S4_NON_MOTORIST_COUNT,S4_BICYCLIST_COUNT,S4_PEDESTRIAN_COUNT,S4_DRIVER_COUNT,S4_AGING_DRIVER_COUNT,S4_TEENAGER_DRIVER_COUNT,S4_PASSENGER_COUNT,S4_UNRESTRAINED_COUNT,S4_UNRESTRAINED_INJURY_COUNT,S4_UNRESTRAINED_INCAPACITATING_INJURY_COUNT,S4_UNRESTRAINED_FATALITY_COUNT,S4_MOTORCYCLIST_COUNT,S4_MOTORCYCLIST_INCAPACITATING_INJURY_COUNT,S4_MOTORCYCLIST_FATALITY_COUNT,S4_IS_PEDESTRIAN_INVOLVED,S4_PEDESTRIAN_INCAPACITATING_INJURY_COUNT,S4_PEDESTRIAN_FATALITY_COUNT,S4_IS_BICYCLIST_INVOLVED,S4_BICYCLIST_INCAPACITATING_INJURY_COUNT,S4_BICYCLIST_FATALITY_COUNT,S4_CITATION_COUNT,S4_CITATION_AMOUNT,S4_PROPERTY_DAMAGE_COUNT,S4_PROPERTY_DAMAGE_AMOUNT,S4_VEHICLE_DAMAGE_COUNT,S4_VEHICLE_DAMAGE_AMOUNT,S4_TOTAL_DAMAGE_AMOUNT,S4_TRANSPORT_BY_EMS_COUNT,S4_TRANSPORT_BY_LAW_ENFORCEMENT_COUNT,S4_TRANSPORT_BY_OTHER_COUNT,S4_GEOLOCATION_STATUS,S4_PRELIMINARY_GEOLOCATION_STATUS,S4_X,S4_Y,S4_LATITUDE,S4_LONGITUDE
26110987,2024,4/2/2024 14:14,4/2/2024 14:39,203099,L,2,3,2,38,Duval,Jacksonville,Urban,4/2/2024 14:15,4/2/2024 14:15,4/2/2024 14:20,4/2/2024 16:13,Y,Law Enforcement,NORMANDY BLVD,,30.30099229,-81.76377569,327,West,LE BRUN DR,,State,Paved,Not at Intersection,N,Daylight,Clear,Dry,N,Other,Motor Vehicle in Transport,On Roadway,N,Non-Junction,None,,,None,,,N,,,,,CSO,Jacksonville Sheriff's Office,Sheriff's Office (SO),4/4/2024 19:24,4/4/2024 19:24,2,Y,Left Rear,Left Turn,Serious Injury,Incapacitating Injury,DAY,N,N,N,N,N,N,N,Y,N,0,3,1,1,1,0,0,0,0,0,0,1,0,1,2,0,0,0,0,0,0,0,0,0,0,Y,1,0,N,0,0,1,0,5,28000,2,12000,40000,2,0,0,Verified,n/a,426558.1538,3352384.851,30.30098656,-81.76377241
26111061,2024,2/14/2024 6:15,2/14/2024 6:50,95614,L,1,2,2,38,Duval,Jacksonville,Urban,2/14/2024 6:15,2/14/2024 6:17,2/14/2024 6:35,2/14/2024 9:45,Y,Law Enforcement,US 1 (PHILIPS HWY),,30.15787294,-81.53135952,517,South,PHILLIPS INDUSTRIAL BLVD,,U.S.,Curb,Not at Intersection,N,Dusk,Clear,Dry,N,Angle,Pedestrian,On Roadway,N,Non-Junction,None,,,None,,,N,,,,,CSO,Jacksonville Sheriff's Office,Sheriff's Office (SO),2/22/2024 0:08,2/22/2024 0:08,8,Y,Pedestrian,Pedestrian,Serious Injury,Incapacitating Injury,NIGHT,N,N,Y,N,N,N,N,N,N,1,1,0,0,1,0,0,0,1,0,0,1,0,1,1,0,0,0,0,0,0,0,0,0,0,Y,1,0,N,0,0,0,0,1,500,1,1500,2000,1,0,0,Verified,n/a,448832.8559,3336397.73,30.15786724,-81.53135631
26112109,2024,4/24/2024 20:56,4/24/2024 21:32,253899,L,1,2,2,38,Duval,Jacksonville,Urban,4/24/2024 20:56,4/24/2024 20:59,4/24/2024 21:18,4/24/2024 22:23,Y,Law Enforcement,NORMANDY BLVD,,30.27914401,-81.82160373,674,East,MCGIRTS POINT BLVD,,State,Paved,Not at Intersection,N,Dark - Not Lighted,Clear,Dry,N,Other,Pedestrian,On Roadway,N,Non-Junction,None,,,None,,,N,,,,,OFFICER,Jacksonville Sheriff's Office,Sheriff's Office (SO),4/25/2024 19:23,4/25/2024 19:23,1,Y,Pedestrian,Pedestrian,Serious Injury,Incapacitating Injury,NIGHT,N,N,N,N,N,N,N,N,N,1,1,0,0,1,0,0,0,0,0,0,1,0,1,1,0,0,0,0,0,0,0,0,0,0,Y,1,0,N,0,0,0,0,0,0,1,1000,1000,1,0,0,Verified,n/a,420979.9061,3350002.473,30.27913829,-81.82160043
26113016,2024,3/4/2024 22:38,3/4/2024 23:51,139810,L,1,3,2,38,Duval,Jacksonville,Urban,3/4/2024 22:40,3/4/2024 22:42,3/4/2024 22:45,3/5/2024 0:04,Y,Law Enforcement,CENTURY 21 DR,,30.3137568,-81.57233881,0,,SR10 (ATLANTIC BLVD),,Local,Paved,Four-Way Intersection,N,Dark - Lighted,"Fog, Smog, Smoke",Dry,N,Angle,Pedalcycle,On Roadway,N,Non-Junction,None,,,Weather Conditions,,,N,,,,,OFFICER,Jacksonville Sheriff's Office,Sheriff's Office (SO),3/6/2024 21:44,3/6/2024 21:44,2,Y,Bicycle,Bicycle,Serious Injury,Incapacitating Injury,NIGHT,N,N,N,N,N,N,N,N,N,2,1,0,0,1,0,0,0,0,0,0,1,1,0,1,0,0,1,0,0,0,0,0,0,0,N,0,0,Y,1,0,0,0,0,0,1,5000,5000,1,0,0,Verified,n/a,444973.5739,3353691.065,30.31375107,-81.57233558
26290725,2024,2/20/2024 22:45,2/20/2024 23:47,FHP24ON0087799,L,1,2,2,38,Duval,Jacksonville,Urban,2/20/2024 22:51,2/20/2024 22:54,2/20/2024 23:15,2/20/2024 23:54,Y,Law Enforcement,I-10,,30.3204301,-81.77010058,1549,South,I-295,,Interstate,Unpaved,Not at Intersection,N,Dark - Lighted,Clear,Dry,N,Other,"Other Post, Pole or Support",Shoulder,Y,Entrance/Exit Ramp,None,,,None,,,N,,,,,TPR,Florida Highway Patrol,Florida Highway Patrol (FHP),3/6/2024 21:43,3/6/2024 21:43,15,Y,Off Road,Off Road,Serious Injury,Incapacitating Injury,NIGHT,N,N,N,N,N,N,N,Y,N,1,1,0,0,1,0,0,0,0,0,0,0,0,0,1,0,0,1,0,0,0,0,0,0,0,N,0,0,N,0,0,1,0,1,200,1,5000,5200,1,0,0,Verified,n/a,426137.4125,3354229.293,30.31760404,-81.76827746
26114744,2024,4/26/2024 15:30,4/26/2024 16:01,257666,L,1,2,2,38,Duval,Jacksonville,Urban,4/26/2024 15:36,4/26/2024 15:50,4/26/2024 15:59,4/26/2024 17:12,Y,Law Enforcement,SAN JOSE BLVD,,30.17267379,-81.62896039,791,North,OLD RIVER RD,,State,Curb,Not at Intersection,N,Daylight,Clear,Dry,N,Angle,Pedalcycle,Shoulder,N,Non-Junction,None,,,None,,,N,,,,,CSO,Jacksonville Sheriff's Office,Sheriff's Office (SO),5/1/2024 22:00,5/1/2024 22:00,5,Y,Bicycle,Bicycle,Serious Injury,Incapacitating Injury,DAY,N,N,N,N,N,N,N,N,N,1,1,0,0,1,0,0,0,0,0,0,1,1,0,1,0,0,0,0,0,0,0,0,0,0,N,0,0,Y,1,0,2,0,0,0,1,500,500,1,0,0,Verified,n/a,439443.2228,3338085.687,30.17266809,-81.62895715
26115253,2024,4/24/2024 15:04,4/26/2024 18:32,253144,L,1,2,2,38,Duval,Jacksonville,Urban,4/24/2024 15:06,4/24/2024 15:06,4/24/2024 15:09,4/24/2024 15:30,Y,Law Enforcement,UNION ST W,,30.33310876,-81.65989557,56,East,N JULIA ST,,U.S.,Paved,Not at Intersection,N,Daylight,Clear,Dry,N,Other,Tree (standing),Off Roadway,N,Non-Junction,None,,,None,,,N,,,,,CSO,Jacksonville Sheriff's Office,Sheriff's Office (SO),4/25/2024 19:23,4/27/2024 19:20,1,Y,Off Road,Off Road,Serious Injury,Incapacitating Injury,DAY,N,N,N,N,N,N,N,Y,N,0,2,1,0,1,0,0,0,0,0,0,1,0,1,1,0,0,0,0,0,0,0,0,0,0,Y,1,0,N,0,0,1,0,2,750,1,10000,10750,1,0,0,Verified,n/a,436567.8501,3355881.286,30.33310303,-81.65989232
26115991,2024,4/8/2024 11:44,4/8/2024 12:07,216001,L,2,3,2,38,Duval,Jacksonville,Urban,4/8/2024 11:44,4/8/2024 11:45,4/8/2024 11:55,4/8/2024 13:27,Y,Law Enforcement,US 90 BEACH BLVD,,30.28726147,-81.50490746,0,,HUFFMAN BLVD,,U.S.,Curb,Four-Way Intersection,N,Daylight,Clear,Dry,N,Angle,Motor Vehicle in Transport,On Roadway,N,Intersection,None,,,None,,,N,,,,,CSO,Jacksonville Sheriff's Office,Sheriff's Office (SO),4/10/2024 19:45,4/10/2024 19:45,2,Y,Left Entering,Left Turn,Serious Injury,Incapacitating Injury,DAY,N,N,N,N,N,N,Y,N,N,0,3,1,1,1,0,0,0,0,0,0,0,0,0,2,0,0,1,0,0,0,0,0,0,0,N,0,0,N,0,0,0,0,1,5000,2,20000,25000,2,0,0,Verified,n/a,451444.212,3350723.403,30.28724844,-81.50489891
26117759,2024,4/20/2024 13:10,4/20/2024 13:44,243930,L,2,2,2,38,Duval,Jacksonville,Urban,4/20/2024 13:10,4/20/2024 13:11,4/20/2024 13:11,4/20/2024 14:02,Y,Law Enforcement,FOURAKER RD,,30.27648998,-81.78139166,0,,LOURDES DR N,,Local,Paved,Four-Way Intersection,N,Daylight,Clear,Dry,N,Front to Rear,Motor Vehicle in Transport,On Roadway,Y,Intersection-Related,None,,,None,,,N,,,,,OFFICER,Jacksonville Sheriff's Office,Sheriff's Office (SO),4/21/2024 19:15,4/21/2024 19:15,1,Y,Right Angle,Angle,Serious Injury,Incapacitating Injury,DAY,Y,N,N,N,N,N,Y,N,Y,0,2,0,0,2,0,0,0,0,0,0,0,0,0,2,1,0,0,0,0,0,0,0,0,0,N,0,0,N,0,0,1,0,2,51000,2,55000,106000,2,0,0,Verified,n/a,424844.6034,3349677.684,30.27645357,-81.78139777
26117919,2024,5/1/2024 20:24,5/1/2024 20:55,269103,L,2,2,2,38,Duval,Jacksonville,Urban,5/1/2024 20:25,5/1/2024 20:25,5/1/2024 20:27,5/1/2024 22:59,Y,Law Enforcement,ARLINGTON EXPY,,30.32731118,-81.61315236,1699,West,UNIVERSITY BLVD N/SR-109 RAMP,,State,Curb,Not at Intersection,N,Dark - Lighted,Clear,Dry,N,Front to Rear,Motor Vehicle in Transport,On Roadway,N,Non-Junction,None,,,None,,,N,,,,,OFFICER,Jacksonville Sheriff's Office,Sheriff's Office (SO),5/2/2024 19:24,5/2/2024 19:24,1,Y,Rear End,Rear End,Serious Injury,Incapacitating Injury,NIGHT,N,N,N,N,N,N,N,N,N,0,2,1,0,1,0,0,0,0,1,0,0,0,0,2,0,0,0,0,0,0,0,1,1,0,N,0,0,N,0,0,0,0,0,0,2,15000,15000,1,0,0,Preliminary,Editor Mapped,441057.6558,3355213.606,30.32730544,-81.61314912
26297282,2024,3/15/2024 15:45,3/15/2024 16:47,FHP24ON0131798,L,3,3,2,38,Duval,Jacksonville,Urban,3/15/2024 15:49,3/15/2024 15:52,3/15/2024 16:06,3/15/2024 17:43,Y,Law Enforcement,INTERSTATE 295 (STATE ROAD 9A),,30.32427113,-81.52766661,1127,North,ATLANTIC BLVD (48-MILE MARKER),,Interstate,Paved,Not at Intersection,N,Daylight,Clear,Dry,N,"Sideswipe, Same Direction",Motor Vehicle in Transport,On Roadway,Y,Non-Junction,None,,,None,,,N,,,,,TPR,Florida Highway Patrol,Florida Highway Patrol (FHP),3/18/2024 19:53,3/18/2024 19:53,3,Y,Same Direction Sideswipe,Sideswipe,Serious Injury,Incapacitating Injury,DAY,N,N,Y,N,N,N,N,Y,N,1,2,0,1,1,0,0,0,1,0,0,0,0,0,3,0,0,0,0,0,0,0,0,0,0,N,0,0,N,0,0,1,0,1,500,3,11000,11500,2,0,0,Verified,n/a,449300.3697,3354759.231,30.3235791,-81.52738542
26044361,2024,3/19/2024 17:08,3/19/2024 17:51,SJSO24CAD061047,L,1,2,20,50,St. Johns,St. Augustine,Rural,3/19/2024 17:16,3/19/2024 17:17,3/19/2024 17:19,3/19/2024 17:53,Y,Law Enforcement,JACKSON PARK DR,,29.93167494,-81.35950939,,,FERRIS DRIVE,,Local,Paved,Four-Way Intersection,N,Daylight,Clear,Dry,N,Other,Pedalcycle,On Roadway,N,Intersection,None,,,None,,,N,,,,,LE DEPUTY,St. Johns County Sheriff's Office,Sheriff's Office (SO),3/21/2024 19:24,3/21/2024 19:24,2,Y,Bicycle,Bicycle,Serious Injury,Incapacitating Injury,DAY,N,N,N,N,N,N,Y,N,N,1,1,0,0,1,0,0,0,0,0,0,1,1,0,1,0,0,0,0,0,0,0,0,0,0,N,0,0,Y,1,0,0,0,0,0,1,200,200,1,0,0,Verified,n/a,465304.5291,3311267.968,29.93166805,-81.35948636
25837879,2024,4/8/2024 21:54,4/8/2024 22:05,SJSO24CAD077499,L,1,3,20,50,St. Johns,St. Augustine,Urban,4/8/2024 21:54,4/8/2024 21:55,4/8/2024 21:57,4/8/2024 22:28,Y,Law Enforcement,US-1 N,,29.90388,-81.32077,71,North,OLD MISSION AVE,,U.S.,Curb,Not at Intersection,Y,Dark - Lighted,Clear,Dry,N,Other,Pedestrian,On Roadway,N,Non-Junction,None,,,None,,,Y,Activity Area,Intermittent or Moving Work,Y,N,PATROLMAN,St. Augustine Police Department,Police Department (PD),4/10/2024 19:45,4/10/2024 19:45,2,Y,Pedestrian,Pedestrian,Serious Injury,Incapacitating Injury,NIGHT,N,N,N,N,N,N,N,N,N,2,1,0,0,1,0,0,0,0,0,0,1,0,1,1,0,0,1,0,0,0,0,0,0,0,Y,1,0,N,0,0,0,0,0,0,1,1000,1000,1,0,0,Verified,n/a,469020.5257,3308193.968,29.90402585,-81.32089577
25838410,2024,1/3/2024 10:01,1/3/2024 10:09,SJSO24CAD001693,L,1,2,20,50,St. Johns,St. Augustine,Urban,1/3/2024 10:01,1/3/2024 10:03,1/3/2024 10:05,1/3/2024 10:18,Y,Law Enforcement,AVENIDA MENENDEZ,,29.89048,-81.30982,47,South,BRIDGE,,Local,Curb,Not at Intersection,N,Daylight,Clear,Dry,N,Other,Pedestrian,On Roadway,N,Non-Junction,None,,,None,,,N,,,,,SERGEANT,St. Augustine Police Department,Police Department (PD),1/9/2024 19:56,1/9/2024 19:56,6,Y,Pedestrian,Pedestrian,Serious Injury,Incapacitating Injury,DAY,N,N,N,N,N,N,N,N,N,1,1,0,0,1,0,0,0,0,1,0,1,0,1,1,0,0,0,0,0,0,0,1,0,0,Y,1,0,N,0,0,1,0,0,0,1,500,500,1,0,0,Verified,n/a,470110.8106,3306646.599,29.89008842,-81.30955921
25838576,2024,2/17/2024 15:57,2/17/2024 16:18,SJSO24CAD036645,L,1,2,20,50,St. Johns,St. Augustine,Urban,2/17/2024 15:59,2/17/2024 16:01,2/17/2024 16:02,2/17/2024 18:30,Y,Law Enforcement,ORANGE STREET,,29.89761,-81.31604,112,East,SEVILLE STREET,,Local,Curb,Not at Intersection,N,Daylight,Rain,Wet,N,Other,Pedestrian,Off Roadway,N,Non-Junction,None,,,None,,,N,,,,,CORPORAL,St. Augustine Police Department,Police Department (PD),2/22/2024 0:08,2/22/2024 0:08,5,Y,Pedestrian,Pedestrian,Serious Injury,Incapacitating Injury,DAY,N,N,N,N,N,N,N,Y,N,0,2,0,1,1,0,0,0,0,0,0,1,0,1,1,0,0,0,0,0,0,0,0,0,0,Y,1,0,N,0,0,1,0,0,0,1,5000,5000,2,0,0,Verified,n/a,469440.8747,3307477.335,29.89756904,-81.31652127
26285939,2024,4/21/2024 22:34,4/21/2024 23:46,FHP24ON0200886,L,3,4,2,38,Duval,Jacksonville,Urban,4/21/2024 22:35,4/21/2024 22:37,4/21/2024 23:05,4/22/2024 1:12,Y,Law Enforcement,STATE ROAD 202 (JAMES TURNER BUTLER BLVD),,30.25378735,-81.51057456,515,West,KERNAN BLVD,,State,Paved,Not at Intersection,N,Dark - Lighted,Clear,Wet,N,Front to Rear,Motor Vehicle in Transport,On Roadway,N,Non-Junction,None,,,None,,,Y,Transition Area,Lane Closure,Y,Y,TPR,Florida Highway Patrol,Florida Highway Patrol (FHP),4/30/2024 20:02,4/30/2024 20:02,9,Y,Rear End,Rear End,Serious Injury,Incapacitating Injury,NIGHT,N,N,N,N,N,N,N,N,N,2,2,1,0,1,0,0,0,0,0,0,0,0,0,3,0,0,1,0,0,0,0,0,0,0,N,0,0,N,0,0,2,0,0,0,3,10100,10100,1,0,0,Verified,n/a,450882.5631,3347017.35,30.25378281,-81.51056582
26464568,2024,12/31/2024 12:38,5/6/2025 12:44,FHP24ON0656644,L,2,2,2,38,Duval,Jacksonville,Urban,12/31/2024 14:46,12/31/2024 15:01,12/31/2024 15:29,12/31/2024 17:35,Y,Law Enforcement,ROOSEVELT BLVD,,30.21512,-81.70391,0,,AVENT DRIVE,,U.S.,Paved,T-Intersection,Y,Daylight,Clear,Dry,N,Front to Rear,Motor Vehicle in Transport,Median,Y,Crossover-Related,None,,,None,,,N,,,,,CPL,Florida Highway Patrol,Florida Highway Patrol (FHP),1/8/2025 21:39,5/8/2025 19:24,8,Y,Left Entering,Left Turn,Fatality,Fatal (within 30 days),DAY,N,N,N,N,N,N,N,N,N,0,1,1,0,0,1,1,0,0,1,0,0,0,0,2,0,0,0,0,0,0,0,1,0,1,N,0,0,N,0,0,1,0,0,0,2,15000,15000,1,0,0,Preliminary,Editor Mapped,432274.1254,3342839.083,30.21518306,-81.70371761
26299014,2024,1/24/2024 18:42,1/24/2024 19:52,FHP24ON0040231,L,3,4,2,38,Duval,Jacksonville,Urban,1/24/2024 18:47,1/24/2024 18:52,1/24/2024 19:21,1/24/2024 20:47,Y,Law Enforcement,INTERSTATE 95 SB,,30.46772,-81.64697,257,South,INTERSTATE 295,,Interstate,Paved,Not at Intersection,N,Dark - Lighted,Clear,Dry,N,Front to Rear,Motor Vehicle in Transport,On Roadway,N,Non-Junction,None,,,None,,,Y,Activity Area,Work on Shoulder or Median,Y,N,TPR,Florida Highway Patrol,Florida Highway Patrol (FHP),2/5/2024 19:40,2/5/2024 19:40,12,Y,Rear End,Rear End,Serious Injury,Incapacitating Injury,DAY,N,N,N,N,N,N,N,Y,N,0,4,3,0,1,0,0,0,0,0,0,0,0,0,3,0,1,1,0,0,0,0,0,0,0,N,0,0,N,0,0,1,0,0,0,3,24500,24500,1,0,0,Verified,n/a,437856.5028,3370740.962,30.467256,-81.64737089
26299048,2024,3/3/2024 8:42,3/3/2024 9:12,FHP24ON0108749,L,1,2,2,38,Duval,Jacksonville,Urban,3/3/2024 8:47,3/3/2024 8:49,3/3/2024 8:55,3/3/2024 10:15,Y,Law Enforcement,INTERSTATE 95 NB,,30.22976814,-81.57703853,2311,North,BAYMEADOWS ROAD,,Interstate,Paved,Not at Intersection,N,Daylight,Rain,Wet,N,Other,Guardrail Face,Median,N,Non-Junction,Road Surface Condition,,,Weather Conditions,,,N,,,,,TPR,Florida Highway Patrol,Florida Highway Patrol (FHP),3/12/2024 20:13,3/12/2024 20:13,9,Y,Off Road,Off Road,Serious Injury,Incapacitating Injury,DAY,N,N,N,N,N,N,N,Y,N,0,2,1,0,1,0,0,0,0,0,0,0,0,0,1,0,0,1,0,0,0,0,0,0,0,N,0,0,N,0,0,1,0,1,240,1,8000,8240,2,0,0,Verified,n/a,444474.5883,3344395.431,30.22984654,-81.57703451
26199075,2024,1/8/2024 13:33,1/8/2024 0:00,240000076,L,1,2,2,40,Duval,Jacksonville Beach,Urban,1/8/2024 13:35,1/8/2024 13:36,1/8/2024 13:39,1/8/2024 14:00,Y,Law Enforcement,3RD ST S,,30.26169,-81.386937,56,South,35TH AVE S,,State,Curb,Not at Intersection,Y,Daylight,Cloudy,Dry,N,,Tree (standing),On Roadway,N,Non-Junction,None,,,None,,,N,,,,,CORPORAL,Jacksonville Beach Police Department,Police Department (PD),1/10/2024 19:42,1/10/2024 19:42,2,Y,Off Road,Off Road,Serious Injury,Incapacitating Injury,DAY,N,N,N,N,N,N,N,Y,N,0,2,1,0,1,0,0,0,0,0,0,0,0,0,1,1,0,1,0,0,0,0,0,0,0,N,0,0,N,0,0,2,0,3,6500,1,20000,26500,2,0,0,Verified,n/a,462778.9444,3347845.168,30.2616767,-81.38693737
26199125,2024,4/18/2024 0:10,4/18/2024 0:00,240001161,L,1,4,2,40,Duval,Jacksonville Beach,Urban,4/18/2024 0:10,4/18/2024 0:09,4/18/2024 0:11,4/18/2024 1:30,Y,Law Enforcement,BEACH BLVD,,30.288112,-81.391673,62,East,3RD ST S,,U.S.,Curb,Four-Way Intersection,Y,Dark - Lighted,Clear,Dry,N,,Curb,Roadside,N,Intersection,None,,,None,,,N,,,,,PATROL,Jacksonville Beach Police Department,Police Department (PD),4/20/2024 19:19,4/20/2024 19:19,2,Y,Off Road,Off Road,Serious Injury,Incapacitating Injury,NIGHT,Y,N,N,Y,N,N,Y,N,Y,0,4,2,1,1,0,0,0,0,0,0,0,0,0,1,0,1,3,0,0,0,0,0,0,0,N,0,0,N,0,0,2,0,2,3000,1,20000,23000,4,0,0,Verified,n/a,462348.762,3350782.086,30.28816623,-81.39151449
26287653,2024,1/1/2024 20:55,1/1/2024 21:37,FHP24ON0001254,L,2,2,2,38,Duval,Jacksonville,Urban,1/1/2024 20:55,1/1/2024 20:58,1/1/2024 21:28,1/1/2024 22:15,Y,Law Enforcement,SB BEFORE,,30.44804,-81.61315,1923,East,PULASKI ROAD,,Interstate,Paved,Not at Intersection,N,Dark - Not Lighted,Clear,Dry,N,Front to Rear,Motor Vehicle in Transport,On Roadway,N,Non-Junction,None,,,None,,,N,,,,,TPR,Florida Highway Patrol,Florida Highway Patrol (FHP),1/6/2024 19:17,1/6/2024 19:17,5,Y,Rear End,Rear End,Serious Injury,Incapacitating Injury,NIGHT,N,N,N,N,N,N,N,Y,N,1,1,0,0,1,0,0,0,0,0,0,0,0,0,2,0,0,0,0,0,0,0,0,0,0,N,0,0,N,0,0,1,0,1,10000,2,15500,25500,1,0,0,Verified,n/a,441123.5686,3368593.83,30.4480459,-81.61321704
26287693,2024,3/26/2024 23:31,3/27/2024 0:12,FHP24ON0152891,L,3,6,2,38,Duval,Jacksonville,Urban,3/26/2024 23:31,3/26/2024 23:33,3/27/2024 0:07,3/27/2024 1:04,Y,Law Enforcement,INTERSTATE 295 NB,,30.28705,-81.52185,1532,South,BEACH BLVD,,Interstate,Paved,Not at Intersection,N,Dark - Lighted,Clear,Dry,N,Front to Rear,Motor Vehicle in Transport,On Roadway,N,Non-Junction,None,,,None,,,Y,Activity Area,Lane Closure,Y,Y,TPR,Florida Highway Patrol,Florida Highway Patrol (FHP),3/29/2024 19:28,3/29/2024 19:28,3,Y,Rear End,Rear End,Serious Injury,Incapacitating Injury,NIGHT,N,N,N,N,N,N,N,N,N,2,4,1,2,1,0,0,0,0,0,0,0,0,0,3,1,0,3,0,0,0,0,0,0,0,N,0,0,N,0,0,1,0,0,0,3,20000,20000,1,0,0,Verified,n/a,449832.9859,3350668.241,30.28668497,-81.52164976
26294045,2024,1/24/2024 22:15,4/17/2024 16:54,FHP24ON0040495,L,2,5,2,38,Duval,Jacksonville,Urban,1/24/2024 22:20,1/24/2024 22:22,1/24/2024 22:29,1/25/2024 1:23,Y,Law Enforcement,INTERSTATE 295 SB,,30.22330261,-81.76228007,2233,North,MORSE AVE,,Interstate,Paved,Not at Intersection,Y,Dark - Lighted,Clear,Dry,N,Front to Rear,Motor Vehicle in Transport,On Roadway,N,Non-Junction,None,,,None,,,N,,,,,TPR,Florida Highway Patrol,Florida Highway Patrol (FHP),2/9/2024 19:33,4/18/2024 19:28,16,Y,Rear End,Rear End,Serious Injury,Incapacitating Injury,NIGHT,Y,Y,N,N,N,N,N,Y,N,0,5,3,1,1,0,0,0,0,0,0,0,0,0,2,0,0,3,2,2,1,0,0,0,0,N,0,0,N,0,0,2,0,1,4000,2,50000,54000,2,0,0,Verified,n/a,426602.5508,3343773.447,30.22328471,-81.76270994