REPORT_NUMBER,CRASH_YEAR,CRASH_DATE_AND_TIME,REPORT_DATE_AND_TIME,INVESTIGATING_AGENCY_REPORT_NUMBER,FORM_TYPE,TOTAL_NUMBER_OF_VEHICLES,TOTAL_NUMBER_OF_PERSONS,COUNTY_CODE,CITY_CODE,COUNTY_NAME,CITY_NAME,RURAL_OR_URBAN,NOTIFIED_TIME,DISPATCHED_TIME,ARRIVED_TIME,CLEARED_TIME,COMPLETED_FLAG,NOTIFIED_BY,ON_STREET_ROAD_HIGHWAY,STREET_ADDRESS_NUMBER,LATITUDE,LONGITUDE,FEET_FROM_INTERSECTION,DIRECTION_FROM_INTERSECTION,FROM_INTERSECTION_OF,MILEPOST_NUMBER,ROAD_SYSTEM_IDENTIFER,TYPE_OF_SHOULDER,TYPE_OF_INTERSECTION,PHOTOS_TAKEN,LIGHT_CONDITION,WEATHER_CONDITION,ROAD_SURFACE_CONDITION,SCHOOL_BUS_RELATED_CODE,TYPE_OF_IMPACT,FIRST_HARMFUL_EVENT,LOCATION,INTERCHANGE_FLAG,JUNCTION_FLAG,ROAD_CIRCUMSTANCES_1,ROAD_CIRCUMSTANCES_2,ROAD_CIRCUMSTANCES_3,ENVIRONMENT_CIRCUMSTANCES_1,ENVIRONMENT_CIRCUMSTANCES_2,ENVIRONMENT_CIRCUMSTANCES_3,WORK_ZONE_RELATED_FLAG,CRASH_IN_WORK_ZONE,TYPE_OF_WORK_ZONE,WORKERS_PRESENT,LAW_ENFORCEMENT_PRESENT,INVESTIGATOR_RANK,INVESTIGATING_AGENCY_NAME,INVESTIGATING_AGENCY_TYPE,LOAD_DATE,UPDATE_DATE,DAYS_TO_LOAD,CODEABLE,S4_CRASH_TYPE,S4_CRASH_TYPE_SIMPLIFIED,S4_CRASH_SEVERITY,S4_CRASH_SEVERITY_DETAIL,S4_DAY_OR_NIGHT,S4_IS_AGGRESSIVE_DRIVING,S4_IS_ALCOHOL_RELATED,S4_IS_CMV_INVOLVED,S4_IS_DISTRACTED,S4_IS_DRUG_RELATED,S4_IS_HIT_AND_RUN,S4_IS_INTERSECTION_RELATED,S4_IS_LANE_DEPARTURE_RELATED,S4_IS_SPEEDING_RELATED,S4_NONE_INJURY_COUNT,S4_INJURY_COUNT,S4_POSSIBLE_INJURY_COUNT,S4_NON_INCAPACITATING_INJURY_COUNT,S4_INCAPACITATING_INJURY_COUNT,S4_FATALITY_COUNT,S4_FATALITY_WITHIN_30_DAYS_COUNT,S4_NON_TRAFFIC_FATALITY_COUNT,S4_TRAILER_COUNT,S4_MOTORCYCLE_COUNT,S4_MOPED_COUNT,S4_NON_MOTORIST_COUNT,S4_BICYCLIST_COUNT,S4_PEDESTRIAN_COUNT,S4_DRIVER_COUNT,S4_AGING_DRIVER_COUNT,S4_TEENAGER_DRIVER_COUNT,S4_PASSENGER_COUNT,S4_UNRESTRAINED_COUNT,S4_UNRESTRAINED_INJURY_COUNT,S4_UNRESTRAINED_INCAPACITATING_INJURY_COUNT,S4_UNRESTRAINED_FATALITY_COUNT,S4_MOTORCYCLIST_COUNT,S4_MOTORCYCLIST_INCAPACITATING_INJURY_COUNT,S4_MOTORCYCLIST_FATALITY_COUNT,S4_IS_PEDESTRIAN_INVOLVED,S4_PEDESTRIAN_INCAPACITATING_INJURY_COUNT,S4_PEDESTRIAN_FATALITY_COUNT,S4_IS_BICYCLIST_INVOLVED,S4_BICYCLIST_INCAPACITATING_INJURY_COUNT,S4_BICYCLIST_FATALITY_COUNT,S4_CITATION_COUNT,S4_CITATION_AMOUNT,S4_PROPERTY_DAMAGE_COUNT,S4_PROPERTY_DAMAGE_AMOUNT,S4_VEHICLE_DAMAGE_COUNT,S4_VEHICLE_DAMAGE_AMOUNT,S4_TOTAL_DAMAGE_AMOUNT,S4_TRANSPORT_BY_EMS_COUNT,S4_TRANSPORT_BY_LAW_ENFORCEMENT_COUNT,S4_TRANSPORT_BY_OTHER_COUNT,S4_GEOLOCATION_STATUS,S4_PRELIMINARY_GEOLOCATION_STATUS,S4_X,S4_Y,S4_LATITUDE,S4_LONGITUDE
26294092,2024,1/24/2024 18:00,1/24/2024 18:43,FHP24ON0040139,L,1,5,2,38,Duval,Jacksonville,Urban,1/24/2024 18:03,1/24/2024 18:08,1/24/2024 18:26,1/24/2024 19:58,Y,Law Enforcement,US-90 (BEACH BLVD),,30.28749,-81.48398,0,,TAMAYA BLVD,,U.S.,Curb,Four-Way Intersection,Y,Dark - Lighted,Clear,Dry,N,Other,Pedestrian,On Roadway,N,Intersection,None,,,None,,,N,,,,,TPR,Florida Highway Patrol,Florida Highway Patrol (FHP),2/13/2024 19:53,2/13/2024 19:53,20,Y,Pedestrian,Pedestrian,Serious Injury,Incapacitating Injury,DAY,N,N,N,N,N,N,Y,N,N,4,1,0,0,1,0,0,0,0,0,0,1,0,1,1,0,0,3,0,0,0,0,0,0,0,Y,1,0,N,0,0,0,0,0,0,1,1500,1500,1,0,0,Verified,n/a,453428.4107,3350722.766,30.28732065,-81.48426717
26095970,2024,4/14/2024 11:50,4/14/2024 12:19,230093,L,1,2,2,38,Duval,Jacksonville,Urban,4/14/2024 11:54,4/14/2024 11:54,4/14/2024 11:54,4/14/2024 12:00,Y,Law Enforcement,ROGERO RD,,30.35078471,-81.58946945,29,South,SYRINGA LN,,Local,Curb,Not at Intersection,N,Daylight,Clear,Dry,N,Other,Pedestrian,On Roadway,N,Non-Junction,None,,,None,,,N,,,,,OFFICER,Jacksonville Sheriff's Office,Sheriff's Office (SO),4/15/2024 19:33,4/15/2024 19:33,1,Y,Pedestrian,Pedestrian,Serious Injury,Incapacitating Injury,DAY,N,N,N,N,N,N,N,N,N,1,1,0,0,1,0,0,0,0,0,0,1,0,1,1,0,0,0,0,0,0,0,0,0,0,Y,1,0,N,0,0,0,0,0,0,1,1500,1500,1,0,0,Verified,n/a,443347.8647,3357802.801,30.35077897,-81.58946621
26099797,2024,1/31/2024 2:10,1/31/2024 3:05,63909,L,1,2,2,38,Duval,Jacksonville,Urban,1/31/2024 2:14,1/31/2024 2:16,1/31/2024 2:34,1/31/2024 3:56,Y,Law Enforcement,NORMANDY BLVD,,30.24306752,-81.89685674,3824,West,NEW WORLD AVE,,State,Unpaved,Not at Intersection,N,Dark - Not Lighted,Clear,Dry,N,Other,Pedestrian,On Roadway,N,Non-Junction,None,,,None,,,N,,,,,OFFICER,Jacksonville Sheriff's Office,Sheriff's Office (SO),2/1/2024 19:20,2/1/2024 19:20,1,Y,Pedestrian,Pedestrian,Serious Injury,Incapacitating Injury,NIGHT,N,N,Y,N,N,N,N,N,N,1,1,0,0,1,0,0,0,1,0,0,1,0,1,1,0,0,0,0,0,0,0,0,0,0,Y,1,0,N,0,0,0,0,0,0,1,500,500,1,0,0,Verified,n/a,413710.3849,3346059.239,30.24306182,-81.89685342
25673302,2024,2/28/2024 22:30,5/2/2024 7:24,128994,L,2,2,2,38,Duval,Jacksonville,Urban,2/28/2024 22:30,2/28/2024 22:30,2/28/2024 22:39,2/29/2024 0:30,Y,Law Enforcement,ARGYLE FOREST BLVD,,30.19498042,-81.77973314,0,,WESTPORT RD,,Local,Curb,T-Intersection,Y,Dark - Lighted,Clear,Dry,N,Angle,Motor Vehicle in Transport,On Roadway,Y,Intersection,None,,,None,,,N,,,,,DETECTIVE,Jacksonville Sheriff's Office,Sheriff's Office (SO),3/3/2024 19:13,5/3/2024 19:36,4,Y,Left Entering,Left Turn,Fatality,Fatal (within 30 days),NIGHT,N,N,N,N,Y,N,Y,N,N,1,0,0,0,0,1,1,0,0,1,0,0,0,0,2,0,0,0,0,0,0,0,1,0,1,N,0,0,N,0,0,1,0,0,0,2,6000,6000,0,0,0,Preliminary,Editor Mapped,424950.7058,3340656.974,30.19506225,-81.77965205
26100118,2024,4/29/2024 21:56,4/29/2024 22:01,264633,L,2,2,2,38,Duval,Jacksonville,Urban,4/29/2024 21:56,4/29/2024 21:56,4/29/2024 22:02,4/29/2024 22:16,Y,Law Enforcement,CONFEDERATE POINT RD,,30.2624186,-81.73046244,89,East,CHARLESTON LN,,Local,Paved,T-Intersection,N,Dark - Lighted,Clear,Dry,N,Angle,Motor Vehicle in Transport,On Roadway,Y,Intersection,None,,,None,,,N,,,,,OFFICER,Jacksonville Sheriff's Office,Sheriff's Office (SO),4/30/2024 20:03,4/30/2024 20:03,1,Y,Left Rear,Left Turn,Serious Injury,Incapacitating Injury,NIGHT,N,N,N,N,N,N,Y,N,N,0,2,1,0,1,0,0,0,0,1,0,0,0,0,2,0,1,0,0,0,0,0,1,1,0,N,0,0,N,0,0,3,0,0,0,2,7000,7000,1,0,0,Preliminary,Editor Mapped,429734.2058,3348089.06,30.26241215,-81.73045756
26104032,2024,4/28/2024 20:50,4/29/2024 19:22,262217,L,2,4,2,38,Duval,Jacksonville,Urban,4/28/2024 20:53,4/28/2024 20:54,4/28/2024 20:58,4/28/2024 22:30,Y,Law Enforcement,BEAVER ST W,,30.33155121,-81.70644082,284,West,MCDUFF AVE N,,U.S.,Curb,Not at Intersection,N,Dark - Lighted,Clear,Dry,N,Other,Motor Vehicle in Transport,On Roadway,N,Non-Junction,None,,,None,,,N,,,,,OFFICER,Jacksonville Sheriff's Office,Sheriff's Office (SO),4/30/2024 20:03,5/1/2024 22:00,2,Y,Other,Other,Serious Injury,Incapacitating Injury,NIGHT,N,N,N,N,N,N,N,N,N,2,2,1,0,1,0,0,0,0,1,0,0,0,0,2,0,1,2,0,0,0,0,2,1,0,N,0,0,N,0,0,4,0,0,0,2,9000,9000,1,0,0,Preliminary,Editor Mapped,432092.5062,3355735.626,30.33154548,-81.70643755
26340831,2024,4/17/2024 7:14,4/17/2024 8:48,FHP24ON0191775,L,2,2,2,38,Duval,Jacksonville,Urban,4/17/2024 7:19,4/17/2024 7:48,4/17/2024 8:33,4/17/2024 9:06,Y,Law Enforcement,INTERSTATE 295 SB SERVICE RAMP,,30.19614152,-81.73874539,4234,West,BLANDING BOULEVARD,,Interstate,Paved,Not at Intersection,N,Daylight,Clear,Dry,N,Front to Rear,Motor Vehicle in Transport,On Roadway,Y,Entrance/Exit Ramp,None,,,None,,,N,,,,,TPR,Florida Highway Patrol,Florida Highway Patrol (FHP),4/29/2024 19:32,4/29/2024 19:32,12,Y,Rear End,Rear End,Serious Injury,Incapacitating Injury,DAY,N,N,N,N,N,N,N,N,N,0,2,1,0,1,0,0,0,0,0,0,0,0,0,2,0,0,0,0,0,0,0,0,0,0,N,0,0,N,0,0,1,0,0,0,2,11000,11000,1,0,0,Preliminary,Editor Mapped,428890.0818,3340748.838,30.19612811,-81.73873683
26343164,2024,4/14/2024 15:16,4/14/2024 15:47,FHP24ON0187257,L,2,1,2,38,Duval,Jacksonville,Urban,4/14/2024 15:16,4/14/2024 15:19,4/14/2024 15:29,4/14/2024 16:45,Y,Law Enforcement,INTERSTATE 295 SB EXPRESS LANES,,30.21586,-81.51415,2114,South,BAYMEADOWS ROAD,,Interstate,Paved,Not at Intersection,N,Daylight,Clear,Dry,N,Other,Other Traffic Barrier,On Roadway,N,Non-Junction,None,,,None,,,N,,,,,TPR,Florida Highway Patrol,Florida Highway Patrol (FHP),4/29/2024 19:32,4/29/2024 19:32,15,Y,Off Road,Off Road,Serious Injury,Incapacitating Injury,DAY,N,N,N,N,N,Y,N,Y,N,0,1,0,0,1,0,0,0,0,0,0,0,0,0,1,1,0,0,0,0,0,0,0,0,0,N,0,0,N,0,0,0,0,0,0,1,1200,1200,1,0,0,Preliminary,Editor Mapped,450521.4527,3342886.685,30.21649333,-81.51412535
26344526,2024,4/19/2024 3:00,4/19/2024 3:14,FHP24ON0195486,L,1,1,2,38,Duval,Jacksonville,Urban,4/19/2024 3:03,4/19/2024 3:04,4/19/2024 3:10,4/19/2024 3:54,Y,Law Enforcement,STATE ROAD 9B,,30.1350871,-81.50693144,2552,North,US 1,,State,Curb,Not at Intersection,N,Dark - Lighted,Clear,Dry,N,Other,Curb,Shoulder,Y,Entrance/Exit Ramp,None,,,None,,,N,,,,,TPR,Florida Highway Patrol,Florida Highway Patrol (FHP),4/29/2024 19:32,4/29/2024 19:32,10,Y,Off Road,Off Road,Serious Injury,Incapacitating Injury,NIGHT,N,N,N,N,N,N,N,Y,N,0,1,0,0,1,0,0,0,0,1,0,0,0,0,1,0,0,0,0,0,0,0,1,1,0,N,0,0,N,0,0,1,0,0,0,1,10000,10000,1,0,0,Preliminary,Editor Mapped,451042.1004,3334400.702,30.13993685,-81.5083223
26407755,2024,9/5/2024 2:47,9/5/2024 3:48,FHP24ON0445560,L,1,1,48,48,Clay,Middleburg,Urban,9/5/2024 2:57,9/5/2024 3:02,9/5/2024 3:38,9/5/2024 4:30,Y,Law Enforcement,COUNTY ROAD 218,,30.06300567,-81.87983131,637,East,ASTER AVENUE,,County,Paved,Not at Intersection,N,Dark - Not Lighted,Rain,Wet,N,Other,Curb,On Roadway,N,Non-Junction,None,,,None,,,N,,,,,TPR,Florida Highway Patrol,Florida Highway Patrol (FHP),9/16/2024 19:28,9/16/2024 19:28,11,Y,Off Road,Off Road,Serious Injury,Incapacitating Injury,NIGHT,N,N,N,N,N,N,N,Y,N,0,1,0,0,1,0,0,0,0,1,0,0,0,0,1,0,0,0,0,0,0,0,1,1,0,N,0,0,N,0,0,2,0,0,0,1,15000,15000,1,0,0,Preliminary,Editor Mapped,415193.5303,3326092.673,30.0630015,-81.87983914
26251636,2024,8/20/2024 18:35,8/20/2024 19:12,SJSO24CAD184465,L,2,4,20,50,St. Johns,St. Augustine,Rural,8/20/2024 18:39,8/20/2024 18:40,8/20/2024 18:44,8/20/2024 20:10,Y,Law Enforcement,BLOCK OF PACETTI RD,3300,29.94387,-81.49675,1256,West,,,Local,Unpaved,Not at Intersection,N,Daylight,Clear,Dry,N,Front to Front,Motor Vehicle in Transport,On Roadway,N,Non-Junction,None,,,None,,,N,,,,,LE CPL,St. Johns County Sheriff's Office,Sheriff's Office (SO),9/3/2024 19:34,9/3/2024 19:34,14,Y,Head On,Head On,Serious Injury,Incapacitating Injury,DAY,N,N,N,N,N,N,N,Y,N,0,4,0,3,1,0,0,0,1,0,0,0,0,0,2,0,0,2,0,0,0,0,0,0,0,N,0,0,N,0,0,1,0,0,0,2,30000,30000,4,0,0,Preliminary,Editor Mapped,451957.2405,3312382.29,29.94127446,-81.49782645
26360942,2024,7/8/2024 14:23,7/8/2024 16:10,FHP24ON0341160,L,5,13,20,0,St. Johns,Unincorporated,Rural,7/8/2024 14:28,7/8/2024 14:32,7/8/2024 14:59,7/8/2024 17:00,Y,Law Enforcement,INTERSTATE 95,,29.82602562,-81.37919751,1511,South,MM 311,,Interstate,Paved,Not at Intersection,N,Daylight,Rain,Wet,N,Front to Rear,Motor Vehicle in Transport,On Roadway,N,Non-Junction,Road Surface Condition,,,Weather Conditions,,,N,,,,,TPR,Florida Highway Patrol,Florida Highway Patrol (FHP),7/15/2024 19:29,7/15/2024 19:29,7,Y,Rear End,Rear End,Serious Injury,Incapacitating Injury,DAY,N,N,N,Y,N,N,N,Y,N,12,1,0,0,1,0,0,0,0,0,0,0,0,0,5,0,0,8,0,0,0,0,0,0,0,N,0,0,N,0,0,1,0,0,0,5,56000,56000,1,0,0,Preliminary,Editor Mapped,463358.5599,3299564.697,29.82599445,-81.37924871
26438199,2024,11/22/2024 11:33,5/14/2025 13:42,FHP24ON0589256,L,3,4,48,0,Clay,Unincorporated,Rural,11/22/2024 11:33,11/22/2024 11:51,11/22/2024 11:51,11/22/2024 13:42,Y,Law Enforcement,US-17,,30.12079,-81.70469,2591,North,PACE ISLAND TRCE,,U.S.,Paved,Not at Intersection,N,Daylight,Clear,Dry,N,Front to Rear,Motor Vehicle in Transport,On Roadway,N,Non-Junction,None,,,None,,,Y,Activity Area,Work on Shoulder or Median,N,N,TPR,Florida Highway Patrol,Florida Highway Patrol (FHP),12/4/2024 19:29,5/16/2025 19:39,12,Y,Rear End,Rear End,Fatality,Fatal (within 30 days),DAY,N,N,N,N,N,N,N,N,N,2,0,0,0,0,2,2,0,0,0,0,0,0,0,3,0,0,1,1,0,0,0,0,0,0,N,0,0,N,0,0,0,0,0,0,3,17000,17000,2,0,0,Preliminary,Computer mapped confident by address,432213.7528,3333176.231,30.1279851,-81.7037251
26214970,2024,10/3/2024 12:37,10/3/2024 0:00,2024021051,L,2,2,48,0,Clay,Unincorporated,Rural,10/3/2024 12:39,10/3/2024 12:40,10/3/2024 12:46,10/3/2024 13:55,Y,Law Enforcement,BLANDING BLVD,,30.141705,-81.767616,79,West,LONDONDERRY DR,,State,Paved,Not at Intersection,N,Daylight,Clear,Dry,N,Front to Rear,Motor Vehicle in Transport,On Roadway,N,Non-Junction,None,,,None,,,N,,,,,DEPUTY,Clay County Sheriff's Office,Sheriff's Office (SO),10/8/2024 19:46,10/8/2024 19:46,5,Y,Rear End,Rear End,Serious Injury,Incapacitating Injury,DAY,N,N,N,N,N,N,N,N,N,0,2,0,1,1,0,0,0,0,0,0,0,0,0,2,0,0,0,0,0,0,0,0,0,0,N,0,0,N,0,0,2,0,0,0,2,500,500,2,0,0,Preliminary,Editor Mapped,426068.0804,3334734.706,30.14169078,-81.76763082
26100393,2024,12/28/2024 18:01,12/28/2024 18:33,785455,L,1,3,2,38,Duval,Jacksonville,Urban,12/28/2024 18:02,12/28/2024 18:03,12/28/2024 18:11,12/28/2024 19:00,Y,Law Enforcement,BEACH BLVD,,30.28730589,-81.56842537,69,East,GROVE PARK BLVD,,U.S.,Paved,Four-Way Intersection,N,Dusk,Clear,Wet,N,Angle,Pedestrian,On Roadway,N,Intersection-Related,None,,,None,,,N,,,,,OFFICER,Jacksonville Sheriff's Office,Sheriff's Office (SO),12/30/2024 20:05,12/30/2024 20:05,2,Y,Pedestrian,Pedestrian,Serious Injury,Incapacitating Injury,DAY,N,N,N,N,N,N,Y,N,N,2,1,0,0,1,0,0,0,0,0,0,1,0,1,1,1,0,1,0,0,0,0,0,0,0,Y,1,0,N,0,0,1,0,0,0,1,500,500,1,0,0,Preliminary,Editor Mapped,445344.3496,3350756.238,30.28728474,-81.5683265
26215415,2024,11/4/2024 7:50,2/19/2025 0:00,2024023558,L,1,1,48,0,Clay,Unincorporated,Rural,11/4/2024 7:51,11/4/2024 7:52,11/4/2024 7:53,11/4/2024 9:20,Y,Law Enforcement,BLANDING BLVD,899,30.138008,-81.7693,,,,,Parking Lot,Curb,Not at Intersection,N,Daylight,Cloudy,Dry,N,,"Other Post, Pole or Support",Off Roadway,N,Non-Junction,None,,,None,,,N,,,,,DEPUTY SHERIFF,Clay County Sheriff's Office,Sheriff's Office (SO),11/5/2024 19:59,3/3/2025 19:46,1,Y,Off Road,Off Road,Fatality,Fatal (within 30 days),DAY,Y,N,N,N,N,N,N,N,N,0,0,0,0,0,1,1,0,0,0,0,0,0,0,1,1,0,0,0,0,0,0,0,0,0,N,0,0,N,0,0,0,0,1,100,1,25000,25100,1,0,0,Preliminary,Editor Mapped,425904.8301,3334327.072,30.13800252,-81.76929718
26096999,2024,3/8/2024 19:56,6/13/2024 13:04,149165,L,1,2,2,38,Duval,Jacksonville,Urban,3/8/2024 19:57,3/8/2024 19:58,3/8/2024 20:01,3/8/2024 22:40,N,Law Enforcement,ARLINGTON RD N,,30.33006624,-81.58740185,255,South,LILLIAN RD,,Local,Paved,Not at Intersection,Y,Dark - Lighted,Clear,Dry,N,,Pedestrian,On Roadway,N,Through Roadway,None,,,None,,,N,,,,,DETECTIVE,Jacksonville Sheriff's Office,Sheriff's Office (SO),3/9/2024 19:15,6/14/2024 19:33,1,Y,Pedestrian,Pedestrian,Fatality,Fatal (within 30 days),NIGHT,N,N,N,N,N,Y,N,N,N,1,0,0,0,0,1,1,0,0,0,0,1,0,1,1,1,0,0,0,0,0,0,0,0,0,Y,0,1,N,0,0,0,0,0,0,1,500,500,1,0,0,Preliminary,Editor Mapped,443534.6899,3355505.816,30.3300605,-81.58739861
26104935,2024,1/9/2024 1:22,2/5/2024 8:44,16729,L,1,4,2,38,Duval,Jacksonville,Urban,1/9/2024 1:25,1/9/2024 1:25,1/9/2024 1:30,1/9/2024 4:22,Y,Law Enforcement,STARRATT RD,,30.49709028,-81.58788577,3421,North,JUNIOR RD,,Local,Unpaved,Not at Intersection,Y,Dark - Not Lighted,Rain,Wet,N,Other,Pedestrian,On Roadway,N,Non-Junction,None,,,None,,,N,,,,,DETECTIVE,Jacksonville Sheriff's Office,Sheriff's Office (SO),1/10/2024 19:42,2/6/2024 20:05,1,Y,Pedestrian,Pedestrian,Fatality,Fatal (within 30 days),NIGHT,N,N,N,Y,N,N,N,N,N,1,2,0,2,0,1,1,0,0,0,0,3,0,3,1,0,0,0,0,0,0,0,0,0,0,Y,0,1,N,0,0,0,0,0,0,1,4000,4000,2,0,0,Preliminary,Editor Mapped,443578.1318,3373890.52,30.49595812,-81.5879402
26466310,2024,12/12/2024 23:33,3/15/2025 16:16,FHP24ON0625195,L,1,1,2,38,Duval,Jacksonville,Urban,12/12/2024 23:38,12/12/2024 23:42,12/12/2024 23:57,12/13/2024 1:52,Y,Law Enforcement,INTERSTATE 95,,30.18526,-81.55778,270,North,US HIGHWAY 1,,Interstate,Paved,Not at Intersection,Y,Dark - Not Lighted,Clear,Dry,N,Other,Other Non-Collision,On Roadway,Y,Entrance/Exit Ramp,None,,,None,,,N,,,,,TPR,Florida Highway Patrol,Florida Highway Patrol (FHP),12/23/2024 19:56,3/23/2025 19:13,11,Y,Single Vehicle,Other,Serious Injury,Incapacitating Injury,NIGHT,Y,N,N,N,N,N,N,Y,Y,0,1,0,0,1,0,0,0,0,0,0,0,0,0,1,0,0,0,1,1,1,0,0,0,0,N,0,0,N,0,0,0,0,0,0,1,10000,10000,1,0,0,Preliminary,Editor Mapped,446336.0353,3339480.81,30.18558125,-81.55744064
26421217,2024,9/4/2024 14:15,9/4/2024 15:08,FHP24ON0444569,L,2,3,2,38,Duval,Jacksonville,Urban,9/4/2024 14:15,9/4/2024 14:24,9/4/2024 15:05,9/4/2024 16:54,Y,Law Enforcement,INTERSTATE 95 SB,,30.33145,-81.67394,1169,South,FOREST ST,,Interstate,Paved,Not at Intersection,N,Daylight,Rain,Wet,N,Other,Concrete Traffic Barrier,Off Roadway,N,Non-Junction,None,,,None,,,N,,,,,TPR,Florida Highway Patrol,Florida Highway Patrol (FHP),9/16/2024 19:28,9/16/2024 19:28,12,Y,Off Road,Off Road,Serious Injury,Incapacitating Injury,DAY,N,N,N,N,N,N,N,Y,N,0,3,0,2,1,0,0,0,0,0,0,0,0,0,2,0,0,1,0,0,0,0,0,0,0,N,0,0,N,0,0,1,0,0,0,2,20000,20000,1,0,0,Preliminary,Editor Mapped,435057.417,3355528.266,30.32983732,-81.67558276
26105601,2024,5/16/2024 15:42,5/16/2024 16:09,302105,L,1,4,2,38,Duval,Jacksonville,Urban,5/16/2024 15:42,5/16/2024 15:42,5/16/2024 15:51,5/16/2024 16:02,Y,Law Enforcement,IMESON RD,,30.34835057,-81.77267521,551,North,TIA RD,,Local,Unpaved,Not at Intersection,N,Daylight,Clear,Dry,Y,"Sideswipe, Same Direction",Pedestrian,On Roadway,N,Non-Junction,None,,,None,,,N,,,,,OFFICER,Jacksonville Sheriff's Office,Sheriff's Office (SO),5/17/2024 19:33,5/17/2024 19:33,1,Y,Pedestrian,Pedestrian,Serious Injury,Incapacitating Injury,DAY,N,N,Y,N,N,N,N,Y,N,3,1,0,0,1,0,0,0,0,0,0,1,1,0,1,1,0,2,0,0,0,0,0,0,0,N,0,0,Y,1,0,0,0,1,50,0,0,50,1,0,0,Preliminary,Editor Mapped,425738.1164,3357638.816,30.34834483,-81.77267192
26216109,2024,12/28/2024 1:13,12/28/2024 0:00,2024027470,L,1,3,48,48,Clay,Middleburg,Urban,12/28/2024 1:15,12/28/2024 1:18,12/28/2024 1:22,12/28/2024 3:15,Y,Law Enforcement,BLOOMFIELD CT,3909,30.154317,-81.845743,,,,,Parking Lot,Unpaved,Not at Intersection,Y,Dark - Lighted,Clear,Wet,N,,Other Fixed Object,Off Roadway,N,Non-Junction,None,,,None,,,N,,,,,DEPUTY,Clay County Sheriff's Office,Sheriff's Office (SO),12/30/2024 20:05,12/30/2024 20:05,2,Y,Off Road,Off Road,Serious Injury,Incapacitating Injury,NIGHT,Y,Y,N,N,N,N,N,Y,Y,0,3,2,0,1,0,0,0,0,0,0,1,0,1,1,0,1,1,1,1,0,0,0,0,0,Y,1,0,N,0,0,0,0,1,100000,1,5000,105000,2,0,0,Unmapped,Unmapped,,,,
83563753,2024,7/9/2024 20:01,7/9/2024 20:33,419471,L,1,1,2,38,Duval,Jacksonville,Urban,7/9/2024 20:02,7/9/2024 20:02,7/9/2024 20:07,7/9/2024 21:05,Y,Law Enforcement,103RD ST,7328,30.24802482,-81.76740692,,,REDSTONE DR,,State,Curb,Not at Intersection,N,Dusk,Clear,Dry,N,Other,Other Fixed Object,Off Roadway,N,Non-Junction,None,,,None,,,N,,,,,OFFICER,Jacksonville Sheriff's Office,Sheriff's Office (SO),7/10/2024 21:53,7/10/2024 21:53,1,Y,Off Road,Off Road,Serious Injury,Incapacitating Injury,NIGHT,N,N,N,N,N,N,N,Y,N,0,1,0,0,1,0,0,0,0,0,0,0,0,0,1,0,0,0,0,0,0,0,0,0,0,N,0,0,N,0,0,0,0,1,1000,1,1000,2000,1,0,0,Preliminary,Editor Mapped,426166.4012,3346512.882,30.24797748,-81.76743385
26827641,2024,9/6/2024 16:00,9/6/2024 16:27,548551,L,2,2,2,38,Duval,Jacksonville,Urban,9/6/2024 16:10,9/6/2024 16:10,9/6/2024 16:30,9/6/2024 16:39,Y,Law Enforcement,MILMAR DR S,,30.30567695,-81.6029253,0,,BARTRAM RD,,Local,Paved,T-Intersection,N,Daylight,Clear,Dry,N,Other,Motor Vehicle in Transport,On Roadway,N,Intersection,None,,,None,,,N,,,,,OFFICER,Jacksonville Sheriff's Office,Sheriff's Office (SO),9/8/2024 19:18,9/8/2024 19:18,2,Y,Left Leaving,Left Turn,Serious Injury,Incapacitating Injury,DAY,N,N,N,N,N,N,Y,N,N,1,1,0,0,1,0,0,0,0,0,0,0,0,0,2,1,0,0,0,0,0,0,0,0,0,N,0,0,N,0,0,0,0,0,0,2,2000,2000,1,0,0,Preliminary,Editor Mapped,442027.601,3352808.224,30.30564697,-81.6029268
26111718,2024,2/23/2024 13:05,2/23/2024 13:28,116929,L,2,3,2,38,Duval,Jacksonville,Urban,2/23/2024 13:07,2/23/2024 13:08,2/23/2024 13:19,2/23/2024 14:18,Y,Law Enforcement,SALISBURY RD,,30.25885843,-81.59656817,0,,SOUTHPOINT PKWY,,Local,Curb,Four-Way Intersection,N,Daylight,Clear,Dry,N,Angle,Motor Vehicle in Transport,On Roadway,N,Intersection,None,,,None,,,N,,,,,CSO,Jacksonville Sheriff's Office,Sheriff's Office (SO),2/24/2024 19:20,2/24/2024 19:20,1,Y,Left Entering,Left Turn,Serious Injury,Incapacitating Injury,DAY,N,N,N,N,N,N,Y,N,N,1,2,1,0,1,0,0,0,0,1,0,0,0,0,2,0,0,1,0,0,0,0,1,1,0,N,0,0,N,0,0,1,0,0,0,2,10000,10000,1,0,0,Preliminary,Editor Mapped,442613.8249,3347616.893,30.25882974,-81.59654675