REPORT_NUMBER,CRASH_YEAR,CRASH_DATE_AND_TIME,REPORT_DATE_AND_TIME,INVESTIGATING_AGENCY_REPORT_NUMBER,FORM_TYPE,TOTAL_NUMBER_OF_VEHICLES,TOTAL_NUMBER_OF_PERSONS,COUNTY_CODE,CITY_CODE,COUNTY_NAME,CITY_NAME,RURAL_OR_URBAN,NOTIFIED_TIME,DISPATCHED_TIME,ARRIVED_TIME,CLEARED_TIME,COMPLETED_FLAG,NOTIFIED_BY,ON_STREET_ROAD_HIGHWAY,STREET_ADDRESS_NUMBER,LATITUDE,LONGITUDE,FEET_FROM_INTERSECTION,DIRECTION_FROM_INTERSECTION,FROM_INTERSECTION_OF,MILEPOST_NUMBER,ROAD_SYSTEM_IDENTIFER,TYPE_OF_SHOULDER,TYPE_OF_INTERSECTION,PHOTOS_TAKEN,LIGHT_CONDITION,WEATHER_CONDITION,ROAD_SURFACE_CONDITION,SCHOOL_BUS_RELATED_CODE,TYPE_OF_IMPACT,FIRST_HARMFUL_EVENT,LOCATION,INTERCHANGE_FLAG,JUNCTION_FLAG,ROAD_CIRCUMSTANCES_1,ROAD_CIRCUMSTANCES_2,ROAD_CIRCUMSTANCES_3,ENVIRONMENT_CIRCUMSTANCES_1,ENVIRONMENT_CIRCUMSTANCES_2,ENVIRONMENT_CIRCUMSTANCES_3,WORK_ZONE_RELATED_FLAG,CRASH_IN_WORK_ZONE,TYPE_OF_WORK_ZONE,WORKERS_PRESENT,LAW_ENFORCEMENT_PRESENT,INVESTIGATOR_RANK,INVESTIGATING_AGENCY_NAME,INVESTIGATING_AGENCY_TYPE,LOAD_DATE,UPDATE_DATE,DAYS_TO_LOAD,CODEABLE,S4_CRASH_TYPE,S4_CRASH_TYPE_SIMPLIFIED,S4_CRASH_SEVERITY,S4_CRASH_SEVERITY_DETAIL,S4_DAY_OR_NIGHT,S4_IS_AGGRESSIVE_DRIVING,S4_IS_ALCOHOL_RELATED,S4_IS_CMV_INVOLVED,S4_IS_DISTRACTED,S4_IS_DRUG_RELATED,S4_IS_HIT_AND_RUN,S4_IS_INTERSECTION_RELATED,S4_IS_LANE_DEPARTURE_RELATED,S4_IS_SPEEDING_RELATED,S4_NONE_INJURY_COUNT,S4_INJURY_COUNT,S4_POSSIBLE_INJURY_COUNT,S4_NON_INCAPACITATING_INJURY_COUNT,S4_INCAPACITATING_INJURY_COUNT,S4_FATALITY_COUNT,S4_FATALITY_WITHIN_30_DAYS_COUNT,S4_NON_TRAFFIC_FATALITY_COUNT,S4_TRAILER_COUNT,S4_MOTORCYCLE_COUNT,S4_MOPED_COUNT,S4_NON_MOTORIST_COUNT,S4_BICYCLIST_COUNT,S4_PEDESTRIAN_COUNT,S4_DRIVER_COUNT,S4_AGING_DRIVER_COUNT,S4_TEENAGER_DRIVER_COUNT,S4_PASSENGER_COUNT,S4_UNRESTRAINED_COUNT,S4_UNRESTRAINED_INJURY_COUNT,S4_UNRESTRAINED_INCAPACITATING_INJURY_COUNT,S4_UNRESTRAINED_FATALITY_COUNT,S4_MOTORCYCLIST_COUNT,S4_MOTORCYCLIST_INCAPACITATING_INJURY_COUNT,S4_MOTORCYCLIST_FATALITY_COUNT,S4_IS_PEDESTRIAN_INVOLVED,S4_PEDESTRIAN_INCAPACITATING_INJURY_COUNT,S4_PEDESTRIAN_FATALITY_COUNT,S4_IS_BICYCLIST_INVOLVED,S4_BICYCLIST_INCAPACITATING_INJURY_COUNT,S4_BICYCLIST_FATALITY_COUNT,S4_CITATION_COUNT,S4_CITATION_AMOUNT,S4_PROPERTY_DAMAGE_COUNT,S4_PROPERTY_DAMAGE_AMOUNT,S4_VEHICLE_DAMAGE_COUNT,S4_VEHICLE_DAMAGE_AMOUNT,S4_TOTAL_DAMAGE_AMOUNT,S4_TRANSPORT_BY_EMS_COUNT,S4_TRANSPORT_BY_LAW_ENFORCEMENT_COUNT,S4_TRANSPORT_BY_OTHER_COUNT,S4_GEOLOCATION_STATUS,S4_PRELIMINARY_GEOLOCATION_STATUS,S4_X,S4_Y,S4_LATITUDE,S4_LONGITUDE
26834060,2024,10/1/2024 12:12,4/24/2025 12:40,602322,L,4,5,2,38,Duval,Jacksonville,Urban,10/1/2024 12:15,10/1/2024 12:17,10/1/2024 12:25,10/1/2024 15:46,N,Law Enforcement,NEW BERLIN RD,,30.46442525,-81.58481992,61,East,SAPP RD,,Local,Unpaved,Not at Intersection,N,Daylight,Clear,Dry,N,"Sideswipe, Opposite Direction",Motor Vehicle in Transport,On Roadway,N,Non-Junction,None,,,None,,,N,,,,,DETECTIVE,Jacksonville Sheriff's Office,Sheriff's Office (SO),10/10/2024 19:26,4/25/2025 19:33,9,Y,Rear End,Rear End,Fatality,Fatal (within 30 days),DAY,N,N,N,N,N,N,N,Y,N,1,3,3,0,0,1,1,0,0,0,0,0,0,0,4,1,0,1,0,0,0,0,0,0,0,N,0,0,N,0,0,0,0,1,2000,4,16300,18300,2,0,0,Preliminary,Editor Mapped,443850.698,3370391.118,30.46439412,-81.58491124
26827133,2024,6/15/2024 17:00,6/15/2024 17:44,368255,L,3,3,2,38,Duval,Jacksonville,Urban,6/15/2024 17:05,6/15/2024 17:11,6/15/2024 17:25,6/15/2024 19:57,Y,Law Enforcement,SATINWOOD DR,,30.29396419,-81.44155783,393,West,PORTULACA AVE,,Local,Curb,Not at Intersection,N,Daylight,Clear,Dry,N,Other,Parked Motor Vehicle,On Roadway,N,Non-Junction,None,,,None,,,N,,,,,OFFICER,Jacksonville Sheriff's Office,Sheriff's Office (SO),6/26/2024 22:58,6/26/2024 22:58,11,Y,Parked Vehicle,Other,Serious Injury,Incapacitating Injury,DAY,N,N,N,N,N,N,N,Y,N,2,1,0,0,1,0,0,0,0,1,0,0,0,0,3,0,0,0,0,0,0,0,1,1,0,N,0,0,N,0,0,1,0,0,0,3,30000,30000,1,0,0,Preliminary,Editor Mapped,457538.9424,3351441.595,30.29395846,-81.44155464
89636952,2024,2/18/2024 0:10,7/2/2024 18:32,FHP24ON0082416,L,3,4,41,60,Nassau,Yulee,Urban,2/18/2024 0:15,2/18/2024 0:34,2/18/2024 0:53,2/18/2024 4:09,Y,Law Enforcement,STATE ROAD 200,,30.62260862,-81.63883251,0,,WILDLIGHT AVE,,State,Paved,Not at Intersection,N,Dark - Lighted,Rain,Wet,N,Front to Rear,Motor Vehicle in Transport,On Roadway,N,Non-Junction,None,,,None,,,N,,,,,TPR,Florida Highway Patrol,Florida Highway Patrol (FHP),3/4/2024 19:15,7/15/2024 19:29,15,Y,Rear End,Rear End,Serious Injury,Incapacitating Injury,NIGHT,N,Y,N,N,Y,N,N,N,N,1,3,2,0,1,0,0,0,0,0,0,0,0,0,3,0,1,1,1,1,0,0,0,0,0,N,0,0,N,0,0,0,0,0,0,3,50000,50000,1,0,0,Preliminary,Editor Mapped,438769.4537,3387950.882,30.62259307,-81.6388768
26117767,2024,12/29/2024 11:19,12/29/2024 11:45,786542,L,1,2,2,38,Duval,Jacksonville,Urban,12/29/2024 11:19,12/29/2024 11:19,12/29/2024 11:23,12/29/2024 12:52,Y,Law Enforcement,ST,103RD,30.24829601,-81.74822707,307,West,JAMMES RD,,State,Paved,Not at Intersection,N,Daylight,Cloudy,Dry,N,Angle,Pedestrian,On Roadway,N,Non-Junction,None,,,None,,,N,,,,,OFFICER,Jacksonville Sheriff's Office,Sheriff's Office (SO),12/30/2024 20:05,12/30/2024 20:05,1,Y,Pedestrian,Pedestrian,Serious Injury,Incapacitating Injury,DAY,N,N,N,N,N,N,N,N,N,1,1,0,0,1,0,0,0,0,0,0,1,0,1,1,0,0,0,0,0,0,0,0,0,0,Y,1,0,N,0,0,0,0,0,0,1,5000,5000,1,0,0,Preliminary,Editor Mapped,428014.852,3346535.23,30.24829028,-81.74822379
26190746,2024,9/1/2024 10:30,9/1/2024 0:00,2024-00086973,L,2,2,41,0,Nassau,Unincorporated,Rural,9/1/2024 10:31,9/1/2024 10:33,9/1/2024 10:39,9/1/2024 11:12,Y,Law Enforcement,ARRIGO BLVD.,464016,,,,,,,Local,Paved,Not at Intersection,,Daylight,Clear,Dry,N,Angle,Motor Vehicle in Transport,On Roadway,N,Non-Junction,None,,,None,,,N,,,,,,Nassau County Sheriff's Office,Sheriff's Office (SO),9/12/2024 1:24,9/12/2024 1:24,11,Y,Backed Into,Other,Serious Injury,Incapacitating Injury,DAY,N,N,N,N,N,N,N,N,N,1,1,0,0,1,0,0,0,0,0,0,0,0,0,2,1,0,0,0,0,0,0,0,0,0,N,0,0,N,0,0,0,0,0,0,2,10000,10000,1,0,0,Preliminary,Editor Mapped,448874.1523,3387601.107,30.61991209,-81.53343175
26832244,2024,9/14/2024 22:30,10/21/2024 8:15,566171,L,1,2,2,38,Duval,Jacksonville,Urban,9/14/2024 22:39,9/14/2024 22:40,9/14/2024 22:45,9/15/2024 1:27,Y,Law Enforcement,KERNAN BLVD SOUTH,,30.31682182,-81.48923117,0,,VISTA POINT DRIVE,,Local,Paved,Four-Way Intersection,Y,Dark - Lighted,Clear,Dry,N,Other,Pedestrian,On Roadway,N,Intersection,None,,,None,,,N,,,,,DETECTIVE,Jacksonville Sheriff's Office,Sheriff's Office (SO),9/16/2024 19:28,10/24/2024 0:20,2,Y,Pedestrian,Pedestrian,Serious Injury,Incapacitating Injury,NIGHT,N,N,N,N,N,N,Y,N,N,0,2,0,0,2,0,0,0,0,1,0,1,0,1,1,0,0,0,0,0,0,0,1,1,0,Y,1,0,N,0,0,1,0,0,0,1,4000,4000,2,0,0,Preliminary,Editor Mapped,452964.6904,3353991.953,30.31680342,-81.4892354
26113896,2024,11/28/2024 13:15,11/28/2024 13:25,725543,L,2,3,2,38,Duval,Jacksonville,Urban,11/28/2024 13:16,11/28/2024 13:17,11/28/2024 13:18,11/28/2024 13:45,Y,Law Enforcement,GROVE PARK BLVD,,30.28781422,-81.56846681,120,North,BEACH BLVD,,Local,Unpaved,Not at Intersection,N,Daylight,Clear,Dry,N,Angle,Motor Vehicle in Transport,On Roadway,N,Driveway/Alley Access Related,None,,,None,,,N,,,,,OFFICER,Jacksonville Sheriff's Office,Sheriff's Office (SO),11/29/2024 19:44,11/29/2024 19:44,1,Y,Left Leaving,Left Turn,Serious Injury,Incapacitating Injury,DAY,N,N,N,N,N,N,N,N,N,0,3,1,1,1,0,0,0,0,0,0,0,0,0,2,0,0,1,3,3,1,0,0,0,0,N,0,0,N,0,0,1,0,0,0,2,10000,10000,2,0,0,Preliminary,Editor Mapped,445331.4563,3350814.342,30.28780847,-81.56846359
26215440,2024,11/7/2024 0:08,11/7/2024 0:00,2024023755,L,1,1,48,48,Clay,Middleburg,Urban,11/7/2024 0:08,11/7/2024 0:08,11/7/2024 0:08,11/7/2024 0:08,Y,Law Enforcement,WASHINGTON AVE,,30.139903,-81.789068,28,East,LOGAN AVE,,Local,Curb,T-Intersection,N,Dark - Not Lighted,Clear,Dry,N,,Guardrail Face,On Roadway,N,Other,Other,,,None,,,N,,,,,DEPUTY,Clay County Sheriff's Office,Sheriff's Office (SO),11/27/2024 19:32,11/27/2024 19:32,20,Y,Off Road,Off Road,Serious Injury,Incapacitating Injury,NIGHT,Y,N,N,N,N,N,N,N,Y,0,1,0,0,1,0,0,0,0,1,0,0,0,0,1,0,0,0,0,0,0,0,1,1,0,N,0,0,N,0,0,4,0,0,0,1,1000,1000,1,0,0,Preliminary,Editor Mapped,424008.7417,3334552.032,30.13991564,-81.78899803
26832696,2024,9/12/2024 8:27,9/12/2024 8:47,560487,L,3,4,2,38,Duval,Jacksonville,Urban,9/12/2024 8:27,9/12/2024 8:30,9/12/2024 8:32,9/12/2024 10:21,Y,Law Enforcement,SR 115 (SOUTHSIDE BLVD),,30.19523434,-81.55162948,0,,SQUARE LAKE BLVD,,State,Curb,Four-Way Intersection,N,Daylight,Cloudy,Wet,N,Angle,Motor Vehicle in Transport,On Roadway,N,Intersection,None,,,None,,,N,,,,,CSO,Jacksonville Sheriff's Office,Sheriff's Office (SO),9/17/2024 19:49,9/17/2024 19:49,5,Y,Left Rear,Left Turn,Serious Injury,Incapacitating Injury,DAY,N,N,N,N,N,N,Y,N,N,3,1,0,0,1,0,0,0,0,0,0,0,0,0,3,0,0,1,0,0,0,0,0,0,0,N,0,0,N,0,0,2,0,0,0,3,20900,20900,1,0,0,Preliminary,Editor Mapped,446901.2726,3340545.871,30.19521711,-81.55162297
26832267,2024,9/15/2024 2:22,9/15/2024 2:44,566441,L,1,1,2,38,Duval,Jacksonville,Urban,9/15/2024 2:22,9/15/2024 2:24,9/15/2024 2:29,9/15/2024 4:21,Y,Law Enforcement,N PEARL ST,,30.37576252,-81.65681337,71,South,W 48TH ST,,Local,Curb,Not at Intersection,N,Dark - Lighted,Cloudy,Dry,N,Front to Front,Tree (standing),Median,N,Non-Junction,None,,,None,,,N,,,,,OFFICER,Jacksonville Sheriff's Office,Sheriff's Office (SO),9/16/2024 19:28,9/16/2024 19:28,1,Y,Off Road,Off Road,Serious Injury,Incapacitating Injury,NIGHT,N,N,N,N,N,N,N,Y,N,0,1,0,0,1,0,0,0,0,0,0,0,0,0,1,0,0,0,0,0,0,0,0,0,0,N,0,0,N,0,0,0,0,1,100,1,5000,5100,1,0,0,Preliminary,Editor Mapped,436897.4221,3360592.481,30.37563188,-81.65674782
26190932,2024,8/12/2024 12:55,8/12/2024 0:00,2024-00080820,L,2,2,41,0,Nassau,Unincorporated,Rural,8/12/2024 12:59,8/12/2024 12:59,8/12/2024 12:59,8/12/2024 13:05,Y,Law Enforcement,SR200,,,,165,East,DAVID HALLMAN PKWY,,State,Curb,Not at Intersection,,Daylight,Clear,Dry,N,Front to Rear,Motor Vehicle in Transport,On Roadway,N,Non-Junction,None,,,None,,,N,,,,,Dep.,Nassau County Sheriff's Office,Sheriff's Office (SO),8/24/2024 19:26,8/24/2024 19:26,12,Y,Rear End,Rear End,Serious Injury,Incapacitating Injury,DAY,N,N,N,Y,N,N,N,N,N,1,1,0,0,1,0,0,0,0,0,0,0,0,0,2,0,0,0,0,0,0,0,0,0,0,N,0,0,N,0,0,1,0,0,0,2,15000,15000,1,0,0,Preliminary,Editor Mapped,448296.1884,3388071.053,30.6241277,-81.53948534
26117552,2024,5/15/2024 21:10,5/15/2024 21:18,300299,L,3,3,2,38,Duval,Jacksonville,Urban,5/15/2024 21:12,5/15/2024 21:12,5/15/2024 21:15,5/15/2024 21:21,Y,Law Enforcement,CESERY BLVD,,30.32710078,-81.59692985,59,South,ARLINGTON EXPY,,State,Curb,Not at Intersection,N,Dark - Lighted,Clear,Dry,N,Front to Rear,Motor Vehicle in Transport,On Roadway,N,Non-Junction,None,,,None,,,N,,,,,OFFICER,Jacksonville Sheriff's Office,Sheriff's Office (SO),5/17/2024 19:33,5/17/2024 19:33,2,Y,Rear End,Rear End,Serious Injury,Incapacitating Injury,NIGHT,N,N,N,N,N,N,N,N,N,1,2,1,0,1,0,0,0,0,0,0,0,0,0,3,0,0,0,0,0,0,0,0,0,0,N,0,0,N,0,0,0,0,0,0,3,22500,22500,1,0,0,Preliminary,Editor Mapped,442616.383,3355170.087,30.32698774,-81.59693279
89714914,2024,4/29/2024 14:09,4/29/2024 15:39,FHP24ON0214299,L,3,5,20,0,St. Johns,Unincorporated,Rural,4/29/2024 14:19,4/29/2024 14:27,4/29/2024 15:03,4/29/2024 19:32,Y,Law Enforcement,STATE ROAD 16,,29.99567226,-81.60046372,0,,STATE ROAD 13,,State,Unpaved,T-Intersection,Y,Daylight,Clear,Dry,N,Angle,Motor Vehicle in Transport,On Roadway,N,Intersection,None,,,None,,,N,,,,,TPR,Florida Highway Patrol,Florida Highway Patrol (FHP),5/23/2024 19:24,5/23/2024 19:24,24,Y,Left Leaving,Left Turn,Serious Injury,Incapacitating Injury,DAY,N,N,Y,N,N,N,Y,N,N,0,5,1,3,1,0,0,0,1,0,0,0,0,0,3,0,0,2,1,1,0,0,0,0,0,N,0,0,N,0,0,1,0,0,0,3,40000,40000,3,0,0,Preliminary,Editor Mapped,442083.7675,3318455.541,29.99565432,-81.60046205
26111926,2024,9/18/2024 8:50,9/18/2024 9:33,573364,L,1,1,2,38,Duval,Jacksonville,Urban,9/18/2024 8:55,9/18/2024 8:59,9/18/2024 9:05,9/18/2024 10:28,N,Law Enforcement,CATOMA APTS,,30.24970975,-81.72007489,,,CATOMA ST,,Local,Paved,Not at Intersection,N,Daylight,Clear,Dry,N,Front to Front,Pedestrian,On Roadway,N,Non-Junction,None,,,None,,,N,,,,,OFFICER,Jacksonville Sheriff's Office,Sheriff's Office (SO),9/19/2024 19:27,9/19/2024 19:27,1,Y,Pedestrian,Pedestrian,Serious Injury,Incapacitating Injury,DAY,N,N,N,N,N,Y,N,Y,N,0,1,0,0,1,0,0,0,0,0,0,1,0,1,0,0,0,0,0,0,0,0,0,0,0,Y,1,0,N,0,0,0,0,0,0,0,0,0,1,0,0,Preliminary,Editor Mapped,430728.8056,3346671.249,30.24967572,-81.72002542
26332653,2024,5/11/2024 3:15,5/11/2024 4:09,FHP24ON0236108,L,1,1,48,40,Clay,Green Cove Springs,Rural,5/11/2024 3:22,5/11/2024 3:28,5/11/2024 3:57,5/11/2024 5:21,Y,Law Enforcement,US-17 SB,,30.04183111,-81.70876875,1741,North,RIVER LANE,,U.S.,Paved,Not at Intersection,N,Dark - Not Lighted,Clear,Dry,N,Other,Guardrail Face,Median,N,Non-Junction,None,,,None,,,N,,,,,TPR,Florida Highway Patrol,Florida Highway Patrol (FHP),5/21/2024 20:10,5/21/2024 20:10,10,Y,Off Road,Off Road,Serious Injury,Incapacitating Injury,NIGHT,N,N,N,N,N,N,N,Y,N,0,1,0,0,1,0,0,0,0,1,0,0,0,0,1,0,0,0,0,0,0,0,1,1,0,N,0,0,N,0,0,0,0,0,0,1,5000,5000,1,0,0,Preliminary,Editor Mapped,431660.2408,3323760.973,30.04299278,-81.70886483
89080299,2024,5/18/2024 11:57,5/18/2024 12:28,305974,L,2,3,2,38,Duval,Jacksonville,Urban,5/18/2024 11:57,5/18/2024 11:57,5/18/2024 12:02,5/18/2024 13:30,Y,Law Enforcement,KLINE RD,,30.2866963,-81.55379636,0,,E KLINE RD,,Local,Curb,T-Intersection,N,Daylight,Cloudy,Dry,N,,Motor Vehicle in Transport,On Roadway,N,Intersection,None,,,None,,,N,,,,,OFFICER,Jacksonville Sheriff's Office,Sheriff's Office (SO),5/20/2024 19:52,5/20/2024 19:52,2,Y,Right Angle,Angle,Serious Injury,Incapacitating Injury,DAY,N,N,N,N,N,N,Y,N,N,0,3,0,2,1,0,0,0,0,0,0,0,0,0,2,0,0,1,0,0,0,0,0,0,0,N,0,0,N,0,0,1,0,0,0,2,30000,30000,1,0,0,Preliminary,Editor Mapped,446737.4339,3350678.316,30.28664367,-81.5538374
26343190,2024,5/10/2024 9:40,5/10/2024 10:35,FHP24ON0234274,L,3,4,2,38,Duval,Jacksonville,Urban,5/10/2024 9:40,5/10/2024 9:49,5/10/2024 10:00,5/10/2024 11:28,Y,Law Enforcement,INTERSTATE 295 NB,,30.29758,-81.77088,2639,South,NORMANDY BLVD,,Interstate,Paved,Not at Intersection,N,Daylight,Rain,Wet,N,Front to Rear,Motor Vehicle in Transport,On Roadway,N,Non-Junction,None,,,None,,,N,,,,,TPR,Florida Highway Patrol,Florida Highway Patrol (FHP),5/21/2024 20:11,5/21/2024 20:11,11,Y,Rear End,Rear End,Serious Injury,Incapacitating Injury,DAY,N,N,N,N,N,N,N,N,N,0,4,2,1,1,0,0,0,0,0,0,0,0,0,3,0,0,1,0,0,0,0,0,0,0,N,0,0,N,0,0,1,0,0,0,3,27000,27000,1,0,0,Preliminary,Editor Mapped,425808.3737,3350791.568,30.28656402,-81.77145676
26344811,2024,5/7/2024 19:58,5/7/2024 20:15,FHP24ON0229833,L,1,3,2,38,Duval,Jacksonville,Urban,5/7/2024 20:01,5/7/2024 20:01,5/7/2024 20:01,5/7/2024 22:00,Y,Law Enforcement,INTERSTATE 295,,30.28443,-81.77163,2476,South,HERLONG RD,,Interstate,Paved,Not at Intersection,N,Dusk,Cloudy,Dry,N,Other,Cargo/Equipment Loss or Shift,On Roadway,N,Non-Junction,None,,,None,,,N,,,,,TPR,Florida Highway Patrol,Florida Highway Patrol (FHP),5/21/2024 20:11,5/21/2024 20:11,14,Y,Single Vehicle,Other,Serious Injury,Incapacitating Injury,NIGHT,N,N,N,N,N,N,N,Y,N,0,3,0,2,1,0,0,0,0,0,0,0,0,0,1,0,0,2,1,1,1,0,0,0,0,N,0,0,N,0,0,1,0,1,4500,1,15000,19500,3,0,0,Preliminary,Editor Mapped,425766.4352,3350574.801,30.28460547,-81.77187749
26110178,2024,5/19/2024 18:20,5/19/2024 18:40,308459,L,2,3,2,38,Duval,Jacksonville,Urban,5/19/2024 18:20,5/19/2024 18:20,5/19/2024 18:25,5/19/2024 18:41,Y,Law Enforcement,BEACH BLVD,,30.28694547,-81.51642845,133,West,BEACHWOOD CT,,U.S.,Curb,Four-Way Intersection,N,Daylight,Rain,Wet,N,Front to Rear,Motor Vehicle in Transport,On Roadway,N,Intersection-Related,None,,,None,,,N,,,,,OFFICER,Jacksonville Sheriff's Office,Sheriff's Office (SO),5/20/2024 19:52,5/20/2024 19:52,1,Y,Rear End,Rear End,Serious Injury,Incapacitating Injury,DAY,N,N,N,N,N,N,Y,N,N,1,2,0,0,2,0,0,0,0,0,0,0,0,0,2,0,0,1,0,0,0,0,0,0,0,N,0,0,N,0,0,2,0,0,0,2,11000,11000,2,0,0,Preliminary,Editor Mapped,450310.6839,3350697.37,30.28696753,-81.51668407
26321746,2024,4/27/2024 13:46,5/20/2024 17:29,FHP24ON0210917,L,2,2,41,0,Nassau,Unincorporated,Urban,4/27/2024 13:56,4/27/2024 13:57,4/27/2024 13:57,4/27/2024 16:35,Y,Law Enforcement,US-301,,30.55601,-81.839,794,South,PONY LN,,U.S.,Paved,Not at Intersection,Y,Daylight,Clear,Dry,N,Angle,Motor Vehicle in Transport,On Roadway,N,Non-Junction,None,,,None,,,N,,,,,TPR,Florida Highway Patrol,Florida Highway Patrol (FHP),4/29/2024 19:32,5/23/2024 1:15,2,Y,Unknown,Unknown,Fatality,Fatal (within 30 days),DAY,N,N,N,N,N,N,N,Y,N,0,1,0,1,0,1,1,0,0,0,0,0,0,0,2,1,1,0,1,0,0,1,0,0,0,N,0,0,N,0,0,0,0,0,0,2,9500,9500,2,0,0,Preliminary,Editor Mapped,419378.5809,3380513.158,30.55433263,-81.84060481
26043937,2024,1/13/2024 22:00,1/13/2024 23:13,SJSO24OFF000453,L,2,2,20,0,St. Johns,Unincorporated,Rural,1/13/2024 22:06,1/13/2024 22:09,1/13/2024 22:14,1/14/2024 3:33,Y,Law Enforcement,GREENBRIAR RD,,30.05485,-81.61138,91,West,LONGLEAF PINE PKWY,,Local,Paved,Not at Intersection,N,Dark - Not Lighted,Clear,Dry,N,Front to Front,Motor Vehicle in Transport,On Roadway,N,Non-Junction,None,,,None,,,N,,,,,LE DEPUTY,St. Johns County Sheriff's Office,Sheriff's Office (SO),1/15/2024 19:44,1/15/2024 19:44,2,Y,Head On,Head On,Fatality,Fatal (within 30 days),NIGHT,N,N,N,N,N,N,N,Y,N,0,1,0,1,0,1,1,0,0,0,0,0,0,0,2,0,1,0,0,0,0,0,0,0,0,N,0,0,N,0,0,0,0,0,0,2,24500,24500,0,0,0,Preliminary,Editor Mapped,441029.7984,3325031.357,30.05494459,-81.61175308
25337669,2024,5/19/2024 14:45,5/19/2024 15:26,308127,L,2,3,2,38,Duval,Jacksonville,Urban,5/19/2024 14:47,5/19/2024 14:52,5/19/2024 15:10,5/19/2024 16:00,Y,Law Enforcement,LANE AVE S,,30.30611659,-81.75189517,0,,SR 228 (NORMANDY BLVD),,State,Curb,Four-Way Intersection,N,Daylight,Clear,Dry,N,Angle,Motor Vehicle in Transport,On Roadway,N,Intersection,None,,,Other,,,N,,,,,OFFICER,Jacksonville Sheriff's Office,Sheriff's Office (SO),5/23/2024 1:16,5/23/2024 1:16,4,Y,Right Angle,Angle,Serious Injury,Incapacitating Injury,DAY,N,N,N,Y,N,N,Y,N,N,0,3,2,0,1,0,0,0,0,0,0,0,0,0,2,0,0,1,0,0,0,0,0,0,0,N,0,0,N,0,0,0,0,0,0,2,8000,8000,2,0,0,Preliminary,Editor Mapped,427703.6868,3352944.39,30.30610449,-81.75189862
26190479,2024,5/15/2024 19:00,5/16/2024 0:00,2024-00051459,L,1,1,41,0,Nassau,Unincorporated,Rural,5/15/2024 19:00,5/15/2024 19:03,5/15/2024 19:03,5/15/2024 19:50,Y,Law Enforcement,HERON ISLES PARKWAY,,,,376,East,QUARTZ LN,,Local,Curb,Not at Intersection,,Daylight,Clear,Dry,N,Other,Curb,On Roadway,N,Non-Junction,None,,,None,,,N,,,,,Dep.,Nassau County Sheriff's Office,Sheriff's Office (SO),5/23/2024 19:24,5/23/2024 19:24,8,Y,Off Road,Off Road,Serious Injury,Incapacitating Injury,NIGHT,Y,N,N,N,N,N,N,Y,N,0,1,0,0,1,0,0,0,0,1,0,0,0,0,1,0,0,0,0,0,0,0,1,1,0,N,0,0,N,0,0,0,0,0,0,1,5000,5000,1,0,0,Preliminary,Editor Mapped,448267.2915,3390102.841,30.64245996,-81.53988863
26213485,2024,5/20/2024 21:15,5/20/2024 0:00,2024010759,L,1,2,48,0,Clay,Unincorporated,Rural,5/20/2024 21:16,5/20/2024 21:17,5/20/2024 21:26,5/20/2024 22:24,Y,Law Enforcement,HENLEY RD,2499,30.071246,-81.809788,44,South,CALEB CT,,County,Curb,Not at Intersection,N,Dark - Not Lighted,Clear,Dry,N,,Other Traffic Barrier,Roadside,N,Non-Junction,Work Zone,None,,None,,,Y,Transition Area,Lane Shift/Crossover,N,N,DEPUTY,Clay County Sheriff's Office,Sheriff's Office (SO),5/23/2024 19:24,5/23/2024 19:24,3,Y,Off Road,Off Road,Serious Injury,Incapacitating Injury,NIGHT,Y,N,N,Y,N,N,N,Y,Y,0,2,0,1,1,0,0,0,0,0,0,0,0,0,1,0,0,1,0,0,0,0,0,0,0,N,0,0,N,0,0,0,0,0,0,1,15000,15000,1,0,0,Preliminary,Editor Mapped,421953.8828,3326944.237,30.07113629,-81.80977139
26226516,2024,5/19/2024 18:29,5/19/2024 0:00,80240459,L,1,2,2,44,Duval,Neptune Beach,Urban,5/19/2024 18:30,5/19/2024 18:30,5/19/2024 18:33,5/19/2024 19:27,Y,Law Enforcement,FLORIDA BLVD,,30.321226,-81.418222,172,South,BAY RD,,County,Unpaved,Not at Intersection,N,Dusk,Cloudy,Dry,N,,Pedestrian,Roadside,N,Non-Junction,None,,,None,,,N,,,,,PATROLMAN,Neptune Beach Police Department,Police Department (PD),5/23/2024 1:16,5/23/2024 1:16,4,Y,Pedestrian,Pedestrian,Serious Injury,Incapacitating Injury,DAY,Y,Y,N,N,Y,N,N,N,N,1,1,0,0,1,0,0,0,0,0,0,1,0,1,1,0,0,0,0,0,0,0,0,0,0,Y,1,0,N,0,0,3,0,0,0,1,3000,3000,1,0,0,Preliminary,Editor Mapped,459794.0791,3354454.125,30.32122038,-81.41821929