REPORT_NUMBER,CRASH_YEAR,CRASH_DATE_AND_TIME,REPORT_DATE_AND_TIME,INVESTIGATING_AGENCY_REPORT_NUMBER,FORM_TYPE,TOTAL_NUMBER_OF_VEHICLES,TOTAL_NUMBER_OF_PERSONS,COUNTY_CODE,CITY_CODE,COUNTY_NAME,CITY_NAME,RURAL_OR_URBAN,NOTIFIED_TIME,DISPATCHED_TIME,ARRIVED_TIME,CLEARED_TIME,COMPLETED_FLAG,NOTIFIED_BY,ON_STREET_ROAD_HIGHWAY,STREET_ADDRESS_NUMBER,LATITUDE,LONGITUDE,FEET_FROM_INTERSECTION,DIRECTION_FROM_INTERSECTION,FROM_INTERSECTION_OF,MILEPOST_NUMBER,ROAD_SYSTEM_IDENTIFER,TYPE_OF_SHOULDER,TYPE_OF_INTERSECTION,PHOTOS_TAKEN,LIGHT_CONDITION,WEATHER_CONDITION,ROAD_SURFACE_CONDITION,SCHOOL_BUS_RELATED_CODE,TYPE_OF_IMPACT,FIRST_HARMFUL_EVENT,LOCATION,INTERCHANGE_FLAG,JUNCTION_FLAG,ROAD_CIRCUMSTANCES_1,ROAD_CIRCUMSTANCES_2,ROAD_CIRCUMSTANCES_3,ENVIRONMENT_CIRCUMSTANCES_1,ENVIRONMENT_CIRCUMSTANCES_2,ENVIRONMENT_CIRCUMSTANCES_3,WORK_ZONE_RELATED_FLAG,CRASH_IN_WORK_ZONE,TYPE_OF_WORK_ZONE,WORKERS_PRESENT,LAW_ENFORCEMENT_PRESENT,INVESTIGATOR_RANK,INVESTIGATING_AGENCY_NAME,INVESTIGATING_AGENCY_TYPE,LOAD_DATE,UPDATE_DATE,DAYS_TO_LOAD,CODEABLE,S4_CRASH_TYPE,S4_CRASH_TYPE_SIMPLIFIED,S4_CRASH_SEVERITY,S4_CRASH_SEVERITY_DETAIL,S4_DAY_OR_NIGHT,S4_IS_AGGRESSIVE_DRIVING,S4_IS_ALCOHOL_RELATED,S4_IS_CMV_INVOLVED,S4_IS_DISTRACTED,S4_IS_DRUG_RELATED,S4_IS_HIT_AND_RUN,S4_IS_INTERSECTION_RELATED,S4_IS_LANE_DEPARTURE_RELATED,S4_IS_SPEEDING_RELATED,S4_NONE_INJURY_COUNT,S4_INJURY_COUNT,S4_POSSIBLE_INJURY_COUNT,S4_NON_INCAPACITATING_INJURY_COUNT,S4_INCAPACITATING_INJURY_COUNT,S4_FATALITY_COUNT,S4_FATALITY_WITHIN_30_DAYS_COUNT,S4_NON_TRAFFIC_FATALITY_COUNT,S4_TRAILER_COUNT,S4_MOTORCYCLE_COUNT,S4_MOPED_COUNT,S4_NON_MOTORIST_COUNT,S4_BICYCLIST_COUNT,S4_PEDESTRIAN_COUNT,S4_DRIVER_COUNT,S4_AGING_DRIVER_COUNT,S4_TEENAGER_DRIVER_COUNT,S4_PASSENGER_COUNT,S4_UNRESTRAINED_COUNT,S4_UNRESTRAINED_INJURY_COUNT,S4_UNRESTRAINED_INCAPACITATING_INJURY_COUNT,S4_UNRESTRAINED_FATALITY_COUNT,S4_MOTORCYCLIST_COUNT,S4_MOTORCYCLIST_INCAPACITATING_INJURY_COUNT,S4_MOTORCYCLIST_FATALITY_COUNT,S4_IS_PEDESTRIAN_INVOLVED,S4_PEDESTRIAN_INCAPACITATING_INJURY_COUNT,S4_PEDESTRIAN_FATALITY_COUNT,S4_IS_BICYCLIST_INVOLVED,S4_BICYCLIST_INCAPACITATING_INJURY_COUNT,S4_BICYCLIST_FATALITY_COUNT,S4_CITATION_COUNT,S4_CITATION_AMOUNT,S4_PROPERTY_DAMAGE_COUNT,S4_PROPERTY_DAMAGE_AMOUNT,S4_VEHICLE_DAMAGE_COUNT,S4_VEHICLE_DAMAGE_AMOUNT,S4_TOTAL_DAMAGE_AMOUNT,S4_TRANSPORT_BY_EMS_COUNT,S4_TRANSPORT_BY_LAW_ENFORCEMENT_COUNT,S4_TRANSPORT_BY_OTHER_COUNT,S4_GEOLOCATION_STATUS,S4_PRELIMINARY_GEOLOCATION_STATUS,S4_X,S4_Y,S4_LATITUDE,S4_LONGITUDE
26827032,2024,6/17/2024 15:30,6/17/2024 15:46,372224,L,1,1,2,38,Duval,Jacksonville,Urban,6/17/2024 15:30,6/17/2024 15:30,6/17/2024 15:40,6/17/2024 16:29,Y,Law Enforcement,MERRILL RD,6132,30.35164251,-81.59475572,79,West,,,Parking Lot,Curb,Not at Intersection,N,Daylight,Clear,Dry,N,Other,Curb,On Roadway,N,Non-Junction,None,,,None,,,N,,,,,CSO,Jacksonville Sheriff's Office,Sheriff's Office (SO),6/21/2024 19:29,6/21/2024 19:29,4,Y,Off Road,Off Road,Serious Injury,Incapacitating Injury,DAY,N,N,N,N,N,N,N,Y,N,0,1,0,0,1,0,0,0,0,0,0,0,0,0,1,0,0,0,0,0,0,0,0,0,0,N,0,0,N,0,0,0,0,1,2000,1,10000,12000,1,0,0,Preliminary,Editor Mapped,442814.621,3357905.525,30.35168079,-81.59501998
26827083,2024,6/19/2024 12:40,6/19/2024 13:05,376165,L,1,1,2,38,Duval,Jacksonville,Urban,6/19/2024 12:43,6/19/2024 12:47,6/19/2024 13:00,6/19/2024 13:55,Y,Law Enforcement,KERNAN BLVD N,,30.34424059,-81.48970372,63,North,ASHLEY MELISSE BLVD,,Local,Curb,T-Intersection,N,Daylight,Clear,Dry,N,Front to Rear,Motor Vehicle in Transport,On Roadway,N,Intersection,None,,,None,,,N,,,,,CSO,Jacksonville Sheriff's Office,Sheriff's Office (SO),6/21/2024 19:29,6/21/2024 19:29,2,Y,Single Vehicle,Other,Serious Injury,Incapacitating Injury,DAY,N,N,N,N,N,N,Y,N,N,0,1,0,0,1,0,0,0,0,0,0,0,0,0,1,1,0,0,0,0,0,0,0,0,0,N,0,0,N,0,0,0,0,1,5000,1,10000,15000,1,0,0,Preliminary,Editor Mapped,452932.903,3357033.781,30.34425111,-81.48970258
26380452,2024,8/4/2024 23:51,8/5/2024 0:38,FHP24ON0389370,L,2,6,2,38,Duval,Jacksonville,Urban,8/4/2024 23:56,8/4/2024 23:58,8/5/2024 0:04,8/5/2024 1:20,Y,Law Enforcement,PHILIPS HIGHWAY,,30.18341051,-81.55670552,0,,INTERSTATE 95,,U.S.,Paved,Four-Way Intersection,N,Dark - Lighted,Rain,Wet,N,Front to Front,Motor Vehicle in Transport,On Roadway,N,Intersection,None,,,None,,,N,,,,,TPR,Florida Highway Patrol,Florida Highway Patrol (FHP),8/19/2024 19:37,8/19/2024 19:37,15,Y,Left Entering,Left Turn,Serious Injury,Incapacitating Injury,NIGHT,N,N,N,N,N,N,Y,N,N,0,6,4,0,2,0,0,0,0,0,0,0,0,0,2,0,2,4,0,0,0,0,0,0,0,N,0,0,N,0,0,4,0,1,500,2,34000,34500,2,0,0,Preliminary,Editor Mapped,446407.9921,3339241.064,30.18342098,-81.55668105
82399142,2024,8/18/2024 22:45,8/19/2024 0:13,SJSO24OFF008549,L,1,1,20,0,St. Johns,Unincorporated,Rural,8/18/2024 22:49,8/18/2024 22:51,8/18/2024 22:53,8/19/2024 1:30,Y,Law Enforcement,A1A SOUTH,1730,29.86541001,-81.28254498,182,South,GRANDVIEW RD,,State,Curb,Not at Intersection,N,Dark - Not Lighted,Clear,Dry,N,Other,Utility Pole/Light Support,Roadside,N,Non-Junction,None,,,None,,,N,,,,,CORR SUPER,St. Johns County Sheriff's Office,Sheriff's Office (SO),8/20/2024 19:59,8/20/2024 19:59,2,Y,Off Road,Off Road,Serious Injury,Incapacitating Injury,NIGHT,N,Y,N,N,N,N,N,Y,N,0,1,0,0,1,0,0,0,0,0,0,0,0,0,1,0,0,0,0,0,0,0,0,0,0,N,0,0,N,0,0,0,0,1,500,1,10000,10500,1,0,0,Preliminary,Editor Mapped,472711.2448,3303896.087,29.8653264,-81.28255709
26096383,2024,6/20/2024 18:45,6/20/2024 18:52,378969,L,1,2,2,38,Duval,Jacksonville,Urban,6/20/2024 18:46,6/20/2024 18:46,6/20/2024 18:48,6/20/2024 18:48,Y,Law Enforcement,BERRY AVE,,30.31587713,-81.56746667,525,West,CENTURY ST,,Local,Unpaved,Not at Intersection,N,Daylight,Clear,Dry,N,Angle,Pedalcycle,On Roadway,N,Non-Junction,None,,,None,,,N,,,,,OFFICER,Jacksonville Sheriff's Office,Sheriff's Office (SO),6/24/2024 19:15,6/24/2024 19:15,4,Y,Bicycle,Bicycle,Serious Injury,Incapacitating Injury,DAY,N,N,N,N,N,N,N,N,N,1,1,0,0,1,0,0,0,0,0,0,1,1,0,1,0,0,0,0,0,0,0,0,0,0,N,0,0,Y,1,0,0,0,0,0,1,500,500,1,0,0,Preliminary,Editor Mapped,445443.182,3353923.68,30.3158714,-81.56746344
26120479,2024,6/1/2024 7:05,6/1/2024 7:41,336584,L,1,1,2,38,Duval,Jacksonville,Urban,6/1/2024 7:10,6/1/2024 7:13,6/1/2024 7:21,6/1/2024 9:00,Y,Law Enforcement,ATLANTIC BLVD,,30.31103229,-81.60831636,685,East,BROOKSIDE CIR E,,State,Curb,Not at Intersection,N,Daylight,Clear,Dry,N,Other,Curb,Off Roadway,N,Non-Junction,None,,,None,,,N,,,,,OFFICER,Jacksonville Sheriff's Office,Sheriff's Office (SO),6/4/2024 19:51,6/4/2024 19:51,3,Y,Off Road,Off Road,Serious Injury,Incapacitating Injury,DAY,N,N,N,N,N,N,N,Y,N,0,1,0,0,1,0,0,0,0,1,0,0,0,0,1,0,0,0,0,0,0,0,1,1,0,N,0,0,N,0,0,0,0,1,800,1,10000,10800,1,0,0,Preliminary,Editor Mapped,441522.5358,3353404.248,30.31100099,-81.60821256
26326154,2024,6/10/2024 15:11,6/10/2024 15:24,FHP24ON0291391,L,1,1,20,0,St. Johns,Unincorporated,Rural,6/10/2024 15:21,6/10/2024 15:24,6/10/2024 15:47,6/10/2024 17:20,Y,Law Enforcement,INTERSTATE 95 (SR-9) SB,,29.94848183,-81.43754736,12280,North,MM 320,,Interstate,Paved,Not at Intersection,N,Daylight,Clear,Dry,N,Other,Guardrail Face,Off Roadway,N,Non-Junction,None,,,None,,,N,,,,,TPR,Florida Highway Patrol,Florida Highway Patrol (FHP),6/25/2024 19:44,6/25/2024 19:44,15,Y,Off Road,Off Road,Serious Injury,Incapacitating Injury,DAY,N,N,N,N,N,N,N,Y,N,0,1,0,0,1,0,0,0,0,0,0,0,0,0,1,0,0,0,1,1,1,0,0,0,0,N,0,0,N,0,0,2,0,1,10000,1,15000,25000,1,0,0,Preliminary,Editor Mapped,457789.9797,3313157.461,29.94848435,-81.4374189
26101912,2024,6/23/2024 13:47,6/23/2024 14:15,384432,L,2,3,2,38,Duval,Jacksonville,Urban,6/23/2024 13:47,6/23/2024 13:47,6/23/2024 13:47,6/23/2024 14:49,Y,Law Enforcement,NORMANDY BLVD,,30.26508281,-81.85396028,0,,ADAMS LAKE BLVD,,State,Paved,T-Intersection,N,Daylight,Clear,Dry,N,Angle,Motor Vehicle in Transport,On Roadway,N,Intersection,None,,,None,,,N,,,,,OFFICER,Jacksonville Sheriff's Office,Sheriff's Office (SO),6/24/2024 19:15,6/24/2024 19:15,1,Y,Left Leaving,Left Turn,Serious Injury,Incapacitating Injury,DAY,N,N,N,N,N,N,Y,N,N,2,1,0,0,1,0,0,0,0,1,0,0,0,0,2,0,1,1,0,0,0,0,1,1,0,N,0,0,N,0,0,1,0,0,0,2,30000,30000,1,0,0,Preliminary,Editor Mapped,417855.3622,3348465.391,30.26506095,-81.8539644
26120313,2024,6/18/2024 7:17,6/18/2024 7:55,373475,L,2,2,2,38,Duval,Jacksonville,Urban,6/18/2024 7:17,6/18/2024 7:52,6/18/2024 7:57,6/18/2024 8:35,Y,Law Enforcement,BOWDEN RD,,30.26468977,-81.60828639,0,,N I-95/SR-9 RAMP,,Local,Curb,T-Intersection,N,Daylight,Clear,Dry,N,Angle,Motor Vehicle in Transport,On Roadway,Y,Intersection,None,,,None,,,N,,,,,CSO,Jacksonville Sheriff's Office,Sheriff's Office (SO),6/24/2024 19:15,6/24/2024 19:15,6,Y,Left Entering,Left Turn,Serious Injury,Incapacitating Injury,DAY,N,N,N,N,N,N,Y,N,N,1,1,0,0,1,0,0,0,0,0,0,0,0,0,2,0,0,0,0,0,0,0,0,0,0,N,0,0,N,0,0,5,0,0,0,2,14000,14000,1,0,0,Preliminary,Editor Mapped,441486.9146,3348273.305,30.26469916,-81.60829729
26120316,2024,6/24/2024 13:13,6/24/2024 13:36,386316,L,2,2,2,38,Duval,Jacksonville,Urban,6/24/2024 13:13,6/24/2024 13:24,6/24/2024 13:28,6/24/2024 13:53,Y,Law Enforcement,SAN FERNANDO RD,,30.24706424,-81.6258302,0,,SAINT AUGUSTINE RD,,Local,Curb,Four-Way Intersection,N,Daylight,Clear,Dry,N,Angle,Motor Vehicle in Transport,On Roadway,N,Intersection,None,,,None,,,N,,,,,CSO,Jacksonville Sheriff's Office,Sheriff's Office (SO),6/26/2024 22:58,6/26/2024 22:58,2,Y,Left Leaving,Left Turn,Serious Injury,Incapacitating Injury,DAY,N,N,N,N,N,N,Y,N,N,1,1,0,0,1,0,0,0,0,0,0,0,0,0,2,1,0,0,0,0,0,0,0,0,0,N,0,0,N,0,0,1,0,0,0,2,18000,18000,1,0,0,Preliminary,Editor Mapped,439795.1362,3346327.962,30.24706206,-81.62577272
26441197,2024,10/22/2024 22:23,1/20/2025 16:56,FHP24ON0534510,L,3,4,2,38,Duval,Jacksonville,Urban,10/22/2024 22:23,10/22/2024 22:23,10/22/2024 23:06,10/23/2024 5:17,Y,Law Enforcement,INTERSTATE 295 N/B,,30.2192,-81.7616,1558,North,MORSE AVENUE,,Interstate,Paved,Not at Intersection,Y,Dark - Lighted,Cloudy,Dry,N,"Sideswipe, Same Direction",Motor Vehicle in Transport,On Roadway,N,Non-Junction,None,,,None,,,N,,,,,SGT,Florida Highway Patrol,Florida Highway Patrol (FHP),11/14/2024 1:36,1/24/2025 19:58,23,Y,Same Direction Sideswipe,Sideswipe,Fatality,Fatal (within 30 days),NIGHT,Y,Y,N,N,Y,N,N,Y,N,3,0,0,0,0,1,1,0,0,1,0,0,0,0,3,0,0,1,0,0,0,0,1,0,1,N,0,0,N,0,0,0,0,0,0,3,8050,8050,0,0,1,Preliminary,Editor Mapped,426723.6436,3343218.753,30.21828674,-81.76141314
26111874,2024,9/2/2024 18:45,12/5/2024 13:34,539462,L,2,5,2,38,Duval,Jacksonville,Urban,9/2/2024 18:46,9/2/2024 18:47,9/2/2024 18:47,9/2/2024 21:01,Y,Law Enforcement,EDGEWOOD AVE W,,30.37478662,-81.71415513,0,,CLEVELAND ROAD,,Local,Curb,Four-Way Intersection,N,Daylight,Clear,Dry,N,Front to Front,Motor Vehicle in Transport,On Roadway,Y,Intersection,None,,,None,,,N,,,,,DETECTIVE,Jacksonville Sheriff's Office,Sheriff's Office (SO),9/8/2024 19:17,12/6/2024 20:09,6,Y,Left Entering,Left Turn,Fatality,Fatal (within 30 days),DAY,N,N,N,N,N,N,Y,N,N,0,4,1,3,0,1,1,0,0,0,0,0,0,0,2,0,0,3,2,1,0,1,0,0,0,N,0,0,N,0,0,3,0,0,0,2,30000,30000,4,0,0,Verified,n/a,431380.594,3360534.33,30.374806,-81.71415748
26365634,2024,8/13/2024 8:25,8/13/2024 9:42,FHP24ON0404151,L,2,2,48,0,Clay,Unincorporated,Rural,8/13/2024 8:25,8/13/2024 8:27,8/13/2024 8:37,8/13/2024 10:43,Y,Law Enforcement,US-17,,30.02387,-81.70629,0,,CR-315,,U.S.,Paved,T-Intersection,N,Daylight,Clear,Dry,N,Angle,Motor Vehicle in Transport,On Roadway,N,Non-Junction,None,,,None,,,N,,,,,TPR,Florida Highway Patrol,Florida Highway Patrol (FHP),8/25/2024 19:17,8/25/2024 19:17,12,Y,Left Entering,Left Turn,Serious Injury,Incapacitating Injury,DAY,N,N,N,N,N,N,N,N,N,0,2,1,0,1,0,0,0,1,0,0,0,0,0,2,1,0,0,0,0,0,0,0,0,0,N,0,0,N,0,0,1,0,0,0,2,17500,17500,2,0,0,Preliminary,Editor Mapped,431893.3729,3321644.518,30.02390716,-81.70631133
87283471,2024,8/12/2024 7:55,8/12/2024 11:22,FHP24ON0402407,L,4,4,2,38,Duval,Jacksonville,Urban,8/12/2024 8:03,8/12/2024 8:07,8/12/2024 8:07,8/12/2024 9:22,Y,Law Enforcement,INTERSTATE 295,,30.28997,-81.77123,789,South,NORMANDY BLVD,,Interstate,Paved,Not at Intersection,N,Daylight,Clear,Dry,N,Front to Rear,Motor Vehicle in Transport,On Roadway,N,Non-Junction,Other,,,None,,,N,,,,,LT,Florida Highway Patrol,Florida Highway Patrol (FHP),8/24/2024 19:26,8/24/2024 19:26,12,Y,Rear End,Rear End,Serious Injury,Incapacitating Injury,DAY,N,N,Y,Y,N,N,N,N,N,3,1,0,0,1,0,0,0,0,0,0,0,0,0,4,0,0,0,0,0,0,0,0,0,0,N,0,0,N,0,0,1,0,0,0,4,36500,36500,1,0,0,Preliminary,Editor Mapped,425848.8217,3351346.26,30.2915717,-81.77107535
26359171,2024,5/19/2024 6:41,5/19/2024 8:39,FHP24ON0250851,L,2,2,2,38,Duval,Jacksonville,Urban,5/19/2024 6:42,5/19/2024 8:08,5/19/2024 8:22,5/19/2024 10:04,Y,Law Enforcement,NB INTERSTATE 95 (STATE ROAD 9),,30.33256562,-81.67192402,233,West,W CHURCH ST,,Interstate,Paved,Not at Intersection,N,Dark - Lighted,Clear,Dry,N,Front to Rear,Motor Vehicle in Transport,On Roadway,Y,Entrance/Exit Ramp,None,,,None,,,N,,,,,TPR,Florida Highway Patrol,Florida Highway Patrol (FHP),5/24/2024 19:45,5/24/2024 19:45,5,Y,Rear End,Rear End,Serious Injury,Incapacitating Injury,NIGHT,N,N,N,N,N,Y,N,N,N,1,1,0,0,1,0,0,0,0,0,0,0,0,0,2,0,0,0,0,0,0,0,0,0,0,N,0,0,N,0,0,2,0,0,0,2,13500,13500,1,0,0,Preliminary,Editor Mapped,435405.7581,3355826.088,30.33254339,-81.67197761
26111889,2024,2/16/2024 21:44,4/29/2024 7:19,102253,L,2,2,2,38,Duval,Jacksonville,Urban,2/16/2024 21:46,2/16/2024 21:48,2/16/2024 21:51,2/17/2024 0:35,Y,Law Enforcement,ATLANTIC BLVD,9300,30.31783944,-81.55653698,0,,BEACON POINT ROAD,,State,Paved,Four-Way Intersection,Y,Dark - Lighted,Clear,Dry,N,Angle,Motor Vehicle in Transport,On Roadway,N,Intersection,None,,,None,,,N,,,,,DETECTIVE,Jacksonville Sheriff's Office,Sheriff's Office (SO),2/18/2024 19:11,5/1/2024 22:00,2,Y,Left Leaving,Left Turn,Fatality,Fatal (within 30 days),NIGHT,N,N,N,N,N,N,Y,N,N,1,0,0,0,0,1,1,0,0,1,0,0,0,0,2,0,0,0,0,0,0,0,1,0,1,N,0,0,N,0,0,1,0,0,0,2,16000,16000,1,0,0,Preliminary,Editor Mapped,446495.0615,3354135.932,30.31783371,-81.55653376
26421240,2024,9/24/2024 16:12,9/24/2024 16:32,FHP24ON0480844,L,2,2,2,38,Duval,Jacksonville,Urban,9/24/2024 16:12,9/24/2024 16:14,9/24/2024 16:21,9/24/2024 18:24,Y,Law Enforcement,INTERSTATE 295 NB,,30.25676,-81.51737,923,South,GATE PARKWAY,,Interstate,Paved,Not at Intersection,N,Daylight,Clear,Dry,N,Front to Rear,Motor Vehicle in Transport,On Roadway,N,Non-Junction,None,,,None,,,N,,,,,TPR,Florida Highway Patrol,Florida Highway Patrol (FHP),10/8/2024 19:46,10/8/2024 19:46,14,Y,Rear End,Rear End,Serious Injury,Incapacitating Injury,DAY,N,N,N,N,N,N,N,N,N,0,2,1,0,1,0,0,0,0,0,0,0,0,0,2,0,1,0,0,0,0,0,0,0,0,N,0,0,N,0,0,1,0,0,0,2,16000,16000,0,0,0,Preliminary,Editor Mapped,450515.9543,3344150.835,30.22790072,-81.51424183
26249528,2024,11/1/2024 16:35,11/1/2024 17:16,SJSO24OFF011386,L,2,3,20,46,St. Johns,Ponte Vedra,Rural,11/1/2024 16:38,11/1/2024 16:41,11/1/2024 16:46,11/1/2024 17:30,Y,Law Enforcement,MARKETSIDE AVE,120,30.111,-81.41917,,,,,Local,Curb,Not at Intersection,Y,Daylight,Clear,Dry,N,"Sideswipe, Opposite Direction",Pedestrian,In Parking Lane or Zone,N,Non-Junction,None,,,None,,,N,,,,,LE DEPUTY,St. Johns County Sheriff's Office,Sheriff's Office (SO),11/8/2024 19:54,11/8/2024 19:54,7,Y,Pedestrian,Pedestrian,Serious Injury,Incapacitating Injury,DAY,N,N,N,N,Y,N,N,Y,N,2,1,0,0,1,0,0,0,0,0,0,1,0,1,2,1,0,0,0,0,0,0,0,0,0,Y,1,0,N,0,0,1,0,0,0,2,2000,2000,1,1,0,Preliminary,Editor Mapped,459652.6646,3331160.517,30.11101249,-81.41879894
26116773,2024,11/3/2024 0:19,2/5/2025 13:39,672343,L,2,5,2,38,Duval,Jacksonville,Urban,11/3/2024 0:19,11/3/2024 0:19,11/3/2024 0:19,11/3/2024 2:48,Y,Law Enforcement,ATLANTIC BOULEVARD,,30.31337939,-81.57903131,,,ARLINGTON RD S,,Local,Curb,Four-Way Intersection,Y,Dark - Lighted,Clear,Dry,N,Other,Motor Vehicle in Transport,On Roadway,Y,Intersection,None,,,None,,,N,,,,,DETECTIVE,Jacksonville Sheriff's Office,Sheriff's Office (SO),11/4/2024 19:56,2/8/2025 19:24,1,Y,Left Entering,Left Turn,Fatality,Fatal (within 30 days),NIGHT,Y,N,N,N,N,N,Y,N,Y,0,4,4,0,0,1,1,0,0,1,0,0,0,0,2,0,0,3,0,0,0,0,1,0,1,N,0,0,N,0,0,1,0,0,0,2,11000,11000,3,0,0,Preliminary,Editor Mapped,444329.9093,3353652.505,30.31337366,-81.57902808
25321742,2024,6/28/2024 23:24,7/9/2024 9:37,396319,L,1,1,2,38,Duval,Jacksonville,Urban,6/28/2024 23:25,6/28/2024 23:25,6/28/2024 23:29,6/29/2024 0:57,Y,Law Enforcement,STOCKTON ST,,30.3080055,-81.68717829,,,RIVERSIDE AVE,,Local,Curb,Not at Intersection,N,Dark - Not Lighted,Clear,Wet,N,Other,Concrete Traffic Barrier,On Roadway,N,Non-Junction,None,,,None,,,N,,,,,OFFICER,Jacksonville Sheriff's Office,Sheriff's Office (SO),6/29/2024 19:18,7/16/2024 19:57,1,Y,Off Road,Off Road,Serious Injury,Incapacitating Injury,NIGHT,Y,N,N,N,N,N,N,Y,Y,0,1,0,0,1,0,0,0,0,0,0,0,0,0,1,0,0,0,0,0,0,0,0,0,0,N,0,0,N,0,0,0,0,0,0,1,30000,30000,1,0,0,Preliminary,Editor Mapped,433928.0064,3353115.611,30.30800546,-81.6871791
26199666,2024,11/15/2024 20:10,5/16/2025 0:00,240003972,L,2,3,2,40,Duval,Jacksonville Beach,Urban,11/15/2024 20:10,11/15/2024 20:10,11/15/2024 20:13,11/15/2024 23:00,N,Law Enforcement,3RD ST S,,30.256373,-81.388352,197,South,BUTLER BLVD,,State,Unpaved,Not at Intersection,N,Dark - Lighted,Clear,Dry,N,Front to Rear,Motor Vehicle in Transport,On Roadway,N,Through Roadway,None,,,None,,,N,,,,,OFC.,Jacksonville Beach Police Department,Police Department (PD),11/20/2024 19:46,5/18/2025 19:13,5,Y,Rear End,Rear End,Serious Injury,Incapacitating Injury,NIGHT,N,N,N,N,N,N,N,N,N,2,1,0,0,1,0,0,0,0,0,0,0,0,0,2,0,0,1,0,0,0,0,0,0,0,N,0,0,N,0,0,0,0,0,0,2,17000,17000,1,0,0,Preliminary,Editor Mapped,462644.0765,3347280.044,30.25657285,-81.38831932
26279937,2024,1/31/2024 5:00,4/19/2024 10:49,FHP24ON0051222,L,3,2,2,38,Duval,Jacksonville,Urban,1/31/2024 6:44,1/31/2024 6:46,1/31/2024 6:46,1/31/2024 6:58,Y,Law Enforcement,INTERSTATE 295 NB,,30.39028511,-81.55932044,6181,South,STATE ROAD 105,,Interstate,Paved,Not at Intersection,N,Dark - Lighted,Clear,Dry,N,Other,Motor Vehicle in Transport,On Roadway,N,Non-Junction,None,,,None,,,N,,,,,TPR,Florida Highway Patrol,Florida Highway Patrol (FHP),2/9/2024 19:33,4/30/2024 20:02,9,Y,Other,Other,Fatality,Fatal (within 30 days),NIGHT,N,N,N,N,N,Y,N,Y,N,1,0,0,0,0,1,1,0,0,0,0,0,0,0,2,0,0,0,0,0,0,0,0,0,0,N,0,0,N,0,0,0,0,0,0,2,31000,31000,1,0,0,Preliminary,Editor Mapped,446257.3788,3362170.884,30.39032809,-81.55941828
26282505,2024,1/31/2024 4:39,4/18/2024 16:37,FHP24ON0051144,L,2,3,2,38,Duval,Jacksonville,Urban,1/31/2024 4:44,1/31/2024 4:44,1/31/2024 5:00,1/31/2024 9:03,Y,Law Enforcement,INTERSTATE 295,,30.39364572,-81.56083235,4909,South,STATE ROAD 105,,Interstate,Paved,Not at Intersection,Y,Dark - Not Lighted,Clear,Dry,N,Other,Motor Vehicle in Transport,On Roadway,N,Non-Junction,Obstruction in Roadway,,,Physical Obstruction(s),,,N,,,,,TPR,Florida Highway Patrol,Florida Highway Patrol (FHP),2/3/2024 19:18,4/30/2024 20:02,3,Y,Other,Other,Fatality,Fatal (within 30 days),NIGHT,N,N,N,N,N,N,N,Y,N,2,0,0,0,0,1,1,0,0,0,0,0,0,0,2,1,0,1,0,0,0,0,0,0,0,N,0,0,N,0,0,0,0,0,0,2,12000,12000,1,0,0,Preliminary,Editor Mapped,446123.2293,3362534.661,30.39360471,-81.56083337
26249818,2024,5/15/2024 16:20,5/15/2024 17:03,SJSO24CAD106472,L,2,4,20,50,St. Johns,St. Augustine,Rural,5/15/2024 16:21,5/15/2024 16:22,5/15/2024 16:26,5/15/2024 17:51,Y,Law Enforcement,CR 210 W,,30.06176,-81.50722,55,West,ST JOHNS FOREST BLVD,,County,Curb,T-Intersection,N,Daylight,Clear,Dry,N,Other,Other Non-Collision,On Roadway,N,Intersection,None,,,None,,,N,,,,,LE DEPUTY,St. Johns County Sheriff's Office,Sheriff's Office (SO),5/17/2024 19:33,5/17/2024 19:33,2,Y,Left Leaving,Left Turn,Serious Injury,Incapacitating Injury,DAY,N,N,Y,Y,N,N,Y,N,N,3,1,0,0,1,0,0,0,0,0,0,0,0,0,2,0,0,2,0,0,0,0,0,0,0,N,0,0,N,0,0,1,0,0,0,1,2000,2000,1,0,0,Preliminary,Editor Mapped,451085.7215,3325726.059,30.0616576,-81.50746933
26214599,2024,8/30/2024 7:08,8/30/2024 0:00,2024018525,L,1,2,48,0,Clay,Unincorporated,Rural,8/30/2024 7:08,8/30/2024 7:10,8/30/2024 7:18,8/30/2024 8:44,Y,Law Enforcement,SILVER SANDS RD,7669,29.780854,-81.975682,1142,South,COUNTY ROAD 214,,Local,Unpaved,Not at Intersection,Y,Daylight,Clear,Dry,N,,Other Non-Fixed Object,On Roadway,N,Non-Junction,None,,,None,,,N,,,,,DEPUTY,Clay County Sheriff's Office,Sheriff's Office (SO),9/1/2024 19:15,9/1/2024 19:15,2,Y,Single Vehicle,Other,Serious Injury,Incapacitating Injury,DAY,N,N,N,N,N,Y,N,Y,N,1,1,0,0,1,0,0,0,0,0,0,1,1,0,1,0,0,0,0,0,0,0,0,0,0,N,0,0,Y,1,0,1,0,0,0,1,2000,2000,1,0,0,Preliminary,Editor Mapped,405687.4193,3294900.765,29.78084752,-81.97570175