REPORT_NUMBER,CRASH_YEAR,CRASH_DATE_AND_TIME,REPORT_DATE_AND_TIME,INVESTIGATING_AGENCY_REPORT_NUMBER,FORM_TYPE,TOTAL_NUMBER_OF_VEHICLES,TOTAL_NUMBER_OF_PERSONS,COUNTY_CODE,CITY_CODE,COUNTY_NAME,CITY_NAME,RURAL_OR_URBAN,NOTIFIED_TIME,DISPATCHED_TIME,ARRIVED_TIME,CLEARED_TIME,COMPLETED_FLAG,NOTIFIED_BY,ON_STREET_ROAD_HIGHWAY,STREET_ADDRESS_NUMBER,LATITUDE,LONGITUDE,FEET_FROM_INTERSECTION,DIRECTION_FROM_INTERSECTION,FROM_INTERSECTION_OF,MILEPOST_NUMBER,ROAD_SYSTEM_IDENTIFER,TYPE_OF_SHOULDER,TYPE_OF_INTERSECTION,PHOTOS_TAKEN,LIGHT_CONDITION,WEATHER_CONDITION,ROAD_SURFACE_CONDITION,SCHOOL_BUS_RELATED_CODE,TYPE_OF_IMPACT,FIRST_HARMFUL_EVENT,LOCATION,INTERCHANGE_FLAG,JUNCTION_FLAG,ROAD_CIRCUMSTANCES_1,ROAD_CIRCUMSTANCES_2,ROAD_CIRCUMSTANCES_3,ENVIRONMENT_CIRCUMSTANCES_1,ENVIRONMENT_CIRCUMSTANCES_2,ENVIRONMENT_CIRCUMSTANCES_3,WORK_ZONE_RELATED_FLAG,CRASH_IN_WORK_ZONE,TYPE_OF_WORK_ZONE,WORKERS_PRESENT,LAW_ENFORCEMENT_PRESENT,INVESTIGATOR_RANK,INVESTIGATING_AGENCY_NAME,INVESTIGATING_AGENCY_TYPE,LOAD_DATE,UPDATE_DATE,DAYS_TO_LOAD,CODEABLE,S4_CRASH_TYPE,S4_CRASH_TYPE_SIMPLIFIED,S4_CRASH_SEVERITY,S4_CRASH_SEVERITY_DETAIL,S4_DAY_OR_NIGHT,S4_IS_AGGRESSIVE_DRIVING,S4_IS_ALCOHOL_RELATED,S4_IS_CMV_INVOLVED,S4_IS_DISTRACTED,S4_IS_DRUG_RELATED,S4_IS_HIT_AND_RUN,S4_IS_INTERSECTION_RELATED,S4_IS_LANE_DEPARTURE_RELATED,S4_IS_SPEEDING_RELATED,S4_NONE_INJURY_COUNT,S4_INJURY_COUNT,S4_POSSIBLE_INJURY_COUNT,S4_NON_INCAPACITATING_INJURY_COUNT,S4_INCAPACITATING_INJURY_COUNT,S4_FATALITY_COUNT,S4_FATALITY_WITHIN_30_DAYS_COUNT,S4_NON_TRAFFIC_FATALITY_COUNT,S4_TRAILER_COUNT,S4_MOTORCYCLE_COUNT,S4_MOPED_COUNT,S4_NON_MOTORIST_COUNT,S4_BICYCLIST_COUNT,S4_PEDESTRIAN_COUNT,S4_DRIVER_COUNT,S4_AGING_DRIVER_COUNT,S4_TEENAGER_DRIVER_COUNT,S4_PASSENGER_COUNT,S4_UNRESTRAINED_COUNT,S4_UNRESTRAINED_INJURY_COUNT,S4_UNRESTRAINED_INCAPACITATING_INJURY_COUNT,S4_UNRESTRAINED_FATALITY_COUNT,S4_MOTORCYCLIST_COUNT,S4_MOTORCYCLIST_INCAPACITATING_INJURY_COUNT,S4_MOTORCYCLIST_FATALITY_COUNT,S4_IS_PEDESTRIAN_INVOLVED,S4_PEDESTRIAN_INCAPACITATING_INJURY_COUNT,S4_PEDESTRIAN_FATALITY_COUNT,S4_IS_BICYCLIST_INVOLVED,S4_BICYCLIST_INCAPACITATING_INJURY_COUNT,S4_BICYCLIST_FATALITY_COUNT,S4_CITATION_COUNT,S4_CITATION_AMOUNT,S4_PROPERTY_DAMAGE_COUNT,S4_PROPERTY_DAMAGE_AMOUNT,S4_VEHICLE_DAMAGE_COUNT,S4_VEHICLE_DAMAGE_AMOUNT,S4_TOTAL_DAMAGE_AMOUNT,S4_TRANSPORT_BY_EMS_COUNT,S4_TRANSPORT_BY_LAW_ENFORCEMENT_COUNT,S4_TRANSPORT_BY_OTHER_COUNT,S4_GEOLOCATION_STATUS,S4_PRELIMINARY_GEOLOCATION_STATUS,S4_X,S4_Y,S4_LATITUDE,S4_LONGITUDE
26118994,2024,5/25/2024 18:20,6/1/2024 22:48,322193,L,1,2,2,38,Duval,Jacksonville,Urban,5/25/2024 18:23,5/25/2024 18:25,5/25/2024 18:37,5/25/2024 18:50,Y,Law Enforcement,WATERLEAF BLVD,,30.33747268,-81.48993199,0,,KERNAN BLVD N,,Local,Curb,T-Intersection,N,Daylight,Cloudy,Dry,N,Other,Pedestrian,On Roadway,Y,Intersection,None,,,None,,,N,,,,,OFFICER,Jacksonville Sheriff's Office,Sheriff's Office (SO),5/26/2024 19:15,6/2/2024 19:13,1,Y,Pedestrian,Pedestrian,Serious Injury,Incapacitating Injury,DAY,N,N,N,N,N,N,Y,N,N,1,1,0,0,1,0,0,0,0,0,0,1,1,0,1,0,0,0,0,0,0,0,0,0,0,N,0,0,Y,1,0,0,0,0,0,1,500,500,1,0,0,Preliminary,Editor Mapped,452907.2397,3356275.607,30.33740849,-81.48993551
26831285,2024,8/30/2024 20:05,8/30/2024 20:26,533676,L,1,1,2,38,Duval,Jacksonville,Urban,8/30/2024 20:09,8/30/2024 20:11,8/30/2024 20:16,8/30/2024 20:35,Y,Law Enforcement,KENDALL POINT DR,,30.34440108,-81.54836592,579,West,KENDALL TOWN BLVD,,Local,Paved,Not at Intersection,N,Dark - Lighted,Clear,Dry,N,Angle,Tree (standing),Off Roadway,N,Non-Junction,None,,,None,,,N,,,,,OFFICER,Jacksonville Sheriff's Office,Sheriff's Office (SO),8/31/2024 19:26,8/31/2024 19:26,1,Y,Off Road,Off Road,Serious Injury,Incapacitating Injury,NIGHT,N,N,N,N,N,N,N,Y,N,0,1,0,0,1,0,0,0,0,0,0,0,0,0,1,0,0,0,1,1,1,0,0,0,0,N,0,0,N,0,0,0,0,0,0,1,4550,4550,1,0,0,Preliminary,Editor Mapped,447294.8622,3357075.568,30.34439534,-81.5483627
26831678,2024,8/23/2024 16:21,8/23/2024 16:50,517513,L,2,2,2,38,Duval,Jacksonville,Urban,8/23/2024 16:21,8/23/2024 16:21,8/23/2024 16:44,8/23/2024 17:18,Y,Law Enforcement,JAMMES RD,,30.24966558,-81.74727182,98,South,GARETTE DR S,,Local,Paved,T-Intersection,N,Daylight,Clear,Dry,N,Angle,Motor Vehicle in Transport,On Roadway,N,Intersection,None,,,None,,,N,,,,,CSO,Jacksonville Sheriff's Office,Sheriff's Office (SO),9/1/2024 19:15,9/1/2024 19:15,9,Y,Left Leaving,Left Turn,Serious Injury,Incapacitating Injury,DAY,N,N,N,N,N,N,Y,N,N,1,1,0,0,1,0,0,0,0,0,0,0,0,0,2,1,0,0,0,0,0,0,0,0,0,N,0,0,N,0,0,0,0,0,0,2,2000,2000,1,0,0,Preliminary,Editor Mapped,428107.7542,3346686.4,30.24965986,-81.74726854
26833014,2024,8/31/2024 3:55,8/31/2024 4:33,534355,L,1,1,2,38,Duval,Jacksonville,Urban,8/31/2024 3:55,8/31/2024 3:55,8/31/2024 3:55,8/31/2024 7:00,N,Law Enforcement,IN FRONT OF 8209 ATLANTIC BLVD,,30.31391782,-81.57057496,488,West,CENTURY 21 DR,,Interstate,Paved,Not at Intersection,N,Dark - Lighted,Clear,Dry,N,Front to Rear,Pedestrian,On Roadway,N,Non-Junction,Unknown,,,Unknown,,,N,,,,,OFFICER,Jacksonville Sheriff's Office,Sheriff's Office (SO),9/1/2024 19:15,9/1/2024 19:15,1,Y,Pedestrian,Pedestrian,Serious Injury,Incapacitating Injury,NIGHT,N,N,N,N,N,Y,N,N,N,0,1,0,0,1,0,0,0,0,0,0,1,0,1,0,0,0,0,0,0,0,0,0,0,0,Y,1,0,N,0,0,0,0,0,0,0,0,0,1,0,0,Preliminary,Editor Mapped,445141.7551,3353706.581,30.31389873,-81.5705872
26827009,2024,7/26/2024 5:25,8/22/2024 12:35,454567,L,2,3,2,38,Duval,Jacksonville,Urban,7/26/2024 5:30,7/26/2024 6:00,7/26/2024 6:10,7/26/2024 7:00,N,Law Enforcement,COLLINS ROAD,,30.20367968,-81.8033093,1718,West,SHINDLER DRIVE,,Local,Curb,Not at Intersection,Y,Dark - Lighted,Clear,Dry,N,Other,Pedestrian,On Roadway,N,Non-Junction,None,,,None,,,N,,,,,DETECTIVE,Jacksonville Sheriff's Office,Sheriff's Office (SO),7/27/2024 19:21,8/23/2024 19:41,1,Y,Pedestrian,Pedestrian,Fatality,Fatal (within 30 days),NIGHT,N,N,N,N,N,Y,N,N,N,2,0,0,0,0,1,1,0,0,0,0,1,0,0,1,1,0,1,0,0,0,0,0,0,0,N,0,0,N,0,0,0,0,0,0,1,1500,1500,0,0,0,Verified,n/a,422679.9706,3341620.166,30.20361121,-81.80331031
26369689,2024,6/27/2024 13:15,6/27/2024 13:52,FHP24ON0321962,L,2,3,2,38,Duval,Jacksonville,Urban,6/27/2024 13:15,6/27/2024 13:17,6/27/2024 13:42,6/27/2024 14:55,Y,Law Enforcement,INTERSTATE 10 WB,,30.28913,-81.9828,566,West,US 301,,Interstate,Paved,Not at Intersection,N,Daylight,Clear,Dry,N,Front to Rear,Motor Vehicle in Transport,On Roadway,N,Non-Junction,None,,,None,,,N,,,,,TPR,Florida Highway Patrol,Florida Highway Patrol (FHP),7/7/2024 19:12,7/7/2024 19:12,10,Y,Rear End,Rear End,Serious Injury,Incapacitating Injury,DAY,N,N,N,N,N,N,N,N,N,2,1,0,0,1,0,0,0,0,0,0,0,0,0,2,0,2,1,0,0,0,0,0,0,0,N,0,0,N,0,0,1,0,0,0,2,17900,17900,0,0,0,Preliminary,Editor Mapped,405248.2339,3351209.904,30.28890424,-81.98525857
26826652,2024,10/17/2024 17:53,10/17/2024 19:26,637044,L,2,3,2,38,Duval,Jacksonville,Urban,10/17/2024 17:54,10/17/2024 17:55,10/17/2024 17:59,10/17/2024 18:45,Y,Law Enforcement,MAYPORT RD,,30.35609903,-81.41354029,0,,MAYPORT CROSSING BLVD,,State,Curb,Four-Way Intersection,N,Daylight,Clear,Dry,N,Other,Motor Vehicle in Transport,On Roadway,N,Intersection,None,,,None,,,N,,,,,OFFICER,Jacksonville Sheriff's Office,Sheriff's Office (SO),10/18/2024 19:42,10/18/2024 19:42,1,Y,Other,Other,Serious Injury,Incapacitating Injury,DAY,N,N,N,N,N,N,Y,N,N,1,2,1,0,1,0,0,0,0,0,0,1,1,0,2,1,0,0,0,0,0,0,0,0,0,N,0,0,Y,1,0,0,0,1,200,2,4500,4700,2,0,0,Preliminary,Editor Mapped,460275.6192,3358344.367,30.35634148,-81.41335792
26835064,2024,9/30/2024 6:40,11/14/2024 12:33,599584,L,3,4,2,38,Duval,Jacksonville,Urban,9/30/2024 6:45,9/30/2024 6:46,9/30/2024 7:28,9/30/2024 9:26,Y,Law Enforcement,BLANDING BLVD,,30.26708225,-81.73762909,96,North,CEDAR HILLS BLVD,,Local,Curb,Not at Intersection,Y,Dawn,Cloudy,Dry,N,,Pedestrian,On Roadway,N,Non-Junction,None,,,None,,,N,,,,,DETECTIVE,Jacksonville Sheriff's Office,Sheriff's Office (SO),10/3/2024 19:30,11/15/2024 20:01,3,Y,Pedestrian,Pedestrian,Fatality,Fatal (within 30 days),NIGHT,N,N,N,N,N,Y,N,N,N,3,0,0,0,0,1,1,0,0,0,0,1,0,1,3,1,0,0,0,0,0,0,0,0,0,Y,0,1,N,0,0,1,0,0,0,3,4000,4000,1,0,0,Verified,n/a,429042.9337,3348611.173,30.26708315,-81.73767849
26429682,2024,12/8/2024 19:34,12/8/2024 19:59,FHP24ON0617662,L,1,1,2,38,Duval,Jacksonville,Urban,12/8/2024 19:34,12/8/2024 19:36,12/8/2024 19:43,12/8/2024 21:07,Y,Law Enforcement,INTERSTATE 10 EB,,30.3154,-81.75471,1662,West,INTERSTATE 295,,Interstate,Paved,Not at Intersection,N,Dark - Not Lighted,Clear,Dry,N,Other,Other Non-Fixed Object,On Roadway,N,Non-Junction,None,,,None,,,N,,,,,TPR,Florida Highway Patrol,Florida Highway Patrol (FHP),12/26/2024 19:20,12/26/2024 19:20,18,Y,Single Vehicle,Other,Serious Injury,Incapacitating Injury,NIGHT,N,N,N,N,N,N,N,Y,N,0,1,0,0,1,0,0,0,0,1,0,0,0,0,1,0,0,0,0,0,0,0,1,1,0,N,0,0,N,0,0,0,0,0,0,1,8000,8000,1,0,0,Preliminary,Editor Mapped,426083.2813,3353956.515,30.31513936,-81.76882124
26429684,2024,12/11/2024 9:11,12/11/2024 9:39,FHP24ON0621963,L,1,1,2,38,Duval,Jacksonville,Urban,12/11/2024 9:11,12/11/2024 9:22,12/11/2024 9:36,12/11/2024 10:42,Y,Law Enforcement,INTERSTATE 95 SB ENTRANCE RAMP,,30.25301,-81.5983,272,West,STATE ROAD 202,,Interstate,Paved,Not at Intersection,N,Daylight,Rain,Wet,N,Other,Concrete Traffic Barrier,On Roadway,N,Non-Junction,None,,,None,,,N,,,,,TPR,Florida Highway Patrol,Florida Highway Patrol (FHP),12/26/2024 19:20,12/26/2024 19:20,15,Y,Off Road,Off Road,Serious Injury,Incapacitating Injury,DAY,N,N,N,N,N,N,N,Y,N,0,1,0,0,1,0,0,0,0,0,0,0,0,0,1,0,0,0,0,0,0,0,0,0,0,N,0,0,N,0,0,1,0,0,0,1,7500,7500,0,0,0,Preliminary,Editor Mapped,442794.6077,3346506.314,30.24881667,-81.59460718
26429686,2024,12/11/2024 11:34,12/11/2024 12:15,FHP24ON0622187,L,2,4,2,38,Duval,Jacksonville,Urban,12/11/2024 11:34,12/11/2024 11:36,12/11/2024 11:45,12/11/2024 13:47,Y,Law Enforcement,INTERSTATE 95 NB,,30.53737,-81.63712,5601,North,PECAN PARK RD,,Interstate,Paved,Not at Intersection,N,Daylight,Rain,Wet,N,Angle,Motor Vehicle in Transport,On Roadway,N,Non-Junction,None,,,None,,,N,,,,,TPR,Florida Highway Patrol,Florida Highway Patrol (FHP),12/26/2024 19:20,12/26/2024 19:20,15,Y,Unknown,Unknown,Serious Injury,Incapacitating Injury,DAY,N,N,N,N,N,N,N,Y,N,1,3,1,0,2,0,0,0,0,0,0,0,0,0,2,0,0,2,0,0,0,0,0,0,0,N,0,0,N,0,0,1,0,0,0,2,6900,6900,2,0,0,Preliminary,Editor Mapped,438891.357,3378424.975,30.53664467,-81.63704274
26425340,2024,10/25/2024 2:13,10/25/2024 2:49,FHP24ON0538563,L,1,1,2,38,Duval,Jacksonville,Urban,10/25/2024 2:18,10/25/2024 2:23,10/25/2024 2:36,10/25/2024 3:20,Y,Law Enforcement,STATE ROAD 202,,30.25219,-81.49838,791,East,KERNAN BOULEVARD,,State,Paved,Not at Intersection,N,Dark - Lighted,Clear,Dry,N,Other,Overturn/Rollover,Off Roadway,Y,Entrance/Exit Ramp,None,,,None,,,N,,,,,TPR,Florida Highway Patrol,Florida Highway Patrol (FHP),11/14/2024 1:36,11/14/2024 1:36,20,Y,Rollover,Rollover,Serious Injury,Incapacitating Injury,NIGHT,N,N,N,N,N,N,N,Y,N,0,1,0,0,1,0,0,0,0,0,0,0,0,0,1,0,0,0,1,1,1,0,0,0,0,N,0,0,N,0,0,2,0,1,500,0,0,500,1,0,0,Preliminary,Editor Mapped,451709.8464,3346870.929,30.25249476,-81.50195994
26215583,2024,11/18/2024 17:05,11/18/2024 0:00,2024024636,L,2,2,48,0,Clay,Unincorporated,Rural,11/18/2024 17:13,11/18/2024 17:17,11/18/2024 17:28,11/18/2024 18:30,Y,Law Enforcement,SR-16,,29.982145,-81.842535,952,West,THUNDER RD,,State,Unpaved,Not at Intersection,N,Daylight,Clear,Dry,N,Front to Rear,Motor Vehicle in Transport,On Roadway,N,Non-Junction,None,,,None,,,N,,,,,DEPUTY,Clay County Sheriff's Office,Sheriff's Office (SO),11/21/2024 19:27,11/21/2024 19:27,3,Y,Rear End,Rear End,Serious Injury,Incapacitating Injury,DAY,N,N,Y,N,N,N,N,N,N,1,1,0,0,1,0,0,0,0,0,0,0,0,0,2,1,1,0,0,0,0,0,0,0,0,N,0,0,N,0,0,2,0,0,0,2,20000,20000,1,0,0,Preliminary,Editor Mapped,418723.7327,3317104.909,29.98213948,-81.84253181
26834156,2024,9/23/2024 3:20,11/20/2024 11:03,583777,L,1,2,2,38,Duval,Jacksonville,Urban,9/23/2024 3:25,9/23/2024 3:26,9/23/2024 3:31,9/23/2024 4:13,Y,Law Enforcement,PHILIPS HWY (US1),14700,30.10748197,-81.48202534,1309,West,6500 RACE TRACK RD,,U.S.,Paved,Not at Intersection,N,Dark - Not Lighted,Clear,Dry,N,Front to Rear,Pedalcycle,On Roadway,N,Non-Junction,None,,,None,,,N,,,,,DETECTIVE,Jacksonville Sheriff's Office,Sheriff's Office (SO),9/24/2024 19:54,5/17/2025 19:17,1,Y,Bicycle,Bicycle,Fatality,Fatal (within 30 days),NIGHT,N,N,Y,N,N,N,N,Y,N,1,0,0,0,0,1,1,0,0,0,0,1,1,0,1,0,0,0,0,0,0,0,0,0,0,N,0,0,Y,0,1,2,0,1,300,1,1000,1300,1,0,0,Preliminary,Editor Mapped,453559.9827,3330792.686,30.10747629,-81.48202214
26251734,2024,7/10/2024 8:44,7/10/2024 9:15,SJSO24CAD152000,L,2,2,20,50,St. Johns,St. Augustine,Rural,7/10/2024 8:44,7/10/2024 8:46,7/10/2024 8:50,7/10/2024 9:26,Y,Law Enforcement,600 STATE ROAD /PEDRO MENENDEZ HIGH,,29.75332,-81.32705,4086,East,,,State,Unpaved,Not at Intersection,Y,Daylight,Clear,Dry,N,Front to Rear,Motor Vehicle in Transport,On Roadway,N,Non-Junction,None,,,None,,,N,,,,,PSA,St. Johns County Sheriff's Office,Sheriff's Office (SO),7/13/2024 19:19,7/13/2024 19:19,3,Y,Rear End,Rear End,Serious Injury,Incapacitating Injury,DAY,N,N,N,N,N,N,N,N,N,1,1,0,0,1,0,0,0,1,0,0,0,0,0,2,1,0,0,0,0,0,0,0,0,0,N,0,0,N,0,0,1,0,0,0,2,2000,2000,1,0,0,Preliminary,Editor Mapped,467725.263,3291490.709,29.75325077,-81.33381096
26346382,2024,6/30/2024 7:25,6/30/2024 8:04,FHP24ON0326911,L,2,6,2,38,Duval,Jacksonville,Urban,6/30/2024 7:30,6/30/2024 7:32,6/30/2024 7:49,6/30/2024 9:15,Y,Law Enforcement,I-295 SB,,30.34562079,-81.54789505,800,West,MONUMENT RD,,Interstate,Paved,Not at Intersection,N,Daylight,Clear,Dry,N,Angle,Motor Vehicle in Transport,On Roadway,N,Non-Junction,None,,,None,,,N,,,,,TPR,Florida Highway Patrol,Florida Highway Patrol (FHP),7/12/2024 19:32,7/12/2024 19:32,12,Y,Same Direction Sideswipe,Sideswipe,Serious Injury,Incapacitating Injury,DAY,N,N,N,N,N,N,N,Y,N,0,6,3,1,2,0,0,0,0,0,0,0,0,0,2,0,1,4,0,0,0,0,0,0,0,N,0,0,N,0,0,2,0,0,0,2,15000,15000,2,0,0,Preliminary,Editor Mapped,447340.8386,3357207.296,30.34558603,-81.54789099
26304286,2024,3/25/2024 15:16,6/17/2024 19:24,FHP24ON0150318,L,1,2,48,40,Clay,Green Cove Springs,Urban,3/25/2024 15:16,3/25/2024 15:19,3/25/2024 15:28,3/25/2024 20:03,Y,Law Enforcement,SR-16,,29.98546,-81.6978,0,,FLORIDA CT,,State,Curb,Not at Intersection,Y,Daylight,Clear,Dry,N,"Sideswipe, Same Direction",Pedalcycle,On Roadway,N,Non-Junction,None,,,None,,,N,,,,,TPR,Florida Highway Patrol,Florida Highway Patrol (FHP),4/16/2024 20:03,7/12/2024 19:32,22,Y,Bicycle,Bicycle,Fatality,Fatal (within 30 days),DAY,N,N,N,N,N,N,N,Y,N,1,0,0,0,0,1,1,0,1,0,0,1,1,0,1,0,0,0,0,0,0,0,0,0,0,N,0,0,Y,0,1,0,0,0,0,1,500,500,0,0,1,Preliminary,Editor Mapped,432688.9259,3317384.594,29.98550991,-81.69779238
26661757,2024,12/20/2024 23:24,12/20/2024 0:00,2024001677,L,1,3,48,40,Clay,Green Cove Springs,Urban,12/20/2024 23:25,12/20/2024 23:27,12/20/2024 23:31,12/20/2024 0:02,N,Law Enforcement,SHINNECOCK LN,,30.007295,-81.71639,4,East,WENTWORTH LN,,Local,Unpaved,T-Intersection,Y,Dark - Not Lighted,Clear,Dry,N,,Fell/Jumped From Motor Vehicle,On Roadway,N,Intersection,None,,,None,,,N,,,,,OFFICER,Green Cove Springs Police Department,Police Department (PD),1/13/2025 19:55,1/13/2025 19:55,24,Y,Single Vehicle,Other,Serious Injury,Incapacitating Injury,NIGHT,N,N,N,N,N,N,Y,N,N,2,1,0,0,1,0,0,0,0,0,0,0,0,0,1,0,0,2,0,0,0,0,0,0,0,N,0,0,N,0,0,0,0,0,0,0,0,0,1,0,0,Preliminary,Editor Mapped,430910.3127,3319809.056,30.00728905,-81.71638661
26352635,2024,7/3/2024 5:15,7/3/2024 6:35,FHP24ON0331970,L,2,1,2,38,Duval,Jacksonville,Urban,7/3/2024 5:20,7/3/2024 6:00,7/3/2024 6:17,7/3/2024 7:57,Y,Law Enforcement,I-95,,30.24854,-81.59332,561,East,SR 202 (BUTLER BLVD),,Interstate,Paved,Not at Intersection,N,Dark - Lighted,Clear,Dry,N,"Sideswipe, Same Direction",Parked Motor Vehicle,Roadside,N,Non-Junction,None,,,None,,,N,,,,,TPR,Florida Highway Patrol,Florida Highway Patrol (FHP),7/12/2024 19:32,7/12/2024 19:32,9,Y,Parked Vehicle,Other,Serious Injury,Incapacitating Injury,NIGHT,N,N,N,Y,N,N,N,Y,N,0,1,0,0,1,0,0,0,0,0,0,0,0,0,1,1,0,0,0,0,0,0,0,0,0,N,0,0,N,0,0,1,0,1,5000,2,15000,20000,0,0,0,Preliminary,Editor Mapped,443486.9613,3345839.061,30.24282799,-81.58737519
26119802,2024,7/5/2024 9:02,7/8/2024 8:51,409900,L,1,2,2,38,Duval,Jacksonville,Urban,7/5/2024 9:04,7/5/2024 9:04,7/5/2024 9:15,7/5/2024 10:38,Y,Law Enforcement,W 16TH ST,,30.3533362,-81.72070158,0,,PROSPECT ST,,Local,Curb,Four-Way Intersection,N,Daylight,Clear,Dry,N,Other,Motor Vehicle in Transport,On Roadway,N,Intersection,None,,,None,,,N,,,,,CSO,Jacksonville Sheriff's Office,Sheriff's Office (SO),7/6/2024 19:19,7/9/2024 19:45,1,Y,Single Vehicle,Other,Serious Injury,Incapacitating Injury,DAY,N,N,N,N,N,N,Y,N,N,1,1,0,0,1,0,0,0,0,0,0,1,1,0,1,0,0,0,0,0,0,0,0,0,0,N,0,0,Y,1,0,0,0,1,500,1,250,750,1,0,0,Preliminary,Editor Mapped,430734.0727,3358159.011,30.35333562,-81.72072852
26304481,2024,3/24/2024 22:26,6/19/2024 9:42,FHP24ON0149120,L,1,2,48,44,Clay,Orange Park,Urban,3/24/2024 22:57,3/24/2024 23:12,3/24/2024 23:28,3/25/2024 3:11,Y,Law Enforcement,US-17,,30.18777121,-81.70248855,198,South,ELRIDGE LOOP,,U.S.,Paved,Not at Intersection,Y,Dark - Lighted,Clear,Dry,N,Other,Pedestrian,On Roadway,N,Non-Junction,None,,,None,,,N,,,,,TPR,Florida Highway Patrol,Florida Highway Patrol (FHP),3/27/2024 23:42,7/16/2024 19:56,3,Y,Pedestrian,Pedestrian,Fatality,Fatal (within 30 days),NIGHT,N,Y,N,N,Y,Y,N,N,N,1,0,0,0,0,1,1,0,0,0,0,1,0,1,1,0,0,0,0,0,0,0,0,0,0,Y,0,1,N,0,0,0,0,0,0,1,500,500,1,0,0,Preliminary,Computer mapped confident by address,432372.8963,3339802.921,30.18779129,-81.7024968
26326985,2024,4/14/2024 0:00,3/26/2025 15:03,FHP24ON0186399,L,1,2,2,38,Duval,Jacksonville,Urban,4/14/2024 0:18,4/14/2024 0:27,4/14/2024 0:33,4/14/2024 4:24,Y,Law Enforcement,J TURNER BUTLER BLVD W OFF RAMP,,30.25142865,-81.58169307,1035,East,BELFORT ROAD,,State,Curb,Not at Intersection,Y,Dark - Not Lighted,Clear,Dry,N,Other,Pedestrian,On Roadway,Y,Entrance/Exit Ramp,None,,,None,,,N,,,,,TPR,Florida Highway Patrol,Florida Highway Patrol (FHP),5/9/2024 1:08,4/8/2025 20:28,25,Y,Pedestrian,Pedestrian,Fatality,Fatal (within 30 days),NIGHT,N,Y,N,N,Y,N,N,N,N,1,0,0,0,0,1,1,0,0,0,0,1,0,1,1,0,0,0,0,0,0,0,0,0,0,Y,0,1,N,0,0,0,0,0,0,1,10000,10000,0,0,1,Verified,n/a,444109.8363,3346777.76,30.25132749,-81.58095137
26116776,2024,12/12/2024 20:14,1/24/2025 14:48,754505,L,2,6,2,38,Duval,Jacksonville,Urban,12/12/2024 20:15,12/12/2024 20:15,12/12/2024 20:18,12/12/2024 23:53,Y,Law Enforcement,ATLANTIC BLVD,,30.31554429,-81.56053521,216,West,SOUTHSIDE BLVD,,U.S.,Paved,Not at Intersection,Y,Dark - Lighted,Clear,Dry,N,Other,Pedestrian,On Roadway,N,Through Roadway,None,,,None,,,N,,,,,DETECTIVE,Jacksonville Sheriff's Office,Sheriff's Office (SO),12/13/2024 20:04,1/25/2025 19:25,1,Y,Pedestrian,Pedestrian,Fatality,Fatal (within 30 days),NIGHT,N,N,N,N,N,N,N,N,N,5,0,0,0,0,1,1,0,0,0,0,1,0,1,2,0,0,3,0,0,0,0,0,0,0,Y,0,1,N,0,0,1,0,0,0,2,2000,2000,0,0,0,Preliminary,Officer Mapped,446109.4108,3353883.481,30.31553853,-81.56053199
89758933,2024,7/20/2024 0:29,12/17/2024 13:05,FHP24ON0361101,L,1,1,2,38,Duval,Jacksonville,Urban,7/20/2024 0:34,7/20/2024 0:36,7/20/2024 1:03,7/20/2024 2:56,N,Law Enforcement,INTERSTATE 295,,30.26881585,-81.76662586,1325,North,STATE ROAD 208,,Interstate,Paved,Not at Intersection,N,Dark - Lighted,Cloudy,Wet,N,Other,Guardrail End,Shoulder,N,Non-Junction,None,,,None,,,N,,,,,TPR,Florida Highway Patrol,Florida Highway Patrol (FHP),8/4/2024 19:15,12/26/2024 19:20,15,Y,Off Road,Off Road,Serious Injury,Incapacitating Injury,NIGHT,N,Y,N,N,N,N,N,Y,N,0,1,0,0,1,0,0,0,0,0,0,0,0,0,1,0,0,0,0,0,0,0,0,0,0,N,0,0,N,0,0,0,0,1,15000,1,20000,35000,1,0,0,Preliminary,Editor Mapped,426256.7661,3348821.662,30.26881613,-81.76665646
89761018,2024,4/27/2024 23:35,8/7/2024 21:13,FHP24ON0211828,L,1,2,20,0,St. Johns,Unincorporated,Rural,4/27/2024 23:41,4/27/2024 23:43,4/27/2024 23:55,4/28/2024 3:45,Y,Law Enforcement,INTERSTATE 95,,29.91191,-81.41019,436,South,MM 317,,Interstate,Paved,Not at Intersection,Y,Dark - Not Lighted,Clear,Dry,N,Unknown,Pedestrian,On Roadway,N,Non-Junction,None,,,None,,,N,,,,,TPR,Florida Highway Patrol,Florida Highway Patrol (FHP),5/9/2024 1:08,8/12/2024 19:36,12,Y,Pedestrian,Pedestrian,Fatality,Fatal (within 30 days),NIGHT,N,N,Y,N,N,N,N,N,N,1,0,0,0,0,1,1,0,1,0,0,1,0,1,1,0,0,0,0,0,0,0,0,0,0,Y,0,1,N,0,0,0,0,0,0,1,3000,3000,0,0,1,Preliminary,Computer plot approximate by lat/long,460403.362,3309094.388,29.91190436,-81.41018683