REPORT_NUMBER,CRASH_YEAR,CRASH_DATE_AND_TIME,REPORT_DATE_AND_TIME,INVESTIGATING_AGENCY_REPORT_NUMBER,FORM_TYPE,TOTAL_NUMBER_OF_VEHICLES,TOTAL_NUMBER_OF_PERSONS,COUNTY_CODE,CITY_CODE,COUNTY_NAME,CITY_NAME,RURAL_OR_URBAN,NOTIFIED_TIME,DISPATCHED_TIME,ARRIVED_TIME,CLEARED_TIME,COMPLETED_FLAG,NOTIFIED_BY,ON_STREET_ROAD_HIGHWAY,STREET_ADDRESS_NUMBER,LATITUDE,LONGITUDE,FEET_FROM_INTERSECTION,DIRECTION_FROM_INTERSECTION,FROM_INTERSECTION_OF,MILEPOST_NUMBER,ROAD_SYSTEM_IDENTIFER,TYPE_OF_SHOULDER,TYPE_OF_INTERSECTION,PHOTOS_TAKEN,LIGHT_CONDITION,WEATHER_CONDITION,ROAD_SURFACE_CONDITION,SCHOOL_BUS_RELATED_CODE,TYPE_OF_IMPACT,FIRST_HARMFUL_EVENT,LOCATION,INTERCHANGE_FLAG,JUNCTION_FLAG,ROAD_CIRCUMSTANCES_1,ROAD_CIRCUMSTANCES_2,ROAD_CIRCUMSTANCES_3,ENVIRONMENT_CIRCUMSTANCES_1,ENVIRONMENT_CIRCUMSTANCES_2,ENVIRONMENT_CIRCUMSTANCES_3,WORK_ZONE_RELATED_FLAG,CRASH_IN_WORK_ZONE,TYPE_OF_WORK_ZONE,WORKERS_PRESENT,LAW_ENFORCEMENT_PRESENT,INVESTIGATOR_RANK,INVESTIGATING_AGENCY_NAME,INVESTIGATING_AGENCY_TYPE,LOAD_DATE,UPDATE_DATE,DAYS_TO_LOAD,CODEABLE,S4_CRASH_TYPE,S4_CRASH_TYPE_SIMPLIFIED,S4_CRASH_SEVERITY,S4_CRASH_SEVERITY_DETAIL,S4_DAY_OR_NIGHT,S4_IS_AGGRESSIVE_DRIVING,S4_IS_ALCOHOL_RELATED,S4_IS_CMV_INVOLVED,S4_IS_DISTRACTED,S4_IS_DRUG_RELATED,S4_IS_HIT_AND_RUN,S4_IS_INTERSECTION_RELATED,S4_IS_LANE_DEPARTURE_RELATED,S4_IS_SPEEDING_RELATED,S4_NONE_INJURY_COUNT,S4_INJURY_COUNT,S4_POSSIBLE_INJURY_COUNT,S4_NON_INCAPACITATING_INJURY_COUNT,S4_INCAPACITATING_INJURY_COUNT,S4_FATALITY_COUNT,S4_FATALITY_WITHIN_30_DAYS_COUNT,S4_NON_TRAFFIC_FATALITY_COUNT,S4_TRAILER_COUNT,S4_MOTORCYCLE_COUNT,S4_MOPED_COUNT,S4_NON_MOTORIST_COUNT,S4_BICYCLIST_COUNT,S4_PEDESTRIAN_COUNT,S4_DRIVER_COUNT,S4_AGING_DRIVER_COUNT,S4_TEENAGER_DRIVER_COUNT,S4_PASSENGER_COUNT,S4_UNRESTRAINED_COUNT,S4_UNRESTRAINED_INJURY_COUNT,S4_UNRESTRAINED_INCAPACITATING_INJURY_COUNT,S4_UNRESTRAINED_FATALITY_COUNT,S4_MOTORCYCLIST_COUNT,S4_MOTORCYCLIST_INCAPACITATING_INJURY_COUNT,S4_MOTORCYCLIST_FATALITY_COUNT,S4_IS_PEDESTRIAN_INVOLVED,S4_PEDESTRIAN_INCAPACITATING_INJURY_COUNT,S4_PEDESTRIAN_FATALITY_COUNT,S4_IS_BICYCLIST_INVOLVED,S4_BICYCLIST_INCAPACITATING_INJURY_COUNT,S4_BICYCLIST_FATALITY_COUNT,S4_CITATION_COUNT,S4_CITATION_AMOUNT,S4_PROPERTY_DAMAGE_COUNT,S4_PROPERTY_DAMAGE_AMOUNT,S4_VEHICLE_DAMAGE_COUNT,S4_VEHICLE_DAMAGE_AMOUNT,S4_TOTAL_DAMAGE_AMOUNT,S4_TRANSPORT_BY_EMS_COUNT,S4_TRANSPORT_BY_LAW_ENFORCEMENT_COUNT,S4_TRANSPORT_BY_OTHER_COUNT,S4_GEOLOCATION_STATUS,S4_PRELIMINARY_GEOLOCATION_STATUS,S4_X,S4_Y,S4_LATITUDE,S4_LONGITUDE
26344623,2024,5/6/2024 7:31,5/6/2024 8:04,FHP24ON0226646,L,3,5,20,0,St. Johns,Unincorporated,Rural,5/6/2024 7:35,5/6/2024 7:37,5/6/2024 7:45,5/6/2024 9:15,Y,Law Enforcement,STATE ROAD 207,,29.80935,-81.39902,0,,VERMONT BOULEVARD,,State,Curb,T-Intersection,N,Daylight,Clear,Dry,N,Angle,Motor Vehicle in Transport,On Roadway,N,Intersection,None,,,None,,,N,,,,,TPR,Florida Highway Patrol,Florida Highway Patrol (FHP),5/17/2024 19:33,5/17/2024 19:33,11,Y,Right Angle,Angle,Serious Injury,Incapacitating Injury,DAY,N,N,N,Y,N,N,Y,N,N,3,2,0,0,2,0,0,0,0,0,0,0,0,0,3,0,1,2,0,0,0,0,0,0,0,N,0,0,N,0,0,1,0,0,0,3,25000,25000,2,0,0,Preliminary,Editor Mapped,461436.772,3297724.018,29.80932438,-81.39907335
26827760,2024,7/11/2024 8:51,7/11/2024 9:08,422552,L,1,2,2,38,Duval,Jacksonville,Urban,7/11/2024 8:51,7/11/2024 8:52,7/11/2024 9:00,7/11/2024 10:00,Y,Law Enforcement,PHILIPS HWY,8840,30.20623266,-81.57778907,,,,,Parking Lot,Curb,Not at Intersection,N,Daylight,Clear,Dry,N,Angle,Curb,Off Roadway,N,Non-Junction,None,,,None,,,N,,,,,CSO,Jacksonville Sheriff's Office,Sheriff's Office (SO),7/13/2024 19:19,7/13/2024 19:19,2,Y,Off Road,Off Road,Serious Injury,Incapacitating Injury,DAY,N,N,N,N,N,N,N,Y,N,0,2,0,0,2,0,0,0,0,0,0,0,0,0,1,1,0,1,0,0,0,0,0,0,0,N,0,0,N,0,0,0,0,0,0,1,9000,9000,2,0,0,Preliminary,Editor Mapped,444420.2647,3341755.415,30.20602094,-81.57745987
26032352,2024,5/14/2024 17:00,5/14/2024 0:00,24-82008560,L,2,2,2,30,Duval,Atlantic Beach,Urban,5/14/2024 17:03,5/14/2024 17:05,5/14/2024 17:10,5/14/2024 17:25,N,Law Enforcement,ATLANTIC BLVD,,30.324579,-81.408894,0,,ROYAL PALM DR,,State,Curb,Four-Way Intersection,N,Daylight,Clear,Dry,N,"Sideswipe, Same Direction",Motor Vehicle in Transport,On Roadway,N,Intersection-Related,None,,,None,,,N,,,,,OFFICER,Atlantic Beach Police Department,Police Department (PD),5/16/2024 19:25,5/16/2024 19:25,2,Y,Same Direction Sideswipe,Sideswipe,Serious Injury,Incapacitating Injury,DAY,N,N,N,N,N,Y,Y,N,N,0,1,0,0,1,0,0,0,0,0,1,0,0,0,2,0,0,0,0,0,0,0,0,0,0,N,0,0,N,0,0,0,0,0,0,1,200,200,1,0,0,Preliminary,Editor Mapped,460693.2461,3354816.815,30.32452284,-81.40888001
26117383,2024,5/14/2024 7:32,5/14/2024 8:20,296333,L,1,2,2,38,Duval,Jacksonville,Urban,5/14/2024 7:37,5/14/2024 7:37,5/14/2024 7:41,5/14/2024 9:09,Y,Law Enforcement,HART EXPY,,30.32742523,-81.63377238,1791,North,HAINES ST,,Local,Curb,Not at Intersection,N,Daylight,Clear,Wet,N,Angle,Tree (standing),Off Roadway,N,Non-Junction,None,,,None,,,N,,,,,CSO,Jacksonville Sheriff's Office,Sheriff's Office (SO),5/16/2024 0:23,5/16/2024 0:23,2,Y,Off Road,Off Road,Serious Injury,Incapacitating Injury,DAY,N,N,N,N,N,N,N,Y,N,0,2,0,0,2,0,0,0,0,0,0,0,0,0,1,0,0,1,0,0,0,0,0,0,0,N,0,0,N,0,0,1,0,1,1000,1,50000,51000,2,0,0,Preliminary,Editor Mapped,439075.9809,3355235.786,30.32740734,-81.63376379
26119368,2024,5/13/2024 13:30,6/6/2024 16:37,294931,L,2,2,2,38,Duval,Jacksonville,Urban,5/13/2024 13:38,5/13/2024 14:38,5/13/2024 14:40,5/13/2024 15:08,Y,Law Enforcement,UNIVERSITY BLVD W,,30.27740393,-81.60308007,0,,BENEY RD,,State,Curb,Four-Way Intersection,N,Daylight,Cloudy,Dry,N,Angle,Motor Vehicle in Transport,On Roadway,N,Intersection,None,,,None,,,N,,,,,SGT,Jacksonville Sheriff's Office,Sheriff's Office (SO),5/16/2024 0:23,6/7/2024 19:25,3,Y,Left Rear,Left Turn,Serious Injury,Incapacitating Injury,DAY,N,N,N,N,N,N,Y,N,N,1,1,0,0,1,0,0,0,0,1,0,0,0,0,2,0,1,0,0,0,0,0,1,1,0,N,0,0,N,0,0,3,0,0,0,2,40000,40000,0,0,0,Preliminary,Editor Mapped,442003.8336,3349688.817,30.27749721,-81.60300176
89735628,2024,5/2/2024 14:05,6/21/2024 10:09,FHP24ON0219899,L,2,2,20,0,St. Johns,Unincorporated,Rural,5/2/2024 14:06,5/2/2024 14:07,5/2/2024 14:07,5/2/2024 16:18,Y,Law Enforcement,COUNTY ROAD 210A,,30.22736415,-81.38753942,202,West,LA PASADA CIR,,County,Paved,Not at Intersection,Y,Daylight,Clear,Dry,N,"Sideswipe, Opposite Direction",Motor Vehicle in Transport,On Roadway,N,Non-Junction,None,,,None,,,N,,,,,TPR,Florida Highway Patrol,Florida Highway Patrol (FHP),5/4/2024 19:21,6/25/2024 19:44,2,Y,Head On,Head On,Fatality,Fatal (within 30 days),DAY,N,N,N,N,Y,N,N,Y,N,1,0,0,0,0,1,1,0,0,0,0,0,0,0,2,0,0,0,1,0,0,1,0,0,0,N,0,0,N,0,0,0,0,1,10000,2,21000,31000,1,0,0,Preliminary,Editor Mapped,462698.3866,3344032.097,30.22726482,-81.38763972
26837200,2024,11/5/2024 16:59,11/5/2024 17:48,678178,L,2,2,2,38,Duval,Jacksonville,Urban,11/5/2024 16:59,11/5/2024 16:59,11/5/2024 17:27,11/5/2024 19:35,Y,Law Enforcement,I-95 ON-RAMP FROM ATLANTIC BLVD,,30.31012884,-81.64711894,1051,East,,,Interstate,Paved,Not at Intersection,N,Daylight,Clear,Dry,N,Front to Rear,Motor Vehicle in Transport,On Roadway,N,Entrance/Exit Ramp,None,,,None,,,N,,,,,CSO,Jacksonville Sheriff's Office,Sheriff's Office (SO),11/7/2024 19:29,11/7/2024 19:29,2,Y,Rear End,Rear End,Serious Injury,Incapacitating Injury,DAY,N,N,N,N,N,N,N,N,N,1,1,0,0,1,0,0,0,0,0,0,0,0,0,2,1,0,0,0,0,0,0,0,0,0,N,0,0,N,0,0,1,0,0,0,2,18000,18000,1,0,0,Preliminary,Editor Mapped,437781.5084,3353327.646,30.31012312,-81.64711569
26100288,2024,11/27/2024 16:40,11/27/2024 17:13,724049,L,4,5,2,38,Duval,Jacksonville,Urban,11/27/2024 16:42,11/27/2024 16:42,11/27/2024 17:03,11/27/2024 18:30,Y,Law Enforcement,PHILIPS HWY,,30.2816716,-81.62924475,395,North,CLINTON AVE,,U.S.,Unpaved,T-Intersection,N,Daylight,Clear,Dry,N,"Sideswipe, Same Direction",Motor Vehicle in Transport,On Roadway,N,Intersection,None,,,None,,,N,,,,,CSO,Jacksonville Sheriff's Office,Sheriff's Office (SO),12/1/2024 19:18,12/1/2024 19:18,4,Y,Same Direction Sideswipe,Sideswipe,Serious Injury,Incapacitating Injury,DAY,N,N,N,N,N,N,Y,N,N,4,1,0,0,1,0,0,0,0,0,0,0,0,0,4,2,0,1,0,0,0,0,0,0,0,N,0,0,N,0,0,2,0,0,0,4,27000,27000,1,0,0,Preliminary,Editor Mapped,439482.6269,3350164.453,30.28166585,-81.62924151
26290703,2024,1/13/2024 4:45,8/15/2024 5:21,FHP24ON0020804,L,1,2,2,38,Duval,Jacksonville,Urban,1/13/2024 4:52,1/13/2024 4:54,1/13/2024 5:08,1/13/2024 9:36,Y,Law Enforcement,I-95,,30.34597286,-81.66817818,970,North,8TH ST,,Interstate,Paved,Not at Intersection,Y,Dark - Lighted,Cloudy,Dry,N,Other,Pedestrian,On Roadway,N,Non-Junction,None,,,None,,,N,,,,,TPR,Florida Highway Patrol,Florida Highway Patrol (FHP),1/25/2024 1:25,8/16/2024 19:36,12,Y,Pedestrian,Pedestrian,Fatality,Fatal (within 30 days),NIGHT,N,N,N,N,N,N,N,N,N,1,0,0,0,0,1,1,0,0,0,0,1,0,1,1,0,0,0,0,0,0,0,0,0,0,Y,0,1,N,0,0,2,0,0,0,1,5000,5000,0,0,1,Preliminary,Computer plot approximate by lat/long,435754.7582,3357460.919,30.34731393,-81.66844737
26338224,2024,7/13/2024 8:50,7/13/2024 10:10,FHP24ON0349179,L,2,3,48,0,Clay,Unincorporated,Rural,7/13/2024 9:00,7/13/2024 9:04,7/13/2024 9:37,7/13/2024 10:58,Y,Law Enforcement,CR-224,,30.16456122,-81.74510773,27,West,SR-21,,County,Curb,Four-Way Intersection,N,Daylight,Clear,Dry,N,Angle,Motor Vehicle in Transport,On Roadway,N,Intersection,None,,,None,,,N,,,,,TPR,Florida Highway Patrol,Florida Highway Patrol (FHP),7/25/2024 2:28,7/25/2024 2:28,12,Y,Left Entering,Left Turn,Serious Injury,Incapacitating Injury,DAY,N,N,N,N,N,N,Y,N,N,0,3,2,0,1,0,0,0,0,0,1,0,0,0,2,0,1,1,0,0,0,0,0,0,0,N,0,0,N,0,0,1,0,0,0,2,8000,8000,1,0,0,Preliminary,Editor Mapped,425557.0214,3334405.983,30.13869338,-81.7729136
26171725,2024,6/28/2024 0:20,6/28/2024 0:00,7000448,L,2,3,2,38,Duval,Jacksonville,Urban,6/28/2024 0:25,6/28/2024 0:29,6/28/2024 0:35,6/28/2024 2:00,Y,Law Enforcement,STATE ROAD 243,"11,000",,,963,West,,,State,Paved,Not at Intersection,,Dark - Not Lighted,Clear,Dry,N,Front to Rear,Motor Vehicle in Transport,On Roadway,N,Non-Junction,None,,,None,,,N,,,,,OFC.,Jacksonville Aviation Authority Police Department,Other,7/5/2024 19:22,7/5/2024 19:22,7,Y,Rear End,Rear End,Serious Injury,Incapacitating Injury,NIGHT,N,N,N,Y,N,N,N,Y,N,1,2,1,0,1,0,0,0,0,0,0,0,0,0,2,0,1,1,0,0,0,0,0,0,0,N,0,0,N,0,0,1,0,0,0,2,11000,11000,1,0,0,Preliminary,Editor Mapped,436411.9009,3373634.799,30.49329253,-81.66259582
26113890,2024,6/21/2024 17:28,7/17/2024 13:19,380969,L,2,2,2,38,Duval,Jacksonville,Urban,6/21/2024 17:29,6/21/2024 17:29,6/21/2024 17:30,6/21/2024 17:30,Y,Law Enforcement,ATLANTIC BLVD,,30.31336245,-81.58039756,316,West,BECKWITH ST,,U.S.,Curb,Not at Intersection,N,Daylight,Rain,Wet,N,Angle,Motor Vehicle in Transport,On Roadway,N,Non-Junction,None,,,None,,,N,,,,,DETECTIVE,Jacksonville Sheriff's Office,Sheriff's Office (SO),6/22/2024 19:21,7/20/2024 19:15,1,Y,Right/Through,Right Turn,Fatality,Fatal (within 30 days),DAY,N,N,N,N,N,N,N,N,N,1,0,0,0,0,1,1,0,0,0,0,0,0,0,2,1,0,0,0,0,0,0,0,0,0,N,0,0,N,0,0,0,0,0,0,2,10000,10000,1,0,0,Preliminary,Editor Mapped,444231.0479,3353656.25,30.3134029,-81.5800565
24971719,2024,9/12/2024 18:29,10/24/2024 8:49,FHP24ON0460083,L,3,2,48,0,Clay,Unincorporated,Rural,9/12/2024 18:29,9/12/2024 18:30,9/12/2024 18:34,9/13/2024 0:35,Y,Law Enforcement,STATE ROAD 23,,30.14139,-81.83103,271,North,DISCOVERY DRIVE,,Turnpike/Toll,Paved,Not at Intersection,Y,Daylight,Rain,Wet,N,Front to Rear,Parked Motor Vehicle,On Roadway,N,Non-Junction,None,,,None,,,N,,,,,LT,Florida Highway Patrol,Florida Highway Patrol (FHP),9/25/2024 22:59,10/25/2024 19:48,13,Y,Parked Vehicle,Other,Fatality,Fatal (within 30 days),DAY,N,N,N,N,Y,N,N,Y,N,0,1,0,1,0,1,1,0,0,0,0,0,0,0,2,0,0,0,1,0,0,1,0,0,0,N,0,0,N,0,0,0,0,0,0,3,45000,45000,0,0,1,Preliminary,Editor Mapped,419961.1397,3334743.914,30.1413878,-81.83103416
89636976,2024,7/6/2024 22:40,7/6/2024 23:35,FHP24ON0338603,L,3,3,2,38,Duval,Jacksonville,Urban,7/6/2024 22:45,7/6/2024 22:46,7/6/2024 22:58,7/7/2024 0:22,Y,Law Enforcement,INTERSTATE 295,,30.29221221,-81.77107641,564,South,STATE ROAD 228,,Interstate,Paved,Not at Intersection,N,Dark - Lighted,Cloudy,Dry,N,Other,Motor Vehicle in Transport,On Roadway,N,Non-Junction,None,,,None,,,N,,,,,TPR,Florida Highway Patrol,Florida Highway Patrol (FHP),7/25/2024 2:27,7/25/2024 2:27,19,Y,Other,Other,Serious Injury,Incapacitating Injury,NIGHT,N,N,N,N,N,N,N,N,N,1,2,0,0,2,0,0,0,0,2,0,0,0,0,3,0,1,0,0,0,0,0,2,2,0,N,0,0,N,0,0,1,0,0,0,3,11000,11000,2,0,0,Preliminary,Editor Mapped,425853.2192,3351414.778,30.29219024,-81.77103447
89714913,2024,4/29/2024 5:35,7/16/2024 14:02,FHP24ON0213543,L,1,2,20,0,St. Johns,Unincorporated,Rural,4/29/2024 5:44,4/29/2024 5:53,4/29/2024 6:20,4/29/2024 9:44,Y,Law Enforcement,US-1 NORTHBOUND,,29.9442978,-81.33737414,12,South,OCEAN BOULEVARD,,U.S.,Unpaved,T-Intersection,N,Dark - Not Lighted,Clear,Dry,N,Other,Pedestrian,On Roadway,N,Intersection,None,,,None,,,N,,,,,TPR,Florida Highway Patrol,Florida Highway Patrol (FHP),5/11/2024 19:18,7/25/2024 2:27,12,Y,Pedestrian,Pedestrian,Serious Injury,Incapacitating Injury,NIGHT,N,N,N,N,N,Y,Y,N,N,1,1,0,0,1,0,0,0,0,0,0,1,0,1,1,0,0,0,0,0,0,0,0,0,0,Y,1,0,N,0,0,2,0,0,0,1,1200,1200,1,0,0,Preliminary,Editor Mapped,467443.9266,3312655.807,29.94425124,-81.33736224
26287699,2024,4/4/2024 1:56,9/14/2024 9:03,FHP24ON0168205,L,2,2,2,38,Duval,Jacksonville,Urban,4/4/2024 1:56,4/4/2024 2:00,4/4/2024 2:10,4/4/2024 7:15,Y,Law Enforcement,INTERSTATE 295,,30.16907,-81.60229,1247,East,OLD SAINT AUGUSTINE ROAD,,Interstate,Paved,Not at Intersection,Y,Dark - Not Lighted,Clear,Dry,N,Front to Rear,Motor Vehicle in Transport,On Roadway,N,Non-Junction,None,,,None,,,N,,,,,TPR,Florida Highway Patrol,Florida Highway Patrol (FHP),5/3/2024 19:35,9/26/2024 19:28,29,Y,Rear End,Rear End,Fatality,Fatal (within 30 days),NIGHT,N,Y,Y,N,N,N,N,Y,N,1,0,0,0,0,1,1,0,0,0,0,0,0,0,2,0,1,0,1,0,0,1,0,0,0,N,0,0,N,0,0,0,0,0,0,2,20000,20000,0,0,1,Preliminary,Editor Mapped,442836.7321,3337635.768,30.16877229,-81.59368865
26304277,2024,3/3/2024 5:26,5/13/2024 15:27,FHP24ON0108585,L,2,2,48,0,Clay,Unincorporated,Rural,3/3/2024 5:26,3/3/2024 5:37,3/3/2024 6:06,3/3/2024 10:00,Y,Law Enforcement,US-17,,30.12084,-81.70451,95,North,PACE ISLAND TRCE,,U.S.,Paved,Four-Way Intersection,Y,Dark - Lighted,Cloudy,Wet,N,Front to Rear,Motor Vehicle in Transport,On Roadway,N,Non-Junction,None,,,None,,,Y,Activity Area,Work on Shoulder or Median,N,N,TPR,Florida Highway Patrol,Florida Highway Patrol (FHP),3/21/2024 19:24,5/29/2024 19:44,18,Y,Rear End,Rear End,Fatality,Fatal (within 30 days),NIGHT,N,N,N,N,N,N,N,N,N,1,0,0,0,0,1,1,0,0,0,0,0,0,0,2,0,0,0,1,0,0,1,0,0,0,N,0,0,N,0,0,0,0,0,0,2,22500,22500,0,0,0,Verified,n/a,432118.8809,3332421.473,30.12116906,-81.70466159
26105508,2024,7/28/2024 20:24,7/29/2024 0:06,460055,L,1,1,2,38,Duval,Jacksonville,Urban,7/28/2024 20:24,7/28/2024 20:25,7/28/2024 20:31,7/28/2024 22:00,Y,Law Enforcement,IRWIN MANOR DR,,30.30513226,-81.4923844,147,North,WALNUT CREEK,,Local,Paved,Not at Intersection,N,Dark - Not Lighted,Clear,Dry,N,Other,Fell/Jumped From Motor Vehicle,On Roadway,N,Non-Junction,None,,,None,,,N,,,,,OFFICER,Jacksonville Sheriff's Office,Sheriff's Office (SO),7/30/2024 19:50,7/30/2024 19:50,2,Y,Single Vehicle,Other,Serious Injury,Incapacitating Injury,NIGHT,N,N,N,N,N,N,N,N,N,0,1,0,0,1,0,0,0,0,1,0,0,0,0,1,0,0,0,0,0,0,0,1,1,0,N,0,0,N,0,0,0,0,0,0,1,1000,1000,1,0,0,Preliminary,Editor Mapped,452653.7078,3352694.042,30.30507913,-81.49241141
89758932,2024,7/19/2024 18:31,7/19/2024 19:08,FHP24ON0360662,L,4,7,2,38,Duval,Jacksonville,Urban,7/19/2024 18:36,7/19/2024 18:39,7/19/2024 18:44,7/19/2024 20:02,Y,Law Enforcement,INTERSTATE 295,,30.27154,-81.52093,648,South,UNF DR,,Interstate,Paved,Not at Intersection,N,Daylight,Rain,Wet,N,Front to Rear,Motor Vehicle in Transport,On Roadway,N,Non-Junction,None,,,None,,,Y,Advance Warning Area,Work on Shoulder or Median,,N,TPR,Florida Highway Patrol,Florida Highway Patrol (FHP),7/28/2024 19:14,7/28/2024 19:14,9,Y,Rear End,Rear End,Serious Injury,Incapacitating Injury,DAY,N,N,N,N,N,N,N,N,N,5,2,0,1,1,0,0,0,0,0,0,0,0,0,4,0,0,3,0,0,0,0,0,0,0,N,0,0,N,0,0,3,0,0,0,4,22000,22000,1,0,0,Preliminary,Editor Mapped,449892.0459,3348988.952,30.27153376,-81.5209556
26742136,2024,7/23/2024 12:00,7/23/2024 12:22,SJSO24CAD162396,L,2,2,20,50,St. Johns,St. Augustine,Urban,7/23/2024 12:04,7/23/2024 12:06,7/23/2024 12:13,7/23/2024 12:22,Y,Law Enforcement,A1A /SAN MARCO,,29.90249,-81.31635,0,,PINE STREET,,State,Paved,T-Intersection,N,Daylight,Clear,Dry,N,Angle,Motor Vehicle in Transport,On Roadway,Y,Intersection,None,,,None,,,N,,,,,SERGEANT,St. Augustine Police Department,Police Department (PD),7/27/2024 19:21,7/27/2024 19:21,4,Y,Right Angle,Angle,Serious Injury,Incapacitating Injury,DAY,N,N,N,N,N,N,Y,N,N,1,1,0,0,1,0,0,0,2,0,0,0,0,0,2,1,1,0,0,0,0,0,0,0,0,N,0,0,N,0,0,0,0,0,0,2,4000,4000,1,0,0,Preliminary,Editor Mapped,469456.1654,3308021.696,29.90248207,-81.31637842
26285627,2024,1/27/2024 6:00,6/14/2024 11:18,FHP24ON0044573,L,2,2,41,0,Nassau,Unincorporated,Rural,1/27/2024 6:04,1/27/2024 6:13,1/27/2024 6:32,1/27/2024 9:50,Y,Law Enforcement,US HIGHWAY 17,,30.65797,-81.63066,0,,QUAIL RIDGE ROAD,,U.S.,Paved,T-Intersection,Y,Dark - Not Lighted,"Fog, Smog, Smoke",Dry,N,Other,Motor Vehicle in Transport,On Roadway,N,Intersection,None,,,None,,,N,,,,,TPR,Florida Highway Patrol,Florida Highway Patrol (FHP),2/16/2024 19:22,6/20/2024 1:29,20,Y,Left Leaving,Left Turn,Fatality,Fatal (within 30 days),NIGHT,Y,N,N,N,N,N,Y,N,Y,1,0,0,0,0,1,1,0,0,1,0,0,0,0,2,0,0,0,0,0,0,0,1,0,1,N,0,0,N,0,0,2,0,0,0,2,16000,16000,0,0,1,Preliminary,Editor Mapped,439580.3696,3391864.246,30.65794534,-81.63064522
26110033,2024,10/4/2024 23:04,10/4/2024 23:24,610647,L,2,3,2,38,Duval,Jacksonville,Urban,10/4/2024 23:04,10/4/2024 23:04,10/4/2024 23:04,10/5/2024 0:20,Y,Law Enforcement,RAYFORD ST,,30.32056412,-81.70547928,0,,MCDUFF AVE S,,Local,Paved,Four-Way Intersection,N,Dark - Lighted,Clear,Dry,N,Front to Front,Motor Vehicle in Transport,On Roadway,Y,Intersection,None,,,None,,,N,,,,,OFFICER,Jacksonville Sheriff's Office,Sheriff's Office (SO),10/6/2024 19:19,10/6/2024 19:19,2,Y,Right/Through,Right Turn,Serious Injury,Incapacitating Injury,NIGHT,N,N,N,N,N,N,Y,N,N,2,1,0,0,1,0,0,0,0,1,0,0,0,0,2,0,0,1,0,0,0,0,1,1,0,N,0,0,N,0,0,1,0,0,0,2,12000,12000,1,0,0,Preliminary,Editor Mapped,432178.6888,3354513.124,30.3205191,-81.70546199
26421262,2024,11/4/2024 5:35,1/3/2025 8:29,FHP24ON0556663,L,3,4,2,38,Duval,Jacksonville,Urban,11/4/2024 6:33,11/4/2024 6:41,11/4/2024 7:23,11/4/2024 22:04,Y,Law Enforcement,NORMANDY BLVD,,30.21828,-81.94093,451,West,YELLOW WATER RD,,Interstate,Paved,Not at Intersection,Y,Dawn,Clear,Dry,N,"Sideswipe, Opposite Direction",Motor Vehicle in Transport,On Roadway,N,Non-Junction,None,,,None,,,N,,,,,TPR,Florida Highway Patrol,Florida Highway Patrol (FHP),12/4/2024 19:29,3/4/2025 20:10,30,Y,Left Entering,Left Turn,Fatality,Fatal (within 30 days),NIGHT,N,N,N,N,N,N,N,Y,N,2,1,1,0,0,1,1,0,1,0,0,0,0,0,3,0,0,1,0,0,0,0,0,0,0,N,0,0,N,0,0,0,0,0,0,3,32500,32500,0,0,1,Preliminary,Editor Mapped,409327.7844,3343278.087,30.21764758,-81.94215975
26346914,2024,7/19/2024 2:49,7/19/2024 4:24,FHP24ON0359278,L,1,1,41,0,Nassau,Unincorporated,Rural,7/19/2024 2:54,7/19/2024 2:57,7/19/2024 3:41,7/19/2024 8:00,Y,Law Enforcement,US 301 E,,30.45509,-81.91388,288,North,BILLYVILLE DR,,U.S.,Paved,Not at Intersection,N,Dark - Not Lighted,Clear,Dry,N,Other,Utility Pole/Light Support,Off Roadway,N,Non-Junction,None,,,None,,,N,,,,,TPR,Florida Highway Patrol,Florida Highway Patrol (FHP),8/1/2024 19:25,8/1/2024 19:25,13,Y,Off Road,Off Road,Serious Injury,Incapacitating Injury,NIGHT,Y,N,N,N,N,N,N,Y,Y,0,1,0,0,1,0,0,0,0,0,0,0,0,0,1,0,1,0,0,0,0,0,0,0,0,N,0,0,N,0,0,0,0,1,800,1,7000,7800,1,0,0,Preliminary,Editor Mapped,412257.6003,3369564.487,30.45504499,-81.91392029