REPORT_NUMBER,CRASH_YEAR,CRASH_DATE_AND_TIME,REPORT_DATE_AND_TIME,INVESTIGATING_AGENCY_REPORT_NUMBER,FORM_TYPE,TOTAL_NUMBER_OF_VEHICLES,TOTAL_NUMBER_OF_PERSONS,COUNTY_CODE,CITY_CODE,COUNTY_NAME,CITY_NAME,RURAL_OR_URBAN,NOTIFIED_TIME,DISPATCHED_TIME,ARRIVED_TIME,CLEARED_TIME,COMPLETED_FLAG,NOTIFIED_BY,ON_STREET_ROAD_HIGHWAY,STREET_ADDRESS_NUMBER,LATITUDE,LONGITUDE,FEET_FROM_INTERSECTION,DIRECTION_FROM_INTERSECTION,FROM_INTERSECTION_OF,MILEPOST_NUMBER,ROAD_SYSTEM_IDENTIFER,TYPE_OF_SHOULDER,TYPE_OF_INTERSECTION,PHOTOS_TAKEN,LIGHT_CONDITION,WEATHER_CONDITION,ROAD_SURFACE_CONDITION,SCHOOL_BUS_RELATED_CODE,TYPE_OF_IMPACT,FIRST_HARMFUL_EVENT,LOCATION,INTERCHANGE_FLAG,JUNCTION_FLAG,ROAD_CIRCUMSTANCES_1,ROAD_CIRCUMSTANCES_2,ROAD_CIRCUMSTANCES_3,ENVIRONMENT_CIRCUMSTANCES_1,ENVIRONMENT_CIRCUMSTANCES_2,ENVIRONMENT_CIRCUMSTANCES_3,WORK_ZONE_RELATED_FLAG,CRASH_IN_WORK_ZONE,TYPE_OF_WORK_ZONE,WORKERS_PRESENT,LAW_ENFORCEMENT_PRESENT,INVESTIGATOR_RANK,INVESTIGATING_AGENCY_NAME,INVESTIGATING_AGENCY_TYPE,LOAD_DATE,UPDATE_DATE,DAYS_TO_LOAD,CODEABLE,S4_CRASH_TYPE,S4_CRASH_TYPE_SIMPLIFIED,S4_CRASH_SEVERITY,S4_CRASH_SEVERITY_DETAIL,S4_DAY_OR_NIGHT,S4_IS_AGGRESSIVE_DRIVING,S4_IS_ALCOHOL_RELATED,S4_IS_CMV_INVOLVED,S4_IS_DISTRACTED,S4_IS_DRUG_RELATED,S4_IS_HIT_AND_RUN,S4_IS_INTERSECTION_RELATED,S4_IS_LANE_DEPARTURE_RELATED,S4_IS_SPEEDING_RELATED,S4_NONE_INJURY_COUNT,S4_INJURY_COUNT,S4_POSSIBLE_INJURY_COUNT,S4_NON_INCAPACITATING_INJURY_COUNT,S4_INCAPACITATING_INJURY_COUNT,S4_FATALITY_COUNT,S4_FATALITY_WITHIN_30_DAYS_COUNT,S4_NON_TRAFFIC_FATALITY_COUNT,S4_TRAILER_COUNT,S4_MOTORCYCLE_COUNT,S4_MOPED_COUNT,S4_NON_MOTORIST_COUNT,S4_BICYCLIST_COUNT,S4_PEDESTRIAN_COUNT,S4_DRIVER_COUNT,S4_AGING_DRIVER_COUNT,S4_TEENAGER_DRIVER_COUNT,S4_PASSENGER_COUNT,S4_UNRESTRAINED_COUNT,S4_UNRESTRAINED_INJURY_COUNT,S4_UNRESTRAINED_INCAPACITATING_INJURY_COUNT,S4_UNRESTRAINED_FATALITY_COUNT,S4_MOTORCYCLIST_COUNT,S4_MOTORCYCLIST_INCAPACITATING_INJURY_COUNT,S4_MOTORCYCLIST_FATALITY_COUNT,S4_IS_PEDESTRIAN_INVOLVED,S4_PEDESTRIAN_INCAPACITATING_INJURY_COUNT,S4_PEDESTRIAN_FATALITY_COUNT,S4_IS_BICYCLIST_INVOLVED,S4_BICYCLIST_INCAPACITATING_INJURY_COUNT,S4_BICYCLIST_FATALITY_COUNT,S4_CITATION_COUNT,S4_CITATION_AMOUNT,S4_PROPERTY_DAMAGE_COUNT,S4_PROPERTY_DAMAGE_AMOUNT,S4_VEHICLE_DAMAGE_COUNT,S4_VEHICLE_DAMAGE_AMOUNT,S4_TOTAL_DAMAGE_AMOUNT,S4_TRANSPORT_BY_EMS_COUNT,S4_TRANSPORT_BY_LAW_ENFORCEMENT_COUNT,S4_TRANSPORT_BY_OTHER_COUNT,S4_GEOLOCATION_STATUS,S4_PRELIMINARY_GEOLOCATION_STATUS,S4_X,S4_Y,S4_LATITUDE,S4_LONGITUDE
84428227,2024,6/3/2024 16:27,6/3/2024 16:34,341605,L,2,3,2,38,Duval,Jacksonville,Urban,6/3/2024 16:27,6/3/2024 16:27,6/3/2024 16:40,6/3/2024 17:51,Y,Law Enforcement,BEACH BLVD,,30.28668553,-81.55883504,,,SOUTHSIDE BLVD,,U.S.,Curb,Four-Way Intersection,N,Daylight,Clear,Dry,N,Angle,Motor Vehicle in Transport,On Roadway,N,Intersection,None,,,None,,,N,,,,,CSO,Jacksonville Sheriff's Office,Sheriff's Office (SO),6/5/2024 20:47,6/5/2024 20:47,2,Y,Left Entering,Left Turn,Serious Injury,Incapacitating Injury,DAY,N,N,N,N,N,N,Y,N,N,2,1,0,0,1,0,0,0,0,1,0,0,0,0,2,1,0,1,0,0,0,0,1,1,0,N,0,0,N,0,0,1,0,0,0,2,3000,3000,1,0,0,Preliminary,Editor Mapped,446259.0782,3350687.218,30.28670286,-81.55881172
26118611,2024,12/25/2024 18:46,3/10/2025 12:53,779935,L,2,2,2,38,Duval,Jacksonville,Urban,12/25/2024 18:46,12/25/2024 18:46,12/25/2024 19:06,12/25/2024 21:16,N,Law Enforcement,SR 115 (LEM TURNER RD),,30.39278669,-81.68057968,124,West,LAKE FOREST BLVD,,State,Curb,Not at Intersection,Y,Dark - Lighted,Clear,Dry,N,Front to Rear,Pedestrian,On Roadway,N,Non-Junction,None,,,None,,,N,,,,,DETECTIVE,Jacksonville Sheriff's Office,Sheriff's Office (SO),12/26/2024 19:20,3/11/2025 20:09,1,Y,Pedestrian,Pedestrian,Serious Injury,Incapacitating Injury,DAY,N,N,N,N,N,Y,N,N,N,1,1,0,0,1,0,0,0,0,0,0,1,0,1,1,0,1,0,0,0,0,0,0,0,0,Y,1,0,N,0,0,0,0,0,0,2,1500,1500,1,0,0,Preliminary,Editor Mapped,434619.2549,3362506.423,30.39278091,-81.68057642
26361513,2024,7/27/2024 17:47,7/27/2024 18:42,FHP24ON0374553,L,1,2,41,40,Nassau,Fernandina Beach,Urban,7/27/2024 17:49,7/27/2024 17:50,7/27/2024 18:24,7/27/2024 20:11,Y,Law Enforcement,CR-108,,30.63996446,-81.44856767,184,East,CITRONA DR,,County,Paved,T-Intersection,N,Daylight,Cloudy,Dry,N,Other,Other Non-Fixed Object,On Roadway,N,Intersection,None,,,None,,,N,,,,,TPR,Florida Highway Patrol,Florida Highway Patrol (FHP),8/4/2024 19:15,8/4/2024 19:15,8,Y,Single Vehicle,Other,Serious Injury,Incapacitating Injury,DAY,N,N,N,N,N,N,Y,N,N,1,1,0,0,1,0,0,0,0,0,0,1,1,0,1,0,0,0,0,0,0,0,0,0,0,N,0,0,Y,1,0,0,0,0,0,1,3000,3000,1,0,0,Preliminary,Editor Mapped,457300.0424,3389794.404,30.64003407,-81.44561168
26438635,2024,12/17/2024 19:29,2/18/2025 9:32,FHP24ON0634382,L,2,2,2,38,Duval,Jacksonville,Urban,12/17/2024 19:39,12/17/2024 19:39,12/17/2024 19:39,12/17/2024 23:46,Y,Law Enforcement,INTERSTATE 95,,30.33246262,-81.67205915,201,South,BEAVER STREET,,Interstate,Paved,Not at Intersection,Y,Dark - Lighted,Clear,Dry,N,Front to Rear,Motor Vehicle in Transport,On Roadway,Y,Non-Junction,None,,,None,,,N,,,,,TPR,Florida Highway Patrol,Florida Highway Patrol (FHP),12/27/2024 20:04,3/11/2025 20:09,10,Y,Rear End,Rear End,Fatality,Fatal (within 30 days),NIGHT,N,Y,N,N,Y,N,N,Y,N,1,0,0,0,0,1,1,0,0,1,0,0,0,0,2,0,0,0,0,0,0,0,1,0,1,N,0,0,N,0,0,0,0,0,0,2,10000,10000,1,0,0,Preliminary,Computer mapped confident by address,435503.2161,3355927.264,30.33346156,-81.67097003
26382067,2024,12/1/2024 8:23,4/9/2025 12:12,FHP24ON0604382,L,1,1,20,0,St. Johns,Unincorporated,Rural,12/1/2024 8:36,12/1/2024 8:45,12/1/2024 9:19,12/1/2024 11:13,Y,Law Enforcement,STATE ROAD 9B,,30.0875,-81.52095,,,WEST PEYTON PARKWAY,,State,Paved,Not at Intersection,Y,Daylight,Clear,Dry,N,Other,Other Non-Collision,On Roadway,N,Non-Junction,None,,,None,,,N,,,,,TPR,Florida Highway Patrol,Florida Highway Patrol (FHP),12/11/2024 19:32,4/12/2025 19:14,10,Y,Single Vehicle,Other,Fatality,Fatal (within 30 days),DAY,N,N,N,N,N,N,N,Y,N,0,0,0,0,0,1,1,0,0,1,0,0,0,0,1,0,0,0,0,0,0,0,1,0,1,N,0,0,N,0,0,0,0,0,0,1,6000,6000,1,0,0,Preliminary,Computer plot approximate by lat/long,449799.6742,3328594.909,30.08749432,-81.52094679
26443526,2024,11/5/2024 5:35,1/9/2025 2:35,FHP24ON0558512,L,2,2,2,38,Duval,Jacksonville,Urban,11/5/2024 5:40,11/5/2024 6:01,11/5/2024 6:36,11/5/2024 9:25,Y,Law Enforcement,ST JOHN BLUFF ROAD,,30.31295,-81.52433,,,INTERSTATE 295,,Interstate,Paved,Not at Intersection,Y,Dark - Lighted,Clear,Dry,N,Angle,Motor Vehicle in Transport,On Roadway,N,Non-Junction,None,,,None,,,N,,,,,TPR,Florida Highway Patrol,Florida Highway Patrol (FHP),11/19/2024 20:12,3/13/2025 19:32,14,Y,Left Entering,Left Turn,Fatality,Fatal (within 30 days),NIGHT,N,N,N,N,Y,N,N,Y,N,0,1,1,0,0,1,1,0,0,1,0,0,0,0,2,0,0,0,0,0,0,0,1,0,1,N,0,0,N,0,0,0,0,1,5000,2,10000,15000,0,0,1,Preliminary,Editor Mapped,449520.1805,3353690.575,30.31394497,-81.52504757
26359311,2024,8/28/2024 7:30,2/27/2025 10:46,FHP24ON0431053,L,1,5,2,38,Duval,Jacksonville,Urban,8/28/2024 8:21,8/28/2024 8:37,8/28/2024 8:49,8/28/2024 10:39,Y,Law Enforcement,STATE ROAD 228 (NORMANDY BOULEVARD),,30.30521,-81.75424,0,,STATE ROAD 103 (LANE AVENUE),,State,Curb,Not at Intersection,Y,Daylight,Cloudy,Dry,N,Other,Pedalcycle,On Roadway,N,Non-Junction,None,,,None,,,N,,,,,TPR,Florida Highway Patrol,Florida Highway Patrol (FHP),8/31/2024 19:26,3/12/2025 19:30,3,Y,Bicycle,Bicycle,Fatality,Fatal (within 30 days),DAY,N,N,N,N,N,N,N,N,N,4,0,0,0,0,1,1,0,0,0,0,1,1,0,1,1,0,3,0,0,0,0,0,0,0,N,0,0,Y,0,1,0,0,0,0,1,7500,7500,1,0,0,Verified,n/a,427400.1242,3352810.125,30.30487479,-81.75504622
26439455,2024,11/28/2024 2:44,3/10/2025 8:57,FHP24ON0599730,L,2,3,2,38,Duval,Jacksonville,Urban,11/28/2024 2:49,11/28/2024 2:54,11/28/2024 3:05,11/28/2024 6:50,Y,Law Enforcement,INTERSTATE 95,,30.21593,-81.56816,0,,STATE ROAD 152,,Interstate,Paved,Not at Intersection,Y,Dark - Lighted,Clear,Dry,N,Front to Rear,Motor Vehicle in Transport,On Roadway,N,Non-Junction,None,,,None,,,N,,,,,TPR,Florida Highway Patrol,Florida Highway Patrol (FHP),12/20/2024 19:50,3/14/2025 19:53,22,Y,Rear End,Rear End,Fatality,Fatal (within 30 days),NIGHT,N,Y,N,N,N,N,N,Y,N,2,0,0,0,0,1,1,0,0,1,0,0,0,0,2,0,0,1,0,0,0,0,1,0,1,N,0,0,N,0,0,0,0,0,0,2,35000,35000,0,0,1,Preliminary,Computer mapped approximate by address,444808.9767,3343768.478,30.22420426,-81.57352677
26830115,2024,7/30/2024 14:41,7/30/2024 15:10,463792,L,2,5,2,38,Duval,Jacksonville,Urban,7/30/2024 14:41,7/30/2024 14:41,7/30/2024 15:01,7/30/2024 15:47,Y,Law Enforcement,FOURAKER RD,,30.28681832,-81.78137962,25,South,RAYMOND ST,,Local,Paved,Not at Intersection,N,Daylight,Clear,Dry,N,Front to Front,Motor Vehicle in Transport,On Roadway,N,Non-Junction,None,,,None,,,N,,,,,CSO,Jacksonville Sheriff's Office,Sheriff's Office (SO),8/2/2024 19:34,8/2/2024 19:34,3,Y,Head On,Head On,Serious Injury,Incapacitating Injury,DAY,N,N,N,N,N,N,N,Y,N,1,4,0,3,1,0,0,0,0,0,0,0,0,0,2,0,0,3,0,0,0,0,0,0,0,N,0,0,N,0,0,3,0,0,0,2,30000,30000,4,0,0,Preliminary,Editor Mapped,424854.5804,3350819.869,30.28676057,-81.78137571
26215914,2024,12/13/2024 1:44,12/13/2024 0:00,2024026427,L,1,1,48,0,Clay,Unincorporated,Rural,12/13/2024 1:44,12/13/2024 1:46,12/13/2024 1:51,12/13/2024 2:57,Y,Law Enforcement,LONG BAY RD/SONG SPARROW DR,,30.128811,-81.861517,0,South,,,Other,Unpaved,Not at Intersection,N,Dark - Lighted,Clear,Dry,N,,Tree (standing),Off Roadway,N,Non-Junction,None,,,None,,,N,,,,,PAT,Clay County Sheriff's Office,Sheriff's Office (SO),1/11/2025 19:25,1/11/2025 19:25,29,Y,Off Road,Off Road,Serious Injury,Incapacitating Injury,NIGHT,N,Y,N,Y,N,N,N,Y,N,0,1,0,0,1,0,0,0,0,0,0,0,0,0,1,0,0,0,0,0,0,0,0,0,0,N,0,0,N,0,0,0,0,0,0,1,20000,20000,1,0,0,Preliminary,Editor Mapped,417014.9366,3333370.477,30.12879753,-81.86151375
26828320,2024,12/26/2024 2:29,12/26/2024 3:36,780407,L,4,5,2,38,Duval,Jacksonville,Urban,12/26/2024 2:29,12/26/2024 2:29,12/26/2024 2:31,12/26/2024 5:40,Y,Law Enforcement,MATTHEWS BRIDGE,1,30.32731129,-81.61493069,2260,West,UNIVERSITY BLVD N/SR-109 RAMP,,State,Paved,Not at Intersection,N,Dark - Lighted,Clear,Dry,N,Front to Rear,Parked Motor Vehicle,On Roadway,N,Non-Junction,None,,,None,,,N,,,,,OFFICER,Jacksonville Sheriff's Office,Sheriff's Office (SO),12/27/2024 20:04,12/27/2024 20:04,1,Y,Parked Vehicle,Other,Serious Injury,Incapacitating Injury,NIGHT,N,Y,N,N,N,N,N,Y,N,1,4,3,0,1,0,0,0,0,0,0,3,0,0,1,0,0,1,2,2,1,0,0,0,0,N,0,0,N,0,0,0,0,0,0,4,15500,15500,2,0,0,Preliminary,Editor Mapped,440886.7007,3355214.541,30.32730553,-81.61492745
26828252,2024,10/4/2024 20:55,10/5/2024 13:26,610387,L,2,3,2,38,Duval,Jacksonville,Urban,10/4/2024 20:55,10/4/2024 20:57,10/4/2024 21:00,10/4/2024 23:00,Y,Law Enforcement,MERRILL RD,7300,30.35211854,-81.57517911,224,East,,,Local,Curb,Not at Intersection,N,Dark - Lighted,Clear,Dry,N,"Sideswipe, Same Direction",Motor Vehicle in Transport,On Roadway,N,Non-Junction,None,,,None,,,N,,,,,OFFICER,Jacksonville Sheriff's Office,Sheriff's Office (SO),10/5/2024 19:24,10/6/2024 19:19,1,Y,Same Direction Sideswipe,Sideswipe,Serious Injury,Incapacitating Injury,NIGHT,N,N,N,N,N,N,N,Y,N,1,2,1,0,1,0,0,0,0,1,0,0,0,0,2,0,0,1,0,0,0,0,1,1,0,N,0,0,N,0,0,0,0,0,0,2,15000,15000,2,0,0,Preliminary,Editor Mapped,444725.0378,3357937.524,30.35205849,-81.57514443
89465754,2024,10/5/2024 20:15,10/5/2024 20:43,612191,L,1,1,2,38,Duval,Jacksonville,Urban,10/5/2024 20:20,10/5/2024 20:21,10/5/2024 20:31,10/5/2024 22:48,Y,Law Enforcement,EULACE RD,5400,30.24745822,-81.73344093,70,North,5700 TIMUQUANA RD30,,Local,Paved,Not at Intersection,N,Dark - Lighted,Cloudy,Wet,N,Other,Other Fixed Object,Off Roadway,N,Non-Junction,None,,,None,,,N,,,,,OFFICER,Jacksonville Sheriff's Office,Sheriff's Office (SO),10/6/2024 19:19,10/6/2024 19:19,1,Y,Off Road,Off Road,Serious Injury,Incapacitating Injury,NIGHT,N,N,N,N,N,N,N,Y,N,0,1,0,0,1,0,0,0,0,0,0,1,0,1,0,0,0,0,0,0,0,0,0,0,0,Y,1,0,N,0,0,0,0,1,100,1,2000,2100,1,0,0,Preliminary,Editor Mapped,429441.8474,3346440.8,30.24752205,-81.7333861
89689404,2024,7/13/2024 3:07,7/13/2024 3:42,FHP24ON0348977,L,2,4,2,38,Duval,Jacksonville,Urban,7/13/2024 3:12,7/13/2024 3:13,7/13/2024 3:16,7/13/2024 6:32,Y,Law Enforcement,I-295,,30.19117385,-81.68863223,0,,US-17,,Interstate,Paved,Not at Intersection,Y,Dark - Lighted,Cloudy,Dry,N,Front to Rear,Motor Vehicle in Transport,On Roadway,N,Non-Junction,None,,,None,,,N,,,,,TPR,Florida Highway Patrol,Florida Highway Patrol (FHP),8/6/2024 19:43,8/6/2024 19:43,24,Y,Rear End,Rear End,Fatality,Fatal (within 30 days),NIGHT,N,N,N,Y,N,N,N,Y,N,3,0,0,0,0,1,1,0,0,0,0,0,0,0,2,0,0,2,2,0,0,1,0,0,0,N,0,0,N,0,0,0,0,0,0,2,30000,30000,1,0,0,Preliminary,Computer mapped approximate by address,431629.2912,3340204.596,30.19137427,-81.71024674
26215168,2024,10/17/2024 17:45,11/14/2024 0:00,2024022170,L,2,2,48,0,Clay,Unincorporated,Rural,10/17/2024 17:48,10/17/2024 17:58,10/17/2024 18:01,10/17/2024 20:30,Y,Law Enforcement,DISCOVERY DR,,30.15454,-81.831723,1421,North,DEVILWOOD ST,,Local,Curb,Not at Intersection,Y,Daylight,Clear,Dry,N,"Sideswipe, Same Direction",Motor Vehicle in Transport,On Roadway,N,Non-Junction,None,,,None,,,N,,,,,PAT,Clay County Sheriff's Office,Sheriff's Office (SO),11/2/2024 19:25,11/21/2024 19:27,16,Y,Same Direction Sideswipe,Sideswipe,Serious Injury,Incapacitating Injury,DAY,N,Y,N,N,N,Y,N,Y,N,0,2,1,0,1,0,0,0,0,0,0,0,0,0,2,0,0,0,0,0,0,0,0,0,0,N,0,0,N,0,0,0,0,0,0,2,20000,20000,1,0,0,Preliminary,Editor Mapped,419903.9406,3336233.756,30.15482756,-81.83174077
25325272,2024,10/8/2024 5:03,10/8/2024 6:25,616583,L,2,3,2,38,Duval,Jacksonville,Urban,10/8/2024 5:03,10/8/2024 5:03,10/8/2024 5:03,10/8/2024 8:33,Y,Law Enforcement,ARLINGTON EXPY,,30.32756152,-81.58502078,5216,West,ARLINGTON ROAD N,,State,Paved,Not at Intersection,N,Dark - Lighted,Clear,Dry,N,Other,Pedestrian,On Roadway,N,Non-Junction,Unknown,,,Unknown,,,N,,,,,OFFICER,Jacksonville Sheriff's Office,Sheriff's Office (SO),10/10/2024 0:50,10/10/2024 0:50,2,Y,Pedestrian,Pedestrian,Fatality,Fatal (within 30 days),NIGHT,N,N,N,N,N,N,N,N,N,2,0,0,0,0,1,1,0,0,0,0,1,0,1,2,0,0,0,1,0,0,0,0,0,0,Y,0,1,N,0,0,0,0,0,0,1,5000,5000,0,0,0,Preliminary,Editor Mapped,444115.5955,3355231.837,30.3276152,-81.58134121
25323380,2024,9/26/2024 6:23,10/30/2024 7:05,590736,L,1,3,2,38,Duval,Jacksonville,Urban,9/26/2024 6:25,9/26/2024 6:26,9/26/2024 6:28,9/26/2024 10:18,Y,Law Enforcement,KINGS ROAD,,30.34625213,-81.68963157,67,East,SEMINARY STREET,,U.S.,Curb,Not at Intersection,Y,Dark - Lighted,Rain,Wet,N,Other,Pedestrian,On Roadway,N,Non-Junction,None,,,None,,,N,,,,,DETECTIVE,Jacksonville Sheriff's Office,Sheriff's Office (SO),9/27/2024 19:27,11/8/2024 19:55,1,Y,Pedestrian,Pedestrian,Serious Injury,Incapacitating Injury,NIGHT,N,N,Y,N,N,N,N,N,N,2,1,0,0,1,0,0,0,0,0,0,1,0,1,1,0,0,1,0,0,0,0,0,0,0,Y,1,0,N,0,0,0,0,0,0,1,1000,1000,1,0,0,Preliminary,Editor Mapped,433718.2676,3357354.807,30.34624639,-81.6896283
25332646,2024,10/10/2024 7:52,10/10/2024 9:34,621558,L,1,2,2,38,Duval,Jacksonville,Urban,10/10/2024 7:53,10/10/2024 7:53,10/10/2024 8:01,10/10/2024 9:34,Y,Law Enforcement,AIRPORT ROAD,,30.48236252,-81.64809197,305,East,DUVAL ROAD,,Local,Unpaved,Not at Intersection,N,Daylight,Rain,Wet,N,Front to Front,Tree (standing),Off Roadway,N,Non-Junction,Road Surface Condition,,,Weather Conditions,,,N,,,,,OFFICER,Jacksonville Sheriff's Office,Sheriff's Office (SO),10/13/2024 19:17,10/13/2024 19:17,3,Y,Off Road,Off Road,Serious Injury,Incapacitating Injury,DAY,Y,N,N,N,N,N,N,Y,Y,0,2,0,1,1,0,0,0,0,0,0,0,0,0,1,0,0,1,1,1,1,0,0,0,0,N,0,0,N,0,0,0,0,0,0,1,10000,10000,2,0,0,Preliminary,Editor Mapped,437563.6328,3372407.898,30.48228221,-81.65052164
26112930,2024,4/3/2024 8:23,6/12/2024 9:01,204731,L,1,2,2,38,Duval,Jacksonville,Urban,4/3/2024 8:28,4/3/2024 8:33,4/3/2024 8:33,4/3/2024 10:51,Y,Law Enforcement,KINGS RD,,30.35105898,-81.70207969,58,East,DIVISION,,U.S.,Paved,Not at Intersection,Y,Daylight,Cloudy,Dry,N,Other,Motor Vehicle in Transport,On Roadway,N,Non-Junction,None,,,None,,,N,,,,,DETECTIVE,Jacksonville Sheriff's Office,Sheriff's Office (SO),4/4/2024 19:24,6/14/2024 19:33,1,Y,Single Vehicle,Other,Fatality,Fatal (within 30 days),DAY,N,N,N,N,N,N,N,N,N,1,0,0,0,0,1,1,0,0,0,0,1,0,1,1,1,0,0,0,0,0,0,0,0,0,Y,0,1,N,0,0,0,0,0,0,1,5000,5000,1,0,0,Preliminary,Editor Mapped,432525.1199,3357894.834,30.35105324,-81.70207642
26834940,2024,10/7/2024 7:46,10/7/2024 8:01,614636,L,2,2,2,38,Duval,Jacksonville,Urban,10/7/2024 7:46,10/7/2024 7:49,10/7/2024 7:55,10/7/2024 8:22,Y,Law Enforcement,OLD BAYMEADOWS RD,,30.22078034,-81.55455095,709,West,SR 115 (SOUTHSIDE BLVD),,Local,Curb,Four-Way Intersection,N,Daylight,Rain,Wet,N,Angle,Motor Vehicle in Transport,On Roadway,N,Intersection,None,,,None,,,N,,,,,CSO,Jacksonville Sheriff's Office,Sheriff's Office (SO),10/10/2024 19:26,10/10/2024 19:26,3,Y,Left Rear,Left Turn,Serious Injury,Incapacitating Injury,DAY,N,N,N,N,N,N,Y,N,N,0,2,1,0,1,0,0,0,0,0,0,0,0,0,2,0,1,0,0,0,0,0,0,0,0,N,0,0,N,0,0,0,0,0,0,2,17000,17000,1,0,0,Preliminary,Editor Mapped,446632.3067,3343381.826,30.2207967,-81.55456052
26199708,2024,12/5/2024 17:47,1/29/2025 0:00,240004157,L,1,2,2,40,Duval,Jacksonville Beach,Urban,12/5/2024 17:47,12/5/2024 17:47,12/5/2024 17:50,12/5/2024 20:00,N,Law Enforcement,12TH ST S,,30.288127,-81.401508,0,,BEACH BLVD,,State,Curb,Four-Way Intersection,Y,Dark - Lighted,Clear,Dry,N,,Pedestrian,On Roadway,N,Intersection,None,,,None,,,N,,,,,POLICE,Jacksonville Beach Police Department,Police Department (PD),12/7/2024 19:26,2/1/2025 19:28,2,Y,Pedestrian,Pedestrian,Fatality,Fatal (within 30 days),DAY,N,N,Y,N,N,N,Y,N,N,1,0,0,0,0,1,1,0,1,0,0,1,1,0,1,0,0,0,0,0,0,0,0,0,0,N,0,0,Y,0,1,0,0,0,0,0,0,0,1,0,0,Preliminary,Officer Mapped,461387.9663,3350780.408,30.28812082,-81.40150501
26425350,2024,11/1/2024 19:01,11/1/2024 20:10,FHP24ON0552826,L,2,3,48,44,Clay,Orange Park,Rural,11/1/2024 19:06,11/1/2024 19:08,11/1/2024 19:53,11/1/2024 20:45,Y,Law Enforcement,STATE ROAD 21,,30.13597,-81.77733,0,,PARKRIDGE AVENUE,,State,Curb,T-Intersection,N,Dark - Lighted,Clear,Dry,N,Other,Overturn/Rollover,On Roadway,N,Intersection,None,,,None,,,N,,,,,TPR,Florida Highway Patrol,Florida Highway Patrol (FHP),12/7/2024 19:26,12/7/2024 19:26,36,Y,Rollover,Rollover,Serious Injury,Incapacitating Injury,NIGHT,N,N,N,N,N,N,Y,N,N,2,1,0,0,1,0,0,0,0,1,0,0,0,0,2,0,0,1,0,0,0,0,1,1,0,N,0,0,N,0,0,1,0,0,0,1,5000,5000,1,0,0,Preliminary,Editor Mapped,425127.9046,3334125.127,30.13613274,-81.77734875
26215706,2024,11/27/2024 10:30,11/27/2024 0:00,2024025254,L,2,5,48,0,Clay,Unincorporated,Rural,11/27/2024 10:38,11/27/2024 10:40,11/27/2024 10:47,11/27/2024 12:17,Y,Law Enforcement,SR-16,,29.964594,-82.016455,309,South,SR-230,,County,Unpaved,Four-Way Intersection,N,Daylight,Clear,Dry,N,Front to Front,Motor Vehicle in Transport,On Roadway,Y,Other,None,,,None,,,N,,,,,PSA,Clay County Sheriff's Office,Sheriff's Office (SO),12/7/2024 19:26,12/7/2024 19:26,10,Y,Head On,Head On,Serious Injury,Incapacitating Injury,DAY,N,N,N,N,N,N,N,Y,N,4,1,0,0,1,0,0,0,0,0,0,0,0,0,2,1,0,3,0,0,0,0,0,0,0,N,0,0,N,0,0,0,0,0,0,2,4500,4500,1,0,0,Preliminary,Editor Mapped,401928.4717,3315293.822,29.96456883,-82.0164487
26250521,2024,6/23/2024 22:40,6/23/2024 23:09,SJSO24CAD138305,L,1,2,20,50,St. Johns,St. Augustine,Rural,6/23/2024 22:41,6/23/2024 22:42,6/23/2024 22:43,6/24/2024 0:07,Y,Law Enforcement,US 1 S SB,,29.80044,-81.32036,402,North,WATSON RD,,U.S.,Unpaved,Not at Intersection,N,Dark - Not Lighted,Clear,Dry,N,Other,Pedestrian,On Roadway,N,Non-Junction,None,,,None,,,N,,,,,LE DEPUTY,St. Johns County Sheriff's Office,Sheriff's Office (SO),6/28/2024 19:32,6/28/2024 19:32,5,Y,Pedestrian,Pedestrian,Serious Injury,Incapacitating Injury,NIGHT,N,N,N,N,N,N,N,N,N,1,1,0,0,1,0,0,0,0,0,0,1,0,0,1,0,1,0,0,0,0,0,0,0,0,N,0,0,N,0,0,1,0,1,500,1,1000,1500,1,0,0,Preliminary,Editor Mapped,469017.4461,3296830.076,29.80147039,-81.32059981
26110024,2024,8/10/2024 1:20,8/10/2024 2:07,486779,L,1,1,2,38,Duval,Jacksonville,Urban,8/10/2024 1:20,8/10/2024 1:26,8/10/2024 1:31,8/10/2024 2:09,Y,Law Enforcement,OLD ROOSEVELT BLVD,,30.31021339,-81.70923118,109,East,ROOSEVELT BLVD,,Local,Paved,Not at Intersection,N,Dark - Unknown Lighting,Clear,Dry,N,Front to Front,Utility Pole/Light Support,On Roadway,N,Crossover-Related,None,,,None,,,N,,,,,OFFICER,Jacksonville Sheriff's Office,Sheriff's Office (SO),8/11/2024 19:15,8/11/2024 19:15,1,Y,Off Road,Off Road,Serious Injury,Incapacitating Injury,NIGHT,N,N,N,N,N,N,N,Y,N,0,1,0,0,1,0,0,0,0,0,0,0,0,0,1,0,0,0,0,0,0,0,0,0,0,N,0,0,N,0,0,1,0,1,25000,1,20000,45000,1,0,0,Preliminary,Editor Mapped,431872.3756,3353384.382,30.31031669,-81.7085747