REPORT_NUMBER,CRASH_YEAR,CRASH_DATE_AND_TIME,REPORT_DATE_AND_TIME,INVESTIGATING_AGENCY_REPORT_NUMBER,FORM_TYPE,TOTAL_NUMBER_OF_VEHICLES,TOTAL_NUMBER_OF_PERSONS,COUNTY_CODE,CITY_CODE,COUNTY_NAME,CITY_NAME,RURAL_OR_URBAN,NOTIFIED_TIME,DISPATCHED_TIME,ARRIVED_TIME,CLEARED_TIME,COMPLETED_FLAG,NOTIFIED_BY,ON_STREET_ROAD_HIGHWAY,STREET_ADDRESS_NUMBER,LATITUDE,LONGITUDE,FEET_FROM_INTERSECTION,DIRECTION_FROM_INTERSECTION,FROM_INTERSECTION_OF,MILEPOST_NUMBER,ROAD_SYSTEM_IDENTIFER,TYPE_OF_SHOULDER,TYPE_OF_INTERSECTION,PHOTOS_TAKEN,LIGHT_CONDITION,WEATHER_CONDITION,ROAD_SURFACE_CONDITION,SCHOOL_BUS_RELATED_CODE,TYPE_OF_IMPACT,FIRST_HARMFUL_EVENT,LOCATION,INTERCHANGE_FLAG,JUNCTION_FLAG,ROAD_CIRCUMSTANCES_1,ROAD_CIRCUMSTANCES_2,ROAD_CIRCUMSTANCES_3,ENVIRONMENT_CIRCUMSTANCES_1,ENVIRONMENT_CIRCUMSTANCES_2,ENVIRONMENT_CIRCUMSTANCES_3,WORK_ZONE_RELATED_FLAG,CRASH_IN_WORK_ZONE,TYPE_OF_WORK_ZONE,WORKERS_PRESENT,LAW_ENFORCEMENT_PRESENT,INVESTIGATOR_RANK,INVESTIGATING_AGENCY_NAME,INVESTIGATING_AGENCY_TYPE,LOAD_DATE,UPDATE_DATE,DAYS_TO_LOAD,CODEABLE,S4_CRASH_TYPE,S4_CRASH_TYPE_SIMPLIFIED,S4_CRASH_SEVERITY,S4_CRASH_SEVERITY_DETAIL,S4_DAY_OR_NIGHT,S4_IS_AGGRESSIVE_DRIVING,S4_IS_ALCOHOL_RELATED,S4_IS_CMV_INVOLVED,S4_IS_DISTRACTED,S4_IS_DRUG_RELATED,S4_IS_HIT_AND_RUN,S4_IS_INTERSECTION_RELATED,S4_IS_LANE_DEPARTURE_RELATED,S4_IS_SPEEDING_RELATED,S4_NONE_INJURY_COUNT,S4_INJURY_COUNT,S4_POSSIBLE_INJURY_COUNT,S4_NON_INCAPACITATING_INJURY_COUNT,S4_INCAPACITATING_INJURY_COUNT,S4_FATALITY_COUNT,S4_FATALITY_WITHIN_30_DAYS_COUNT,S4_NON_TRAFFIC_FATALITY_COUNT,S4_TRAILER_COUNT,S4_MOTORCYCLE_COUNT,S4_MOPED_COUNT,S4_NON_MOTORIST_COUNT,S4_BICYCLIST_COUNT,S4_PEDESTRIAN_COUNT,S4_DRIVER_COUNT,S4_AGING_DRIVER_COUNT,S4_TEENAGER_DRIVER_COUNT,S4_PASSENGER_COUNT,S4_UNRESTRAINED_COUNT,S4_UNRESTRAINED_INJURY_COUNT,S4_UNRESTRAINED_INCAPACITATING_INJURY_COUNT,S4_UNRESTRAINED_FATALITY_COUNT,S4_MOTORCYCLIST_COUNT,S4_MOTORCYCLIST_INCAPACITATING_INJURY_COUNT,S4_MOTORCYCLIST_FATALITY_COUNT,S4_IS_PEDESTRIAN_INVOLVED,S4_PEDESTRIAN_INCAPACITATING_INJURY_COUNT,S4_PEDESTRIAN_FATALITY_COUNT,S4_IS_BICYCLIST_INVOLVED,S4_BICYCLIST_INCAPACITATING_INJURY_COUNT,S4_BICYCLIST_FATALITY_COUNT,S4_CITATION_COUNT,S4_CITATION_AMOUNT,S4_PROPERTY_DAMAGE_COUNT,S4_PROPERTY_DAMAGE_AMOUNT,S4_VEHICLE_DAMAGE_COUNT,S4_VEHICLE_DAMAGE_AMOUNT,S4_TOTAL_DAMAGE_AMOUNT,S4_TRANSPORT_BY_EMS_COUNT,S4_TRANSPORT_BY_LAW_ENFORCEMENT_COUNT,S4_TRANSPORT_BY_OTHER_COUNT,S4_GEOLOCATION_STATUS,S4_PRELIMINARY_GEOLOCATION_STATUS,S4_X,S4_Y,S4_LATITUDE,S4_LONGITUDE
84930578,2024,8/14/2024 0:37,9/18/2024 8:54,495484,L,1,2,2,38,Duval,Jacksonville,Urban,8/14/2024 0:38,8/14/2024 0:39,8/14/2024 0:51,8/14/2024 4:47,Y,Law Enforcement,GARDEN STREET,,30.40789833,-81.80123124,1773,East,MESSER ROAD,,Local,Unpaved,Not at Intersection,Y,Dark - Not Lighted,Cloudy,Dry,N,Other,Pedestrian,On Roadway,N,Non-Junction,None,,,None,,,N,,,,,DETECTIVE,Jacksonville Sheriff's Office,Sheriff's Office (SO),8/15/2024 19:28,9/24/2024 19:54,1,Y,Pedestrian,Pedestrian,Fatality,Fatal (within 30 days),NIGHT,N,N,N,N,N,N,N,N,N,1,0,0,0,0,1,1,0,0,0,0,1,0,1,1,0,1,0,0,0,0,0,0,0,0,Y,0,1,N,0,0,0,0,1,1500,1,5000,6500,0,0,0,Preliminary,Officer Mapped,423040.1674,3364256.936,30.40789258,-81.80122794
26215277,2024,10/20/2024 17:08,11/22/2024 0:00,2024022395,L,1,1,48,0,Clay,Unincorporated,Rural,10/20/2024 17:13,10/20/2024 17:15,10/20/2024 17:22,10/20/2024 18:00,N,Law Enforcement,PEPPERGRASS ST,4580,30.054638,-81.904222,456,West,,,Other,Unpaved,Not at Intersection,Y,Daylight,Cloudy,Dry,N,,Ditch,Shoulder,N,Non-Junction,None,,,None,,,N,,,,,DEPUTY,Clay County Sheriff's Office,Sheriff's Office (SO),10/26/2024 19:26,11/29/2024 19:44,6,Y,Off Road,Off Road,Serious Injury,Incapacitating Injury,DAY,N,Y,N,N,Y,N,N,Y,N,0,1,0,0,1,0,0,0,0,0,0,0,0,0,1,0,0,0,1,1,1,0,0,0,0,N,0,0,N,0,0,0,0,2,500,1,10000,10500,1,0,0,Preliminary,Editor Mapped,412831.5903,3325180.227,30.05460189,-81.90426614
26826260,2024,6/5/2024 0:46,6/5/2024 1:06,344788,L,3,1,2,38,Duval,Jacksonville,Urban,6/5/2024 0:46,6/5/2024 0:46,6/5/2024 0:55,6/5/2024 2:06,Y,Law Enforcement,KING ST,,30.31346215,-81.69577844,127,North,POST ST,,Local,Curb,Not at Intersection,N,Dark - Lighted,Clear,Dry,N,Front to Rear,Parked Motor Vehicle,On Roadway,N,Non-Junction,None,,,None,,,N,,,,,OFFICER,Jacksonville Sheriff's Office,Sheriff's Office (SO),6/14/2024 19:33,6/14/2024 19:33,9,Y,Parked Vehicle,Other,Serious Injury,Incapacitating Injury,NIGHT,N,N,N,N,N,N,N,Y,N,0,1,0,0,1,0,0,0,0,0,0,0,0,0,1,0,0,0,0,0,0,0,0,0,0,N,0,0,N,0,0,1,0,0,0,3,8600,8600,1,0,0,Preliminary,Editor Mapped,433097.127,3353736.555,30.3135629,-81.69585968
26438204,2024,12/20/2024 10:45,5/20/2025 16:36,FHP24ON0639136,L,1,2,48,0,Clay,Unincorporated,Rural,12/20/2024 10:45,12/20/2024 10:47,12/20/2024 11:12,12/20/2024 16:00,Y,Law Enforcement,US-17,,29.8825,-81.66541,0,,CROWL RD,,U.S.,Paved,Not at Intersection,Y,Daylight,Clear,Dry,N,Other,Motor Vehicle in Transport,Off Roadway,N,Non-Junction,None,,,None,,,N,,,,,TPR,Florida Highway Patrol,Florida Highway Patrol (FHP),2/4/2025 19:59,5/30/2025 3:31,46,Y,Single Vehicle,Other,Fatality,Fatal (within 30 days),DAY,N,N,N,N,N,N,N,Y,N,0,1,1,0,0,1,1,0,0,0,0,0,0,0,1,0,0,1,0,0,0,0,0,0,0,N,0,0,N,0,0,0,0,0,0,1,9500,9500,2,0,0,Preliminary,Computer plot approximate by lat/long,435765.1948,3305950.673,29.8824943,-81.66521681
26443425,2024,11/29/2024 14:30,2/10/2025 13:51,FHP24ON0601810,L,3,4,20,0,St. Johns,Unincorporated,Rural,11/29/2024 14:31,11/29/2024 14:34,11/29/2024 14:35,11/29/2024 15:33,Y,Law Enforcement,STATE ROAD 207,,29.84629,-81.36199,,,RIO SAN JUAN ROAD,,State,Curb,Four-Way Intersection,N,Daylight,Cloudy,Dry,N,Angle,Motor Vehicle in Transport,On Roadway,Y,Intersection,None,,,None,,,N,,,,,TPR,Florida Highway Patrol,Florida Highway Patrol (FHP),12/13/2024 20:04,3/8/2025 19:28,14,Y,Left Entering,Left Turn,Fatality,Fatal (within 30 days),DAY,N,N,N,N,N,N,Y,N,N,2,1,0,1,0,1,1,0,0,0,0,0,0,0,3,1,1,1,0,0,0,0,0,0,0,N,0,0,N,0,0,0,0,0,0,3,16200,16200,2,0,0,Preliminary,Editor Mapped,465035.3119,3301805.867,29.8462689,-81.36196708
26109847,2024,10/13/2024 11:02,10/13/2024 11:40,627683,L,2,2,2,38,Duval,Jacksonville,Urban,10/13/2024 11:02,10/13/2024 11:02,10/13/2024 11:02,10/13/2024 12:00,Y,Law Enforcement,SOUTEL DR,,30.39156547,-81.73050184,83,South,MONCRIEF RD W,,County,Curb,Four-Way Intersection,N,Daylight,Clear,Dry,N,Front to Rear,Motor Vehicle in Transport,On Roadway,N,Intersection-Related,None,,,None,,,N,,,,,OFFICER,Jacksonville Sheriff's Office,Sheriff's Office (SO),10/14/2024 19:41,10/14/2024 19:41,1,Y,Rear End,Rear End,Serious Injury,Incapacitating Injury,DAY,N,N,N,N,N,N,Y,N,N,1,1,0,0,1,0,0,0,0,0,0,0,0,0,2,0,0,0,1,1,1,0,0,0,0,N,0,0,N,0,0,2,0,0,0,2,3000,3000,1,0,0,Preliminary,Editor Mapped,429817.6566,3362394.858,30.39150429,-81.73054755
82386127,2024,8/9/2024 10:40,8/9/2024 13:03,SJSO24CAD175122,L,1,2,20,50,St. Johns,St. Augustine,Rural,8/9/2024 10:44,8/9/2024 10:45,8/9/2024 10:46,8/9/2024 11:05,Y,Law Enforcement,US HWY 1S,2255,29.85594,-81.32284,,,PARKING LOT,,Parking Lot,Unpaved,Not at Intersection,Y,Daylight,Clear,Dry,N,Angle,Pedalcycle,In Parking Lane or Zone,N,Driveway/Alley Access Related,None,,,None,,,N,,,,,PSA,St. Johns County Sheriff's Office,Sheriff's Office (SO),8/11/2024 19:15,8/11/2024 19:15,2,Y,Bicycle,Bicycle,Serious Injury,Incapacitating Injury,DAY,N,N,N,Y,N,N,N,N,N,1,1,0,0,1,0,0,0,0,0,0,1,1,0,1,0,0,0,0,0,0,0,0,0,0,N,0,0,Y,1,0,1,0,0,0,1,3000,3000,1,0,0,Preliminary,Editor Mapped,468793.2416,3302789.195,29.85524402,-81.32309275
26359322,2024,9/6/2024 23:46,10/1/2024 8:48,FHP24ON0449540,L,2,2,41,0,Nassau,Unincorporated,Rural,9/6/2024 23:51,9/7/2024 0:00,9/7/2024 0:47,9/7/2024 4:56,Y,Law Enforcement,INTERSTATE 95,,30.73135,-81.66085,6035,North,US HIGHWAY 17,,Interstate,Paved,Not at Intersection,Y,Dark - Not Lighted,Cloudy,Dry,N,Front to Rear,Motor Vehicle in Transport,On Roadway,N,Entrance/Exit Ramp,None,,,None,,,N,,,,,TPR,Florida Highway Patrol,Florida Highway Patrol (FHP),9/24/2024 19:53,10/3/2024 0:55,18,Y,Rear End,Rear End,Fatality,Fatal (within 30 days),NIGHT,N,Y,Y,N,Y,N,N,N,N,1,0,0,0,0,1,1,0,1,0,0,0,0,0,2,0,0,0,1,0,0,1,0,0,0,N,0,0,N,0,0,0,0,0,0,2,11000,11000,0,0,1,Preliminary,Editor Mapped,436738.2026,3400010.535,30.73130238,-81.66081003
26425311,2024,9/12/2024 0:30,1/20/2025 6:25,FHP24ON0458585,L,1,1,2,38,Duval,Jacksonville,Urban,9/12/2024 0:35,9/12/2024 0:38,9/12/2024 0:46,9/12/2024 4:50,N,Law Enforcement,INTERSTATE 95,,30.40075,-81.66503,2198,West,EDGEWOOD AVENUE,,Interstate,Paved,Not at Intersection,Y,Dark - Lighted,Cloudy,Wet,N,Other,Pedestrian,On Roadway,N,Non-Junction,None,,,None,,,N,,,,,TPR,Florida Highway Patrol,Florida Highway Patrol (FHP),9/24/2024 19:53,1/21/2025 19:50,12,Y,Pedestrian,Pedestrian,Fatality,Fatal (within 30 days),NIGHT,N,N,N,N,N,Y,N,N,N,0,0,0,0,0,1,1,0,0,0,0,1,0,1,0,0,0,0,0,0,0,0,0,0,0,Y,0,1,N,0,0,0,0,0,0,0,0,0,1,0,0,Preliminary,Editor Mapped,436120.3602,3363373.913,30.40068914,-81.66500469
26386216,2024,8/9/2024 12:10,8/9/2024 13:21,FHP24ON0397757,L,1,3,20,0,St. Johns,Unincorporated,Rural,8/9/2024 12:20,8/9/2024 12:24,8/9/2024 12:49,8/9/2024 18:52,Y,Law Enforcement,3199 STATE ROAD 13,,30.0432,-81.66654,1047,South,SWAMP OAK  TRAIL,,State,Unpaved,Not at Intersection,N,Daylight,Clear,Dry,N,Other,Mailbox,Off Roadway,N,Non-Junction,None,,,None,,,N,,,,,TPR,Florida Highway Patrol,Florida Highway Patrol (FHP),8/12/2024 19:36,8/12/2024 19:36,3,Y,Off Road,Off Road,Serious Injury,Incapacitating Injury,DAY,N,N,Y,N,N,N,N,Y,N,0,3,0,0,3,0,0,0,0,0,0,0,0,0,1,0,0,2,0,0,0,0,0,0,0,N,0,0,N,0,0,1,0,2,5100,1,10000,15100,3,0,0,Preliminary,Editor Mapped,435675.1083,3323445.537,30.04036413,-81.66720335
26381542,2024,9/28/2024 11:12,12/6/2024 11:58,FHP24ON0487843,L,3,9,48,42,Clay,Keystone Heights,Rural,9/28/2024 11:18,9/28/2024 11:30,9/28/2024 11:48,9/28/2024 17:44,Y,Law Enforcement,SR-21,,29.82038599,-81.9955232,263,East,CR-352,,State,Paved,T-Intersection,Y,Daylight,Cloudy,Dry,N,Other,Motor Vehicle in Transport,On Roadway,N,Driveway/Alley Access Related,None,,,None,,,N,,,,,TPR,Florida Highway Patrol,Florida Highway Patrol (FHP),10/4/2024 19:44,12/7/2024 19:26,6,Y,Left Entering,Left Turn,Fatality,Fatal (within 30 days),DAY,N,N,N,N,N,N,N,N,N,0,8,1,7,0,1,1,0,1,0,0,0,0,0,3,0,0,6,5,4,0,1,0,0,0,N,0,0,N,0,0,0,0,0,0,3,50000,50000,8,0,0,Preliminary,Editor Mapped,403807.9745,3299295.895,29.82036216,-81.99553557
26117149,2024,4/13/2024 9:00,6/18/2024 12:16,227729,L,1,1,2,38,Duval,Jacksonville,Urban,4/13/2024 9:01,4/13/2024 9:02,4/13/2024 9:08,4/13/2024 11:46,Y,Law Enforcement,SR 212 (10108 BEACH BLVD),,30.28641759,-81.55116523,812,,PEACH DR,,State,Unpaved,Not at Intersection,Y,Daylight,Clear,Dry,N,,Ditch,Off Roadway,N,Non-Junction,None,,,None,,,N,,,,,DETECTIVE,Jacksonville Sheriff's Office,Sheriff's Office (SO),4/18/2024 1:24,6/20/2024 1:29,5,Y,Off Road,Off Road,Fatality,Fatal (within 30 days),DAY,N,Y,N,N,Y,N,N,Y,N,0,0,0,0,0,1,1,0,0,0,0,0,0,0,1,0,0,0,1,0,0,1,0,0,0,N,0,0,N,0,0,0,0,0,0,1,10000,10000,1,0,0,Preliminary,Editor Mapped,446995.2566,3350650.09,30.28640028,-81.55115518
26305166,2024,6/20/2024 10:40,6/20/2024 11:45,FHP24ON0309094,L,2,2,20,0,St. Johns,Unincorporated,Rural,6/20/2024 10:46,6/20/2024 10:58,6/20/2024 11:12,6/20/2024 12:44,Y,Law Enforcement,STATE ROAD 207,,29.7790692,-81.43037637,1028,East,BROUGH ROAD,,State,Unpaved,Not at Intersection,N,Daylight,Cloudy,Dry,N,Front to Front,Motor Vehicle in Transport,On Roadway,N,Non-Junction,None,,,None,,,N,,,,,TPR,Florida Highway Patrol,Florida Highway Patrol (FHP),7/5/2024 19:22,7/5/2024 19:22,15,Y,Head On,Head On,Serious Injury,Incapacitating Injury,DAY,N,N,N,Y,N,N,N,Y,N,0,2,0,1,1,0,0,0,0,0,0,0,0,0,2,0,0,0,0,0,0,0,0,0,0,N,0,0,N,0,0,1,0,0,0,2,20000,20000,2,0,0,Preliminary,Editor Mapped,457558.6263,3294130.92,29.77677073,-81.43906401
26199575,2024,10/13/2024 15:47,10/13/2024 0:00,240003530,L,1,1,2,40,Duval,Jacksonville Beach,Urban,10/13/2024 15:51,10/13/2024 15:51,10/13/2024 15:56,10/13/2024 16:43,Y,Law Enforcement,5TH AVE N,,30.292984,-81.397815,173,West,7TH ST N,,Local,Paved,Not at Intersection,Y,Daylight,Clear,Dry,N,,Other Non-Collision,On Roadway,N,Non-Junction,Other,None,,None,,,N,,,,,OFC,Jacksonville Beach Police Department,Police Department (PD),10/15/2024 20:04,10/15/2024 20:04,2,Y,Single Vehicle,Other,Serious Injury,Incapacitating Injury,DAY,Y,N,N,N,N,N,N,N,Y,0,1,0,0,1,0,0,0,1,1,0,0,0,0,1,0,0,0,0,0,0,0,1,1,0,N,0,0,N,0,0,0,0,0,0,1,5000,5000,1,0,0,Preliminary,Editor Mapped,461738.6023,3351317.915,30.29298241,-81.39787859
26830901,2024,8/12/2024 6:00,8/12/2024 6:14,490797,L,1,2,2,38,Duval,Jacksonville,Urban,8/12/2024 6:00,8/12/2024 6:09,8/12/2024 6:30,8/12/2024 7:38,Y,Law Enforcement,BEACH BLVD,6006,30.29166788,-81.60190105,213,North,,,Parking Lot,Curb,Not at Intersection,N,Dawn,Clear,Dry,N,Angle,Pedestrian,In Parking Lane or Zone,N,Driveway/Alley Access Related,None,,,None,,,N,,,,,CSO,Jacksonville Sheriff's Office,Sheriff's Office (SO),8/15/2024 1:20,8/15/2024 1:20,3,Y,Pedestrian,Pedestrian,Serious Injury,Incapacitating Injury,NIGHT,N,N,N,N,N,N,N,N,N,1,1,0,0,1,0,0,0,0,0,0,1,1,0,1,0,0,0,0,0,0,0,0,0,0,N,0,0,Y,1,0,1,0,1,5000,1,4000,9000,1,0,0,Preliminary,Editor Mapped,442108.3439,3351254.578,30.2916312,-81.60200145
26831089,2024,8/9/2024 17:50,8/9/2024 18:14,486018,L,1,4,2,38,Duval,Jacksonville,Urban,8/9/2024 17:50,8/9/2024 17:50,8/9/2024 18:01,8/9/2024 19:27,Y,Law Enforcement,KENNERLY RD,,30.28427944,-81.60530325,65,East,PELICAN RD,,Local,Curb,Not at Intersection,N,Daylight,Clear,Dry,N,Angle,Motor Vehicle in Transport,Roadside,N,Driveway/Alley Access Related,None,,,None,,,N,,,,,CSO,Jacksonville Sheriff's Office,Sheriff's Office (SO),8/15/2024 1:20,8/15/2024 1:20,6,Y,Single Vehicle,Other,Serious Injury,Incapacitating Injury,DAY,N,N,N,N,N,N,N,N,N,3,1,0,0,1,0,0,0,0,0,0,1,1,0,1,0,0,2,0,0,0,0,0,0,0,N,0,0,Y,1,0,1,0,1,2000,1,1000,3000,1,0,0,Preliminary,Editor Mapped,441786.5834,3350440.175,30.28426683,-81.60530208
85969497,2024,8/7/2024 21:44,8/20/2024 16:24,SJSO24OFF08148,L,2,3,20,50,St. Johns,St. Augustine,Urban,8/7/2024 21:44,8/7/2024 21:45,8/7/2024 21:47,8/8/2024 0:44,N,Law Enforcement,A1A BEACH BLVD,,29.84733,-81.26741,0,,3RD ST,,Local,Paved,Four-Way Intersection,Y,Dark - Lighted,Cloudy,Wet,N,Front to Front,Motor Vehicle in Transport,On Roadway,Y,Intersection,Road Surface Condition,"Worn, Travel-Polished Surface",,Weather Conditions,,,N,,,,,LE DEPUTY,St. Johns County Sheriff's Office,Sheriff's Office (SO),8/15/2024 1:20,8/30/2024 19:46,8,Y,Left Entering,Left Turn,Serious Injury,Incapacitating Injury,NIGHT,Y,Y,N,Y,Y,N,Y,N,Y,0,3,0,0,3,0,0,0,0,0,0,0,0,0,2,0,0,1,0,0,0,0,0,0,0,N,0,0,N,0,0,0,0,0,0,2,70000,70000,3,0,0,Preliminary,Editor Mapped,474169.7268,3301816.915,29.84659394,-81.26740559
89761045,2024,7/29/2024 7:41,7/29/2024 8:52,FHP24ON0376987,L,1,2,20,0,St. Johns,Unincorporated,Rural,7/29/2024 7:48,7/29/2024 7:52,7/29/2024 8:20,7/29/2024 10:41,Y,Law Enforcement,SR A1A,,30.08579102,-81.33800691,1056616290,North,GTM RESEARCH PRESERVE ENTRANCE,,U.S.,Paved,Not at Intersection,Y,Daylight,Clear,Dry,N,Front to Rear,Motor Vehicle in Transport,Off Roadway,N,Other,None,,,None,,,N,,,,,TPR,Florida Highway Patrol,Florida Highway Patrol (FHP),8/15/2024 1:20,8/15/2024 1:20,17,Y,Single Vehicle,Other,Serious Injury,Incapacitating Injury,DAY,N,N,N,N,N,N,N,Y,N,1,1,0,0,1,0,0,0,0,0,0,1,1,0,1,0,0,0,0,0,0,0,0,0,0,N,0,0,Y,1,0,1,0,1,1000,1,2000,3000,1,0,0,Preliminary,Editor Mapped,467433.1427,3328340.562,30.08579697,-81.33795354
26105637,2024,8/12/2024 21:40,8/12/2024 22:02,492756,L,1,2,2,38,Duval,Jacksonville,Urban,8/12/2024 21:41,8/12/2024 21:44,8/12/2024 21:47,8/12/2024 22:03,Y,Law Enforcement,WILSON BLVD,,30.27049871,-81.73696837,313,West,BLANDING BLVD,,State,Curb,Not at Intersection,N,Dark - Lighted,Clear,Dry,N,Angle,Pedestrian,On Roadway,N,Non-Junction,None,,,None,,,N,,,,,OFFICER,Jacksonville Sheriff's Office,Sheriff's Office (SO),8/15/2024 1:20,8/15/2024 1:20,3,Y,Pedestrian,Pedestrian,Serious Injury,Incapacitating Injury,NIGHT,N,N,N,N,N,N,N,N,N,1,1,0,0,1,0,0,0,0,0,0,1,0,1,1,0,0,0,0,0,0,0,0,0,0,Y,1,0,N,0,0,0,0,0,0,0,0,0,1,0,0,Preliminary,Editor Mapped,429114.0073,3348988.596,30.27049299,-81.73696509
26113897,2024,11/29/2024 16:45,11/29/2024 16:56,727521,L,2,2,2,38,Duval,Jacksonville,Urban,11/29/2024 16:45,11/29/2024 16:46,11/29/2024 16:49,11/29/2024 17:20,Y,Law Enforcement,WHITE SANDS DR,,30.3010856,-81.56203839,623,South,SHELL ISLAND DR,,Local,Curb,Not at Intersection,N,Dusk,Rain,Wet,N,Front to Front,Motor Vehicle in Transport,On Roadway,N,Non-Junction,Road Surface Condition,,,Weather Conditions,,,N,,,,,OFFICER,Jacksonville Sheriff's Office,Sheriff's Office (SO),11/30/2024 19:20,11/30/2024 19:20,1,Y,Head On,Head On,Serious Injury,Incapacitating Injury,DAY,N,N,N,N,N,N,N,Y,N,0,2,1,0,1,0,0,0,0,0,0,0,0,0,2,0,0,0,0,0,0,0,0,0,0,N,0,0,N,0,0,2,0,0,0,2,15000,15000,1,0,0,Preliminary,Editor Mapped,445956.9585,3352281.943,30.30107985,-81.56203516
26199431,2024,8/13/2024 7:20,8/13/2024 0:00,240002692,L,1,2,2,40,Duval,Jacksonville Beach,Urban,8/13/2024 7:20,8/13/2024 7:20,8/13/2024 7:25,8/13/2024 8:00,Y,Law Enforcement,3RD ST S,3790,30.258337,-81.388795,,,,,State,Curb,Not at Intersection,N,Daylight,Clear,Dry,N,,Pedestrian,On Roadway,N,Non-Junction,None,,,None,,,N,,,,,POLICE,Jacksonville Beach Police Department,Police Department (PD),8/15/2024 1:20,8/15/2024 1:20,2,Y,Pedestrian,Pedestrian,Serious Injury,Incapacitating Injury,DAY,N,N,N,N,N,N,N,N,N,1,1,0,0,1,0,0,0,0,0,0,1,1,0,1,1,0,0,0,0,0,0,0,0,0,N,0,0,Y,1,0,0,0,0,0,1,500,500,1,0,0,Preliminary,Editor Mapped,462593.5469,3347472.262,30.25830588,-81.3888514
26841765,2024,12/6/2024 1:40,2/3/2025 8:29,740381,L,1,1,2,38,Duval,Jacksonville,Urban,12/6/2024 1:40,12/6/2024 1:40,12/6/2024 1:49,12/6/2024 2:35,Y,Law Enforcement,RAMP FROM ROOSEVELT BLVD TO BLANDING BLVD,,30.29941111,-81.72035099,308,South,ROOSEVELT BLVD,,U.S.,Curb,Not at Intersection,N,Dark - Lighted,Rain,Wet,N,Other,"Other Post, Pole or Support",Off Roadway,N,Through Roadway,None,,,Weather Conditions,,,N,,,,,OFFICER,Jacksonville Sheriff's Office,Sheriff's Office (SO),12/7/2024 19:26,2/4/2025 20:00,1,Y,Off Road,Off Road,Fatality,Fatal (within 30 days),NIGHT,Y,Y,N,N,Y,N,N,Y,Y,0,0,0,0,0,1,1,0,0,0,0,0,0,0,1,0,0,0,0,0,0,0,0,0,0,N,0,0,N,0,0,0,0,1,5000,1,50000,55000,1,0,0,Preliminary,Editor Mapped,430730.2499,3352178.521,30.29937077,-81.72037325
26215112,2024,10/13/2024 14:57,10/13/2024 0:00,2024021808,L,1,1,48,40,Clay,Green Cove Springs,Urban,10/13/2024 15:02,10/13/2024 15:04,10/13/2024 15:15,10/13/2024 15:45,Y,Law Enforcement,S CR-209,6075,29.861123,-81.621325,2299,North,,,Parking Lot,Paved,Not at Intersection,N,Daylight,Clear,Dry,N,,Ditch,On Roadway,N,Non-Junction,None,,,None,,,N,,,,,DEPUTY SHERIFF,Clay County Sheriff's Office,Sheriff's Office (SO),10/18/2024 19:43,10/18/2024 19:43,5,Y,Off Road,Off Road,Serious Injury,Incapacitating Injury,DAY,Y,N,N,N,N,N,N,N,Y,0,1,0,0,1,0,0,0,0,1,0,0,0,0,1,0,0,0,0,0,0,0,1,1,0,N,0,0,N,0,0,0,0,0,0,1,1000,1000,1,0,0,Preliminary,Editor Mapped,439999.9691,3303568.144,29.86120753,-81.6212304
25334237,2024,7/11/2024 0:51,7/11/2024 1:11,422025,L,1,2,2,38,Duval,Jacksonville,Urban,7/11/2024 0:51,7/11/2024 0:51,7/11/2024 0:51,7/11/2024 2:01,Y,Law Enforcement,N MAIN ST,,30.33148689,-81.65643225,0,,W BEAVER ST,,U.S.,Curb,Four-Way Intersection,N,Dark - Lighted,Cloudy,Dry,N,Angle,Pedestrian,On Roadway,N,Intersection,None,,,None,,,N,,,,,OFFICER,Jacksonville Sheriff's Office,Sheriff's Office (SO),7/12/2024 19:32,7/12/2024 19:32,1,Y,Pedestrian,Pedestrian,Serious Injury,Incapacitating Injury,NIGHT,N,N,N,N,N,N,Y,N,N,1,1,0,0,1,0,0,0,0,0,0,1,0,1,1,0,0,0,0,0,0,0,0,0,0,Y,1,0,N,0,0,1,0,0,0,1,200,200,1,0,0,Preliminary,Editor Mapped,436898.5772,3355690.789,30.33140138,-81.65644045