REPORT_NUMBER,CRASH_YEAR,CRASH_DATE_AND_TIME,REPORT_DATE_AND_TIME,INVESTIGATING_AGENCY_REPORT_NUMBER,FORM_TYPE,TOTAL_NUMBER_OF_VEHICLES,TOTAL_NUMBER_OF_PERSONS,COUNTY_CODE,CITY_CODE,COUNTY_NAME,CITY_NAME,RURAL_OR_URBAN,NOTIFIED_TIME,DISPATCHED_TIME,ARRIVED_TIME,CLEARED_TIME,COMPLETED_FLAG,NOTIFIED_BY,ON_STREET_ROAD_HIGHWAY,STREET_ADDRESS_NUMBER,LATITUDE,LONGITUDE,FEET_FROM_INTERSECTION,DIRECTION_FROM_INTERSECTION,FROM_INTERSECTION_OF,MILEPOST_NUMBER,ROAD_SYSTEM_IDENTIFER,TYPE_OF_SHOULDER,TYPE_OF_INTERSECTION,PHOTOS_TAKEN,LIGHT_CONDITION,WEATHER_CONDITION,ROAD_SURFACE_CONDITION,SCHOOL_BUS_RELATED_CODE,TYPE_OF_IMPACT,FIRST_HARMFUL_EVENT,LOCATION,INTERCHANGE_FLAG,JUNCTION_FLAG,ROAD_CIRCUMSTANCES_1,ROAD_CIRCUMSTANCES_2,ROAD_CIRCUMSTANCES_3,ENVIRONMENT_CIRCUMSTANCES_1,ENVIRONMENT_CIRCUMSTANCES_2,ENVIRONMENT_CIRCUMSTANCES_3,WORK_ZONE_RELATED_FLAG,CRASH_IN_WORK_ZONE,TYPE_OF_WORK_ZONE,WORKERS_PRESENT,LAW_ENFORCEMENT_PRESENT,INVESTIGATOR_RANK,INVESTIGATING_AGENCY_NAME,INVESTIGATING_AGENCY_TYPE,LOAD_DATE,UPDATE_DATE,DAYS_TO_LOAD,CODEABLE,S4_CRASH_TYPE,S4_CRASH_TYPE_SIMPLIFIED,S4_CRASH_SEVERITY,S4_CRASH_SEVERITY_DETAIL,S4_DAY_OR_NIGHT,S4_IS_AGGRESSIVE_DRIVING,S4_IS_ALCOHOL_RELATED,S4_IS_CMV_INVOLVED,S4_IS_DISTRACTED,S4_IS_DRUG_RELATED,S4_IS_HIT_AND_RUN,S4_IS_INTERSECTION_RELATED,S4_IS_LANE_DEPARTURE_RELATED,S4_IS_SPEEDING_RELATED,S4_NONE_INJURY_COUNT,S4_INJURY_COUNT,S4_POSSIBLE_INJURY_COUNT,S4_NON_INCAPACITATING_INJURY_COUNT,S4_INCAPACITATING_INJURY_COUNT,S4_FATALITY_COUNT,S4_FATALITY_WITHIN_30_DAYS_COUNT,S4_NON_TRAFFIC_FATALITY_COUNT,S4_TRAILER_COUNT,S4_MOTORCYCLE_COUNT,S4_MOPED_COUNT,S4_NON_MOTORIST_COUNT,S4_BICYCLIST_COUNT,S4_PEDESTRIAN_COUNT,S4_DRIVER_COUNT,S4_AGING_DRIVER_COUNT,S4_TEENAGER_DRIVER_COUNT,S4_PASSENGER_COUNT,S4_UNRESTRAINED_COUNT,S4_UNRESTRAINED_INJURY_COUNT,S4_UNRESTRAINED_INCAPACITATING_INJURY_COUNT,S4_UNRESTRAINED_FATALITY_COUNT,S4_MOTORCYCLIST_COUNT,S4_MOTORCYCLIST_INCAPACITATING_INJURY_COUNT,S4_MOTORCYCLIST_FATALITY_COUNT,S4_IS_PEDESTRIAN_INVOLVED,S4_PEDESTRIAN_INCAPACITATING_INJURY_COUNT,S4_PEDESTRIAN_FATALITY_COUNT,S4_IS_BICYCLIST_INVOLVED,S4_BICYCLIST_INCAPACITATING_INJURY_COUNT,S4_BICYCLIST_FATALITY_COUNT,S4_CITATION_COUNT,S4_CITATION_AMOUNT,S4_PROPERTY_DAMAGE_COUNT,S4_PROPERTY_DAMAGE_AMOUNT,S4_VEHICLE_DAMAGE_COUNT,S4_VEHICLE_DAMAGE_AMOUNT,S4_TOTAL_DAMAGE_AMOUNT,S4_TRANSPORT_BY_EMS_COUNT,S4_TRANSPORT_BY_LAW_ENFORCEMENT_COUNT,S4_TRANSPORT_BY_OTHER_COUNT,S4_GEOLOCATION_STATUS,S4_PRELIMINARY_GEOLOCATION_STATUS,S4_X,S4_Y,S4_LATITUDE,S4_LONGITUDE
26252371,2024,12/11/2024 17:50,12/11/2024 18:13,SJSO24CAD272453,L,2,2,20,46,St. Johns,Ponte Vedra,Rural,12/11/2024 17:51,12/11/2024 17:52,12/11/2024 17:53,12/11/2024 19:00,Y,Law Enforcement,STATE ROAD A1A,,30.21664,-81.38141,0,,CORONA RD,,State,Curb,Four-Way Intersection,N,Dark - Not Lighted,Clear,Dry,N,Angle,Motor Vehicle in Transport,On Roadway,Y,Intersection,None,,,None,,,N,,,,,LE DEPUTY,St. Johns County Sheriff's Office,Sheriff's Office (SO),12/18/2024 19:33,12/18/2024 19:33,7,Y,Right Angle,Angle,Serious Injury,Incapacitating Injury,DAY,N,N,N,Y,N,N,Y,N,N,1,1,0,0,1,0,0,0,0,0,0,0,0,0,2,1,0,0,0,0,0,0,0,0,0,N,0,0,N,0,0,1,0,0,0,2,35000,35000,1,0,0,Preliminary,Editor Mapped,463280.968,3342852.356,30.21663648,-81.38154453
26404474,2024,10/3/2024 7:20,2/10/2025 13:13,FHP24ON0496591,L,2,2,2,38,Duval,Jacksonville,Urban,10/3/2024 7:26,10/3/2024 7:32,10/3/2024 7:40,10/3/2024 12:40,Y,Law Enforcement,STATE ROAD 9B,,30.15915556,-81.50964423,8397,North,E-TOWN PARKWAY,,State,Paved,Not at Intersection,Y,Daylight,Clear,Dry,N,Front to Rear,Motor Vehicle in Transport,On Roadway,N,Non-Junction,None,,,None,,,N,,,,,CPL,Florida Highway Patrol,Florida Highway Patrol (FHP),10/19/2024 19:26,2/12/2025 19:30,16,Y,Rear End,Rear End,Fatality,Fatal (within 30 days),DAY,N,N,N,N,Y,N,N,N,N,1,0,0,0,0,1,1,0,0,1,0,0,0,0,2,0,0,0,0,0,0,0,1,0,1,N,0,0,N,0,0,2,0,0,0,2,10000,10000,1,0,0,Preliminary,Editor Mapped,450936.3449,3336532.361,30.15916878,-81.50951916
26378369,2024,10/21/2024 23:25,10/22/2024 0:09,FHP24ON0532646,L,1,3,20,0,St. Johns,Unincorporated,Rural,10/21/2024 23:29,10/21/2024 23:31,10/21/2024 23:59,10/22/2024 0:35,Y,Law Enforcement,US 1,,29.72300029,-81.30528057,2631,North,GODWIN ROAD,,U.S.,Unpaved,Not at Intersection,N,Dark - Not Lighted,Clear,Dry,N,Other,Pedestrian,On Roadway,N,Non-Junction,None,,,None,,,N,,,,,TPR,Florida Highway Patrol,Florida Highway Patrol (FHP),10/26/2024 19:26,10/26/2024 19:26,5,Y,Pedestrian,Pedestrian,Serious Injury,Incapacitating Injury,NIGHT,N,N,N,N,N,N,N,N,N,2,1,0,0,1,0,0,0,0,0,0,1,0,1,1,0,0,1,0,0,0,0,0,0,0,Y,1,0,N,0,0,0,0,0,0,1,250,250,1,0,0,Preliminary,Editor Mapped,470473.1634,3288127.299,29.72296518,-81.3052984
26827230,2024,6/27/2024 10:35,6/27/2024 11:22,392636,L,1,1,2,38,Duval,Jacksonville,Urban,6/27/2024 10:40,6/27/2024 10:40,6/27/2024 10:44,6/27/2024 11:24,Y,Law Enforcement,GATORBOWL BLVD,,30.32483792,-81.6359412,193,West,E DUVAL ST,,Local,Paved,Not at Intersection,N,Daylight,Clear,Dry,N,Other,Other Traffic Barrier,Off Roadway,N,Non-Junction,None,,,None,,,N,,,,,CSO,Jacksonville Sheriff's Office,Sheriff's Office (SO),6/28/2024 19:32,6/28/2024 19:32,1,Y,Off Road,Off Road,Serious Injury,Incapacitating Injury,DAY,N,N,N,N,N,N,N,Y,N,0,1,0,0,1,0,0,0,0,0,0,0,0,0,1,1,0,0,0,0,0,0,0,0,0,N,0,0,N,0,0,1,0,1,250,1,10000,10250,1,0,0,Preliminary,Editor Mapped,438865.3736,3354951.586,30.32483219,-81.63593795
26386229,2024,10/14/2024 5:40,10/14/2024 6:34,FHP24ON0518034,L,3,3,20,0,St. Johns,Unincorporated,Rural,10/14/2024 5:48,10/14/2024 5:57,10/14/2024 6:40,10/14/2024 10:21,Y,Law Enforcement,STATE ROAD 207,,29.8246627,-81.38003192,0,,I-95 MM311 SB OFF RAMP,,State,Unpaved,Y-Intersection,N,Dark - Lighted,Clear,Dry,N,Angle,Motor Vehicle in Transport,On Roadway,Y,Intersection,None,,,None,,,N,,,,,TPR,Florida Highway Patrol,Florida Highway Patrol (FHP),10/29/2024 19:58,10/29/2024 19:58,15,Y,Left Entering,Left Turn,Serious Injury,Incapacitating Injury,NIGHT,N,N,N,N,N,N,Y,N,N,1,2,0,0,2,0,0,0,0,0,0,0,0,0,3,0,0,0,0,0,0,0,0,0,0,N,0,0,N,0,0,0,0,0,0,3,32500,32500,2,0,0,Preliminary,Editor Mapped,463313.3115,3299450.165,29.82495949,-81.37971312
89703185,2024,4/17/2024 13:07,6/30/2024 12:20,FHP24ON0192364,L,2,4,20,0,St. Johns,Unincorporated,Rural,4/17/2024 13:12,4/17/2024 13:28,4/17/2024 13:44,4/17/2024 16:10,Y,Law Enforcement,STATE ROAD 16,,29.95804,-81.46332,1537,East,SOUTH FRANCIS ROAD,,State,Unpaved,Not at Intersection,N,Daylight,Clear,Dry,N,Angle,Motor Vehicle in Transport,On Roadway,N,Non-Junction,None,,,None,,,N,,,,,TPR,Florida Highway Patrol,Florida Highway Patrol (FHP),4/29/2024 19:32,7/2/2024 19:59,12,Y,Other,Other,Serious Injury,Incapacitating Injury,DAY,N,N,N,Y,N,N,N,Y,N,3,1,0,0,1,0,0,0,1,0,0,0,0,0,2,0,0,2,0,0,0,0,0,0,0,N,0,0,N,0,0,1,0,1,1500,2,11000,12500,1,0,0,Verified,n/a,455886.6944,3313759.08,29.95384666,-81.4571668
26043696,2024,10/18/2024 20:04,10/18/2024 22:24,SJSO24OFF010842,L,1,1,20,50,St. Johns,St. Augustine,Rural,10/18/2024 20:04,10/18/2024 20:08,10/18/2024 20:20,10/18/2024 22:24,N,Law Enforcement,W 8TH ST,,29.88473,-81.34278,24,East,S SAINT JOHNS AVE,,County,Curb,Four-Way Intersection,N,Dark - Not Lighted,Cloudy,Dry,N,Other,Other Fixed Object,Off Roadway,N,Intersection,None,,,None,,,N,,,,,LE DEPUTY,St. Johns County Sheriff's Office,Sheriff's Office (SO),10/29/2024 19:58,10/29/2024 19:58,11,Y,Off Road,Off Road,Serious Injury,Incapacitating Injury,NIGHT,N,Y,N,N,Y,N,Y,N,N,0,1,0,0,1,0,0,0,0,0,0,0,0,0,1,0,0,0,0,0,0,0,0,0,0,N,0,0,N,0,0,0,0,1,1000,1,800,1800,1,0,0,Preliminary,Editor Mapped,466911.2096,3306059.545,29.88470859,-81.34267856
26344629,2024,6/23/2024 16:06,12/10/2024 15:13,FHP24ON0315151,L,2,2,20,0,St. Johns,Unincorporated,Rural,6/23/2024 16:11,6/23/2024 16:14,6/23/2024 16:36,6/23/2024 20:57,Y,Law Enforcement,U.S. HIGHWAY ONE (STATE ROAD 5),,30.03284,-81.41026,98,North,LAS CALINAS BOULEVARD,,U.S.,Unpaved,T-Intersection,Y,Daylight,Rain,Wet,N,Front to Rear,Motor Vehicle in Transport,On Roadway,N,Intersection,None,,,None,,,N,,,,,CPL,Florida Highway Patrol,Florida Highway Patrol (FHP),7/2/2024 19:59,12/11/2024 19:32,9,Y,Rear End,Rear End,Fatality,Fatal (within 30 days),DAY,N,Y,Y,Y,Y,N,Y,N,N,0,1,0,1,0,1,1,0,0,0,0,0,0,0,2,0,0,0,1,0,0,1,0,0,0,N,0,0,N,0,0,0,0,0,0,2,11000,11000,1,0,1,Verified,n/a,460416.9407,3322511.47,30.03298613,-81.41054371
26439104,2024,12/7/2024 3:45,2/15/2025 2:00,FHP24ON0614936,L,3,3,2,38,Duval,Jacksonville,Urban,12/7/2024 3:48,12/7/2024 3:56,12/7/2024 4:06,12/7/2024 9:30,Y,Law Enforcement,INTERSTATE 95,,30.50816,-81.63432,1852,North,PECAN PARK ROAD,,Interstate,Paved,Not at Intersection,Y,Dark - Lighted,Clear,Dry,N,"Sideswipe, Opposite Direction",Motor Vehicle in Transport,On Roadway,N,Non-Junction,None,,,None,,,N,,,,,TPR,Florida Highway Patrol,Florida Highway Patrol (FHP),12/17/2024 20:17,2/25/2025 19:56,10,Y,Head On,Head On,Fatality,Fatal (within 30 days),NIGHT,N,Y,Y,N,N,N,N,Y,N,1,1,1,0,0,1,1,0,1,0,0,0,0,0,3,0,0,0,1,0,0,1,0,0,0,N,0,0,N,0,0,0,0,0,0,3,15100,15100,1,0,1,Preliminary,Computer mapped approximate by address,438965.0241,3377335.87,30.52682107,-81.63621077
26373134,2024,7/5/2024 1:20,10/2/2024 17:37,FHP24ON0335375,L,1,2,48,0,Clay,Unincorporated,Rural,7/5/2024 1:28,7/5/2024 1:31,7/5/2024 1:56,7/5/2024 7:15,Y,Law Enforcement,US HIGHWAY 301 S,,30.15584388,-82.03155074,1108,North,COUNTY ROAD 218,,U.S.,Unpaved,Not at Intersection,Y,Dark - Not Lighted,Cloudy,Dry,N,Other,Pedestrian,On Roadway,N,Non-Junction,None,,,None,,,N,,,,,CPL,Florida Highway Patrol,Florida Highway Patrol (FHP),7/16/2024 19:56,10/4/2024 19:44,11,Y,Pedestrian,Pedestrian,Fatality,Fatal (within 30 days),NIGHT,N,N,N,N,N,N,N,N,N,1,0,0,0,0,1,1,0,0,0,0,1,0,1,1,0,0,0,0,0,0,0,0,0,0,Y,0,1,N,0,0,1,0,0,0,1,10000,10000,0,0,1,Verified,n/a,400638.1709,3336434.854,30.15522184,-82.03179649
26443433,2024,12/28/2024 16:40,12/28/2024 17:21,FHP24ON0652362,L,2,4,20,0,St. Johns,Unincorporated,Rural,12/28/2024 16:41,12/28/2024 16:45,12/28/2024 17:07,12/28/2024 17:52,Y,Law Enforcement,131 STATE ROAD 207,,29.8797,-81.3277,344,North,S DIXIE HIGHWAY,,State,Curb,Not at Intersection,N,Daylight,Cloudy,Dry,N,Angle,Motor Vehicle in Transport,On Roadway,N,Driveway/Alley Access Related,None,,,None,,,N,,,,,TPR,Florida Highway Patrol,Florida Highway Patrol (FHP),12/30/2024 20:04,12/30/2024 20:04,2,Y,Right Angle,Angle,Serious Injury,Incapacitating Injury,DAY,N,N,N,N,N,N,N,N,N,2,2,1,0,1,0,0,0,0,0,0,0,0,0,2,1,0,2,0,0,0,0,0,0,0,N,0,0,N,0,0,0,0,0,0,2,16000,16000,1,0,0,Preliminary,Editor Mapped,468335.8495,3305440.205,29.87915676,-81.32790643
26742307,2024,8/28/2024 14:45,10/24/2024 7:13,SAPD24OFF001852,L,2,2,20,50,St. Johns,St. Augustine,Urban,8/28/2024 14:45,8/28/2024 14:46,8/28/2024 14:47,8/28/2024 19:00,N,Law Enforcement,US HWY 1,,29.87996,-81.32493,358,North,SR 207,,U.S.,Curb,Other,N,Daylight,Clear,Dry,N,Angle,Motor Vehicle in Transport,On Roadway,Y,Other,None,,,None,,,N,,,,,PATROLMAN,St. Augustine Police Department,Police Department (PD),8/31/2024 19:26,10/25/2024 19:49,3,Y,Left Rear,Left Turn,Fatality,Fatal (within 30 days),DAY,N,N,N,N,N,N,N,N,N,0,1,0,1,0,1,1,0,0,1,0,0,0,0,2,1,0,0,0,0,0,0,1,0,1,N,0,0,N,0,0,0,0,0,0,2,10000,10000,1,0,1,Verified,n/a,468618.0361,3305501.219,29.87971462,-81.324986
25683238,2024,12/15/2024 23:23,12/16/2024 0:04,760389,L,1,1,2,38,Duval,Jacksonville,Urban,12/15/2024 23:23,12/15/2024 23:24,12/15/2024 23:27,12/16/2024 12:25,N,Law Enforcement,UNIVERSITY BLVD W (FL-109),5100,30.26731337,-81.61610826,522,West,5000 RICHARD ST,,State,Curb,Not at Intersection,Y,Dark - Lighted,Clear,Dry,N,Angle,Pedestrian,On Roadway,N,Non-Junction,Work Zone,,,Physical Obstruction(s),,,Y,Activity Area,Work on Shoulder or Median,Y,Y,OFFICER,Jacksonville Sheriff's Office,Sheriff's Office (SO),12/17/2024 20:18,12/17/2024 20:18,2,Y,Pedestrian,Pedestrian,Serious Injury,Incapacitating Injury,NIGHT,N,N,N,N,N,Y,N,N,N,0,1,0,0,1,0,0,0,0,0,0,1,0,1,0,0,0,0,0,0,0,0,0,0,0,Y,1,0,N,0,0,0,0,0,0,0,0,0,1,0,0,Preliminary,Editor Mapped,440737.4285,3348566.409,30.26730762,-81.61610502
26407696,2024,11/8/2024 19:10,5/1/2025 9:17,FHP24ON0565787,L,1,4,20,0,St. Johns,Unincorporated,Rural,11/8/2024 19:15,11/8/2024 19:16,11/8/2024 19:30,11/8/2024 23:41,Y,Law Enforcement,US-1,,29.8105,-81.32196,214,South,ANDORA STREET,,U.S.,Paved,Not at Intersection,Y,Dark - Not Lighted,Clear,Dry,N,Other,Pedestrian,On Roadway,N,Non-Junction,None,,,None,,,N,,,,,CPL,Florida Highway Patrol,Florida Highway Patrol (FHP),11/26/2024 20:28,5/3/2025 19:18,18,Y,Pedestrian,Pedestrian,Fatality,Fatal (within 30 days),NIGHT,N,N,N,N,N,N,N,N,N,3,0,0,0,0,1,1,0,0,0,0,1,0,1,1,0,0,2,0,0,0,0,0,0,0,Y,0,1,N,0,0,1,0,0,0,1,6000,6000,0,0,1,Preliminary,Computer mapped confident by address,468898.5532,3297765.152,29.80990621,-81.32185709
26838830,2024,10/30/2024 16:45,3/7/2025 9:56,664836,L,1,2,2,38,Duval,Jacksonville,Urban,10/30/2024 16:45,10/30/2024 16:45,10/30/2024 16:45,10/30/2024 20:30,Y,Law Enforcement,BAYMEADOWS RD,8200,30.22055379,-81.58612673,95,,PHILIPS HWY,,Local,Paved,Four-Way Intersection,Y,Daylight,Clear,Dry,N,Other,Motor Vehicle in Transport,Off Roadway,N,Intersection-Related,None,,,None,,,N,,,,,DETECTIVE,Jacksonville Sheriff's Office,Sheriff's Office (SO),10/31/2024 19:32,3/8/2025 19:28,1,Y,Single Vehicle,Other,Serious Injury,Incapacitating Injury,DAY,Y,N,N,N,N,Y,Y,N,Y,1,1,0,0,1,0,0,0,0,0,0,1,0,1,1,0,0,0,0,0,0,0,0,0,0,Y,1,0,N,0,0,6,0,3,4000,1,2500,6500,1,0,0,Preliminary,Editor Mapped,443592.8509,3343379.652,30.22063965,-81.58614299
26419617,2024,9/26/2024 19:00,10/19/2024 22:47,FHP24ON0484855,L,1,1,2,38,Duval,Jacksonville,Urban,9/26/2024 19:06,9/26/2024 19:10,9/26/2024 19:32,9/26/2024 22:12,Y,Law Enforcement,SOUTHSIDE CONNECTOR,,30.35497321,-81.5523829,342,South,MERRILL ROAD,,State,Paved,Not at Intersection,Y,Dark - Lighted,Rain,Wet,N,Other,Tree (standing),Off Roadway,N,Entrance/Exit Ramp,None,,,None,,,N,,,,,TPR,Florida Highway Patrol,Florida Highway Patrol (FHP),10/17/2024 1:26,10/22/2024 20:00,21,Y,Off Road,Off Road,Fatality,Fatal (within 30 days),NIGHT,N,Y,N,Y,N,N,N,Y,N,0,0,0,0,0,1,1,0,0,0,0,0,0,0,1,0,0,0,1,0,0,1,0,0,0,N,0,0,N,0,0,0,0,0,0,1,10000,10000,0,0,1,Preliminary,Editor Mapped,446911.0283,3358244.65,30.35492799,-81.55241534
26199678,2024,11/25/2024 18:31,11/25/2024 0:00,240004056,L,1,1,2,40,Duval,Jacksonville Beach,Urban,11/25/2024 18:31,11/25/2024 18:31,11/25/2024 18:35,11/25/2024 19:15,Y,Law Enforcement,JACKSONVILLE DR,,30.258195,-81.394376,60,West,S BEACH PKWY,,Local,Curb,Four-Way Intersection,N,Dark - Lighted,Clear,Dry,N,,"Other Post, Pole or Support",Off Roadway,N,Intersection,None,,,None,,,N,,,,,POLICE,Jacksonville Beach Police Department,Police Department (PD),11/27/2024 19:32,11/27/2024 19:32,2,Y,Off Road,Off Road,Serious Injury,Incapacitating Injury,DAY,N,N,N,N,N,N,Y,N,N,0,1,0,0,1,0,0,0,0,0,0,0,0,0,1,1,0,0,0,0,0,0,0,0,0,N,0,0,N,0,0,0,0,0,0,1,15000,15000,1,0,0,Preliminary,Editor Mapped,462034.8709,3347461.602,30.25819231,-81.39465851
26281167,2024,4/15/2024 22:57,8/15/2024 4:02,FHP24ON0189695,L,1,2,2,38,Duval,Jacksonville,Urban,4/15/2024 23:02,4/15/2024 23:21,4/15/2024 23:21,4/16/2024 5:15,Y,Law Enforcement,US HIGHWAY 17,,30.43153729,-81.64461245,136,North,STATE ROAD 104,,U.S.,Paved,Not at Intersection,Y,Dark - Lighted,Clear,Dry,N,Other,Pedestrian,On Roadway,N,Non-Junction,None,,,None,,,N,,,,,TPR,Florida Highway Patrol,Florida Highway Patrol (FHP),4/30/2024 20:02,8/16/2024 19:36,15,Y,Pedestrian,Pedestrian,Fatality,Fatal (within 30 days),NIGHT,N,N,N,N,N,N,N,N,N,1,0,0,0,0,1,1,0,0,0,0,1,0,1,1,1,0,0,0,0,0,0,0,0,0,Y,0,1,N,0,0,0,0,0,0,1,1000,1000,0,0,1,Preliminary,Computer mapped approximate by address,438084.2591,3366672.806,30.43055908,-81.64475672
26285933,2024,4/6/2024 20:38,7/1/2024 9:17,FHP24ON0173854,L,2,5,2,38,Duval,Jacksonville,Urban,4/6/2024 20:39,4/6/2024 20:42,4/6/2024 20:59,4/7/2024 0:03,Y,Law Enforcement,NB I95 351B EXIT RAMP TO WB I10,,30.31808984,-81.67892434,924,West,NB I95,,Interstate,Paved,Not at Intersection,Y,Dark - Lighted,Clear,Dry,N,Front to Rear,Motor Vehicle in Transport,On Roadway,N,Entrance/Exit Ramp,None,,,None,,,N,,,,,TPR,Florida Highway Patrol,Florida Highway Patrol (FHP),4/16/2024 20:02,7/5/2024 19:22,10,Y,Rear End,Rear End,Serious Injury,Incapacitating Injury,NIGHT,N,N,N,N,N,N,N,N,N,4,1,0,0,1,0,0,0,0,1,0,0,0,0,2,0,1,3,0,0,0,0,1,1,0,N,0,0,N,0,0,2,0,0,0,2,2500,2500,1,0,0,Preliminary,Editor Mapped,434718.5989,3354233.957,30.31813983,-81.67902664
26839413,2024,11/5/2024 5:40,2/11/2025 9:52,676749,L,1,2,2,38,Duval,Jacksonville,Urban,11/5/2024 5:48,11/5/2024 6:06,11/5/2024 6:20,11/5/2024 9:04,Y,Law Enforcement,RAMONA BLVD,,30.31407785,-81.75349507,407,East,HENDERSON RD,,Local,Curb,Not at Intersection,Y,Dark - Lighted,Clear,Dry,N,Other,Pedestrian,On Roadway,N,Non-Junction,None,,,None,,,N,,,,,DETECTIVE,Jacksonville Sheriff's Office,Sheriff's Office (SO),11/6/2024 23:00,2/12/2025 19:30,1,Y,Pedestrian,Pedestrian,Serious Injury,Incapacitating Injury,NIGHT,N,N,N,N,N,N,N,N,N,1,1,0,0,1,0,0,0,0,0,0,1,0,1,1,0,0,0,0,0,0,0,0,0,0,Y,1,0,N,0,0,0,0,0,0,1,1000,1000,1,0,0,Preliminary,Editor Mapped,427556.3572,3353828.362,30.31407212,-81.75349178
26310361,2024,2/11/2024 0:03,2/11/2024 0:47,FHP24ON0070673,L,1,1,2,38,Duval,Jacksonville,Urban,2/11/2024 0:08,2/11/2024 0:09,2/11/2024 0:39,2/11/2024 1:26,Y,Law Enforcement,INTERSTATE 295,,30.23607,-81.51412,1321,South,GATE PARKWAY,,Interstate,Paved,Not at Intersection,N,Dark - Lighted,Clear,Dry,N,Other,Utility Pole/Light Support,Shoulder,N,Non-Junction,None,,,None,,,N,,,,,TPR,Florida Highway Patrol,Florida Highway Patrol (FHP),10/31/2024 19:31,10/31/2024 19:31,263,Y,Off Road,Off Road,Serious Injury,Incapacitating Injury,NIGHT,N,N,N,N,N,N,N,Y,N,0,1,0,0,1,0,0,0,0,0,0,0,0,0,1,0,0,0,1,1,1,0,0,0,0,N,0,0,N,0,0,1,0,1,5000,1,10000,15000,1,0,0,Preliminary,Editor Mapped,450509.39,3344029.411,30.22680472,-81.51430434
26310364,2024,2/14/2024 20:29,2/14/2024 21:06,FHP24ON0076772,L,1,2,2,38,Duval,Jacksonville,Urban,2/14/2024 20:34,2/14/2024 20:40,2/14/2024 20:55,2/14/2024 21:43,Y,Law Enforcement,INTERSTATE 95,,30.22079,-81.57101,463,North,BAYMEADOWS ROAD,,Interstate,Paved,Not at Intersection,N,Dark - Lighted,Clear,Dry,N,Other,Tree (standing),Off Roadway,Y,Entrance/Exit Ramp,None,,,None,,,N,,,,,TPR,Florida Highway Patrol,Florida Highway Patrol (FHP),10/31/2024 19:31,10/31/2024 19:31,260,Y,Off Road,Off Road,Serious Injury,Incapacitating Injury,NIGHT,N,N,N,N,N,N,N,Y,N,0,2,1,0,1,0,0,0,0,0,0,0,0,0,1,0,0,1,0,0,0,0,0,0,0,N,0,0,N,0,0,0,0,0,0,1,30000,30000,1,0,0,Preliminary,Editor Mapped,444729.3911,3343884.82,30.2252505,-81.57435987
26842877,2024,12/23/2024 18:03,12/23/2024 18:31,776591,L,2,2,2,38,Duval,Jacksonville,Urban,12/23/2024 18:05,12/23/2024 18:05,12/23/2024 18:11,12/23/2024 20:01,Y,Law Enforcement,ATLANTIC BLVD,,30.31298376,-81.60273963,0,,BARTRAM RD,,U.S.,Curb,T-Intersection,N,Dark - Lighted,Clear,Dry,N,Front to Rear,Motor Vehicle in Transport,On Roadway,N,Intersection,None,,,None,,,N,,,,,CSO,Jacksonville Sheriff's Office,Sheriff's Office (SO),12/27/2024 20:04,12/27/2024 20:04,4,Y,Left Entering,Left Turn,Serious Injury,Incapacitating Injury,DAY,N,N,N,N,N,N,Y,N,N,0,2,0,1,1,0,0,0,0,0,0,0,0,0,2,0,0,0,0,0,0,0,0,0,0,N,0,0,N,0,0,2,0,0,0,2,20000,20000,1,0,0,Preliminary,Editor Mapped,442048.963,3353618.312,30.31295797,-81.60274937
89750412,2024,1/13/2024 18:21,8/6/2024 5:11,FHP24ON0021867,L,2,2,20,0,St. Johns,Unincorporated,Rural,1/13/2024 18:26,1/13/2024 18:31,1/13/2024 18:50,1/13/2024 20:57,Y,Law Enforcement,US-1,,30.06604536,-81.4402414,0,,HILDEN ROAD,,U.S.,Unpaved,T-Intersection,Y,Dark - Not Lighted,Clear,Dry,N,Other,Motor Vehicle in Transport,On Roadway,N,Intersection,None,,,None,,,N,,,,,TPR,Florida Highway Patrol,Florida Highway Patrol (FHP),1/19/2024 19:23,8/12/2024 19:36,6,Y,Left Leaving,Left Turn,Serious Injury,Incapacitating Injury,DAY,N,Y,N,Y,N,N,Y,N,N,0,2,0,0,2,0,0,0,0,0,0,0,0,0,2,1,0,0,0,0,0,0,0,0,0,N,0,0,N,0,0,1,0,0,0,2,27000,27000,2,0,0,Preliminary,Editor Mapped,457572.4665,3326189.202,30.06607963,-81.44019179