REPORT_NUMBER,CRASH_YEAR,CRASH_DATE_AND_TIME,REPORT_DATE_AND_TIME,INVESTIGATING_AGENCY_REPORT_NUMBER,FORM_TYPE,TOTAL_NUMBER_OF_VEHICLES,TOTAL_NUMBER_OF_PERSONS,COUNTY_CODE,CITY_CODE,COUNTY_NAME,CITY_NAME,RURAL_OR_URBAN,NOTIFIED_TIME,DISPATCHED_TIME,ARRIVED_TIME,CLEARED_TIME,COMPLETED_FLAG,NOTIFIED_BY,ON_STREET_ROAD_HIGHWAY,STREET_ADDRESS_NUMBER,LATITUDE,LONGITUDE,FEET_FROM_INTERSECTION,DIRECTION_FROM_INTERSECTION,FROM_INTERSECTION_OF,MILEPOST_NUMBER,ROAD_SYSTEM_IDENTIFER,TYPE_OF_SHOULDER,TYPE_OF_INTERSECTION,PHOTOS_TAKEN,LIGHT_CONDITION,WEATHER_CONDITION,ROAD_SURFACE_CONDITION,SCHOOL_BUS_RELATED_CODE,TYPE_OF_IMPACT,FIRST_HARMFUL_EVENT,LOCATION,INTERCHANGE_FLAG,JUNCTION_FLAG,ROAD_CIRCUMSTANCES_1,ROAD_CIRCUMSTANCES_2,ROAD_CIRCUMSTANCES_3,ENVIRONMENT_CIRCUMSTANCES_1,ENVIRONMENT_CIRCUMSTANCES_2,ENVIRONMENT_CIRCUMSTANCES_3,WORK_ZONE_RELATED_FLAG,CRASH_IN_WORK_ZONE,TYPE_OF_WORK_ZONE,WORKERS_PRESENT,LAW_ENFORCEMENT_PRESENT,INVESTIGATOR_RANK,INVESTIGATING_AGENCY_NAME,INVESTIGATING_AGENCY_TYPE,LOAD_DATE,UPDATE_DATE,DAYS_TO_LOAD,CODEABLE,S4_CRASH_TYPE,S4_CRASH_TYPE_SIMPLIFIED,S4_CRASH_SEVERITY,S4_CRASH_SEVERITY_DETAIL,S4_DAY_OR_NIGHT,S4_IS_AGGRESSIVE_DRIVING,S4_IS_ALCOHOL_RELATED,S4_IS_CMV_INVOLVED,S4_IS_DISTRACTED,S4_IS_DRUG_RELATED,S4_IS_HIT_AND_RUN,S4_IS_INTERSECTION_RELATED,S4_IS_LANE_DEPARTURE_RELATED,S4_IS_SPEEDING_RELATED,S4_NONE_INJURY_COUNT,S4_INJURY_COUNT,S4_POSSIBLE_INJURY_COUNT,S4_NON_INCAPACITATING_INJURY_COUNT,S4_INCAPACITATING_INJURY_COUNT,S4_FATALITY_COUNT,S4_FATALITY_WITHIN_30_DAYS_COUNT,S4_NON_TRAFFIC_FATALITY_COUNT,S4_TRAILER_COUNT,S4_MOTORCYCLE_COUNT,S4_MOPED_COUNT,S4_NON_MOTORIST_COUNT,S4_BICYCLIST_COUNT,S4_PEDESTRIAN_COUNT,S4_DRIVER_COUNT,S4_AGING_DRIVER_COUNT,S4_TEENAGER_DRIVER_COUNT,S4_PASSENGER_COUNT,S4_UNRESTRAINED_COUNT,S4_UNRESTRAINED_INJURY_COUNT,S4_UNRESTRAINED_INCAPACITATING_INJURY_COUNT,S4_UNRESTRAINED_FATALITY_COUNT,S4_MOTORCYCLIST_COUNT,S4_MOTORCYCLIST_INCAPACITATING_INJURY_COUNT,S4_MOTORCYCLIST_FATALITY_COUNT,S4_IS_PEDESTRIAN_INVOLVED,S4_PEDESTRIAN_INCAPACITATING_INJURY_COUNT,S4_PEDESTRIAN_FATALITY_COUNT,S4_IS_BICYCLIST_INVOLVED,S4_BICYCLIST_INCAPACITATING_INJURY_COUNT,S4_BICYCLIST_FATALITY_COUNT,S4_CITATION_COUNT,S4_CITATION_AMOUNT,S4_PROPERTY_DAMAGE_COUNT,S4_PROPERTY_DAMAGE_AMOUNT,S4_VEHICLE_DAMAGE_COUNT,S4_VEHICLE_DAMAGE_AMOUNT,S4_TOTAL_DAMAGE_AMOUNT,S4_TRANSPORT_BY_EMS_COUNT,S4_TRANSPORT_BY_LAW_ENFORCEMENT_COUNT,S4_TRANSPORT_BY_OTHER_COUNT,S4_GEOLOCATION_STATUS,S4_PRELIMINARY_GEOLOCATION_STATUS,S4_X,S4_Y,S4_LATITUDE,S4_LONGITUDE
26290744,2024,3/11/2024 0:06,9/10/2024 9:30,FHP24ON0123379,L,1,3,2,38,Duval,Jacksonville,Urban,3/11/2024 0:27,3/11/2024 0:30,3/11/2024 0:59,3/11/2024 4:30,Y,Law Enforcement,US-17,,30.56276635,-81.61745629,1696,South,LANKFORD AVE,,U.S.,Unpaved,Not at Intersection,Y,Dark - Not Lighted,Clear,Dry,N,Other,Tree (standing),Off Roadway,N,Non-Junction,None,,,None,,,N,,,,,CPL,Florida Highway Patrol,Florida Highway Patrol (FHP),3/21/2024 19:24,9/21/2024 19:23,10,Y,Off Road,Off Road,Fatality,Fatal (within 30 days),NIGHT,N,N,N,N,N,N,N,Y,N,0,2,0,0,2,1,1,0,0,0,0,0,0,0,1,0,0,2,3,2,2,1,0,0,0,N,0,0,N,0,0,2,0,0,0,1,8000,8000,2,0,1,Preliminary,Editor Mapped,440787.5936,3381307.447,30.56274931,-81.61744051
26365637,2024,8/22/2024 6:54,8/22/2024 8:24,FHP24ON0420200,L,1,2,48,0,Clay,Unincorporated,Rural,8/22/2024 6:54,8/22/2024 6:57,8/22/2024 7:03,8/22/2024 11:02,Y,Law Enforcement,SR-21,,30.12364,-81.79757,0,,KNIGHT BOXX RD,,State,Curb,Four-Way Intersection,Y,Dawn,Clear,Dry,N,Other,Pedalcycle,On Roadway,N,Non-Junction,None,,,None,,,N,,,,,TPR,Florida Highway Patrol,Florida Highway Patrol (FHP),9/2/2024 19:33,9/2/2024 19:33,11,Y,Bicycle,Bicycle,Serious Injury,Incapacitating Injury,NIGHT,N,N,N,N,N,N,N,N,N,1,1,0,0,1,0,0,0,0,0,0,1,1,0,1,0,0,0,0,0,0,0,0,0,0,N,0,0,Y,1,0,0,0,0,0,1,7500,7500,1,0,0,Preliminary,Editor Mapped,423183.0601,3332777.106,30.1238477,-81.79744142
26214607,2024,8/30/2024 15:45,8/30/2024 0:00,2024018581,L,2,3,48,0,Clay,Unincorporated,Rural,8/30/2024 16:00,8/30/2024 16:17,8/30/2024 16:25,8/30/2024 17:15,Y,Law Enforcement,BLANDING BLVD,,30.124732,-81.796063,588,East,OAK LN,,State,Paved,Not at Intersection,N,Daylight,Clear,Dry,N,Front to Rear,Motor Vehicle in Transport,On Roadway,N,Non-Junction,None,,,None,,,N,,,,,DEPUTY,Clay County Sheriff's Office,Sheriff's Office (SO),9/2/2024 19:33,9/2/2024 19:33,3,Y,Rear End,Rear End,Serious Injury,Incapacitating Injury,DAY,N,N,N,N,N,N,N,N,N,2,1,0,0,1,0,0,0,0,0,0,0,0,0,2,0,1,1,0,0,0,0,0,0,0,N,0,0,N,0,0,1,0,0,0,2,10000,10000,1,0,0,Preliminary,Editor Mapped,423316.8041,3332873.648,30.12472728,-81.79606012
26114832,2024,8/31/2024 23:41,9/1/2024 1:31,536043,L,3,3,2,38,Duval,Jacksonville,Urban,8/31/2024 23:43,8/31/2024 23:44,8/31/2024 23:51,9/1/2024 2:30,Y,Law Enforcement,OAKLEAF PLANTATION PKWY,,30.19558043,-81.84351539,0,,CECIL CONNECTOR RD,,Local,Paved,T-Intersection,N,Dark - Lighted,Clear,Dry,N,Angle,Motor Vehicle in Transport,On Roadway,N,Intersection,None,,,None,,,N,,,,,OFFICER,Jacksonville Sheriff's Office,Sheriff's Office (SO),9/2/2024 19:33,9/2/2024 19:33,2,Y,Left Leaving,Left Turn,Serious Injury,Incapacitating Injury,NIGHT,N,N,N,N,N,N,Y,N,N,0,3,2,0,1,0,0,0,0,0,0,0,0,0,3,0,1,0,0,0,0,0,0,0,0,N,0,0,N,0,0,0,0,0,0,3,37500,37500,1,0,0,Preliminary,Editor Mapped,418812.084,3340759.947,30.19559681,-81.84342568
26841866,2024,12/24/2024 23:46,12/25/2024 0:25,778748,L,2,5,2,38,Duval,Jacksonville,Urban,12/24/2024 23:46,12/24/2024 23:54,12/24/2024 23:58,12/25/2024 3:08,Y,Law Enforcement,HART BRG NORTHBOUND,,30.31190483,-81.62476362,1414,West,HART BRIDGE EXPY/US-1-ALT/SR-228/ATL,,U.S.,Curb,Not at Intersection,N,Dark - Lighted,Clear,Dry,N,Front to Front,Motor Vehicle in Transport,On Roadway,N,Non-Junction,None,,,None,,,N,,,,,OFFICER,Jacksonville Sheriff's Office,Sheriff's Office (SO),12/26/2024 19:20,12/26/2024 19:20,2,Y,Head On,Head On,Serious Injury,Incapacitating Injury,NIGHT,N,N,N,N,N,N,N,Y,N,1,4,1,2,1,0,0,0,0,0,0,0,0,0,2,0,0,3,0,0,0,0,0,0,0,N,0,0,N,0,0,1,0,0,0,2,35000,35000,2,0,0,Preliminary,Editor Mapped,439932.0394,3353512.41,30.31189907,-81.62476038
26191054,2024,8/23/2024 12:25,8/23/2024 0:00,2024-00084537,L,2,3,41,0,Nassau,Unincorporated,Rural,8/23/2024 12:26,8/23/2024 12:29,8/23/2024 12:41,8/23/2024 14:00,Y,Law Enforcement,AIA,,,,0,,LEWIS ST,,U.S.,Paved,T-Intersection,,Daylight,Cloudy,Wet,N,Angle,Motor Vehicle in Transport,On Roadway,N,Intersection,None,,,None,,,N,,,,,Dep.,Nassau County Sheriff's Office,Sheriff's Office (SO),9/5/2024 19:30,9/5/2024 19:30,13,Y,Left Leaving,Left Turn,Serious Injury,Incapacitating Injury,DAY,N,N,N,Y,N,N,Y,N,N,2,1,0,0,1,0,0,0,0,0,0,0,0,0,2,0,0,1,1,0,0,0,0,0,0,N,0,0,N,0,0,1,0,0,0,2,15000,15000,1,0,0,Preliminary,Editor Mapped,456456.37,3382362.003,30.57293741,-81.45410293
26386755,2024,7/28/2024 20:15,10/14/2024 6:43,FHP24ON0376486,L,2,1,2,38,Duval,Jacksonville,Urban,7/28/2024 20:21,7/28/2024 20:24,7/28/2024 20:33,7/28/2024 21:41,Y,Law Enforcement,I-95,,30.31395193,-81.65297868,0,,MAIN ST,,Interstate,Paved,Not at Intersection,Y,Dusk,Clear,Dry,N,"Sideswipe, Same Direction",Motor Vehicle in Transport,On Roadway,N,Non-Junction,None,,,None,,,N,,,,,TPR,Florida Highway Patrol,Florida Highway Patrol (FHP),8/13/2024 19:44,1/8/2025 21:39,16,Y,Same Direction Sideswipe,Sideswipe,Fatality,Fatal (within 30 days),NIGHT,N,N,N,N,N,Y,N,Y,N,0,0,0,0,0,1,1,0,0,1,0,0,0,0,1,0,0,0,0,0,0,0,1,0,1,N,0,0,N,0,0,0,0,0,0,1,5000,5000,1,0,0,Preliminary,Computer mapped approximate by address,438200.0838,3352721.422,30.30467424,-81.64272675
26416438,2024,12/14/2024 0:03,12/14/2024 2:05,FHP24ON0627344,L,1,2,2,38,Duval,Jacksonville,Urban,12/14/2024 1:13,12/14/2024 1:16,12/14/2024 1:53,12/14/2024 4:27,Y,Law Enforcement,SR-105,,30.39906873,-81.48982182,200,East,MILTON DR,,State,Unpaved,Not at Intersection,N,Dark - Not Lighted,Cloudy,Wet,N,Other,Tree (standing),Off Roadway,N,Non-Junction,None,,,None,,,N,,,,,TPR,Florida Highway Patrol,Florida Highway Patrol (FHP),1/2/2025 19:19,1/2/2025 19:19,19,Y,Off Road,Off Road,Serious Injury,Incapacitating Injury,NIGHT,N,N,N,N,N,N,N,Y,N,0,2,0,1,1,0,0,0,0,0,0,0,0,0,1,0,0,1,2,2,1,0,0,0,0,N,0,0,N,0,0,1,0,0,0,1,8000,8000,2,0,0,Preliminary,Editor Mapped,452575.8598,3363048.679,30.39851416,-81.4936899
26340845,2024,5/11/2024 12:40,10/22/2024 6:28,FHP24ON0236666,L,1,1,2,38,Duval,Jacksonville,Urban,5/11/2024 12:45,5/11/2024 12:52,5/11/2024 13:01,5/11/2024 13:24,Y,Law Enforcement,INTERSTATE 295 SB SERVICE RAMP,,30.19705156,-81.74107814,5044,West,BLANDING BOULEVARD,,Interstate,Paved,Not at Intersection,N,Daylight,Clear,Dry,N,Other,Concrete Traffic Barrier,Shoulder,Y,Entrance/Exit Ramp,None,,,None,,,N,,,,,TPR,Florida Highway Patrol,Florida Highway Patrol (FHP),5/19/2024 19:14,11/4/2024 19:55,8,Y,Off Road,Off Road,Serious Injury,Incapacitating Injury,DAY,N,Y,N,N,Y,N,N,Y,N,0,1,0,0,1,0,0,0,0,0,0,0,0,0,1,1,0,0,0,0,0,0,0,0,0,N,0,0,N,0,0,1,0,0,0,1,1000,1000,1,0,0,Preliminary,Editor Mapped,428664.8896,3340849.735,30.19702536,-81.74108293
26827256,2024,9/19/2024 3:57,10/28/2024 7:50,575296,L,1,2,2,38,Duval,Jacksonville,Urban,9/19/2024 3:57,9/19/2024 3:58,9/19/2024 4:04,9/19/2024 6:21,Y,Law Enforcement,S PINEBROOK DR,11958,30.32118407,-81.86439175,131,East,,,Local,Unpaved,Not at Intersection,Y,Dark - Lighted,Clear,Dry,N,Front to Front,Ditch,Off Roadway,N,Non-Junction,None,,,None,,,N,,,,,DETECTIVE,Jacksonville Sheriff's Office,Sheriff's Office (SO),9/20/2024 19:36,10/29/2024 19:58,1,Y,Off Road,Off Road,Fatality,Fatal (within 30 days),NIGHT,Y,Y,N,N,N,N,N,Y,Y,0,1,0,1,0,1,1,0,0,0,0,0,0,0,1,0,0,1,2,1,0,1,0,0,0,N,0,0,N,0,0,0,0,1,500,1,3000,3500,1,0,0,Preliminary,Editor Mapped,416911.1896,3354709.674,30.32133985,-81.86427288
26831569,2024,11/2/2024 1:20,2/26/2025 14:20,670359,L,1,3,2,38,Duval,Jacksonville,Urban,11/2/2024 1:20,11/2/2024 1:21,11/2/2024 1:23,11/2/2024 5:00,Y,Law Enforcement,TALLEYRAND AVENUE,,30.34363462,-81.62817963,78,South,EAST 7TH STREET,,Local,Curb,Not at Intersection,Y,Dark - Lighted,Clear,Dry,N,Other,Fell/Jumped From Motor Vehicle,On Roadway,N,Non-Junction,"Rut, Holes, Bumps",,,None,,,N,,,,,DETECTIVE,Jacksonville Sheriff's Office,Sheriff's Office (SO),11/3/2024 19:22,3/1/2025 19:26,1,Y,Single Vehicle,Other,Fatality,Fatal (within 30 days),NIGHT,N,Y,N,N,N,N,N,N,N,2,0,0,0,0,1,1,0,0,0,0,0,0,0,1,0,0,2,3,0,0,1,0,0,0,N,0,0,N,0,0,1,0,0,0,0,0,0,1,0,0,Preliminary,Editor Mapped,439623.192,3357029.91,30.34362425,-81.62817504
26836778,2024,10/19/2024 1:43,12/9/2024 7:07,639878,L,2,2,2,38,Duval,Jacksonville,Urban,10/19/2024 1:45,10/19/2024 1:47,10/19/2024 1:52,10/19/2024 4:12,Y,Law Enforcement,EDGEWOOD AVE W,2100,30.3802788,-81.69565588,85,West,MONCRIEF RD,,State,Paved,Not at Intersection,N,Dark - Lighted,Clear,Dry,N,Front to Front,Motor Vehicle in Transport,On Roadway,N,Non-Junction,None,,,None,,,N,,,,,OFFICER,Jacksonville Sheriff's Office,Sheriff's Office (SO),10/20/2024 19:20,12/11/2024 19:32,1,Y,Left Entering,Left Turn,Fatality,Fatal (within 30 days),NIGHT,N,N,N,N,Y,N,N,Y,N,0,1,1,0,0,1,1,0,0,1,0,0,0,0,2,0,0,0,0,0,0,0,1,0,1,N,0,0,N,0,0,1,0,0,0,2,23000,23000,1,0,0,Preliminary,Editor Mapped,433162.3867,3361129.119,30.38027305,-81.69565261
26421218,2024,9/5/2024 5:29,9/5/2024 7:16,FHP24ON0445609,L,2,2,48,48,Clay,Middleburg,Urban,9/5/2024 5:29,9/5/2024 5:29,9/5/2024 5:29,9/5/2024 7:41,Y,Law Enforcement,COUNTY ROAD 218,,30.03299,-81.82162,795,West,SISTERS CT,,Interstate,Paved,Not at Intersection,N,Dawn,Cloudy,Wet,N,Other,Motor Vehicle in Transport,On Roadway,N,Non-Junction,None,,,None,,,N,,,,,TPR,Florida Highway Patrol,Florida Highway Patrol (FHP),9/12/2024 1:24,9/12/2024 1:24,7,Y,Other,Other,Serious Injury,Incapacitating Injury,NIGHT,N,N,N,N,N,N,N,Y,N,1,1,0,0,1,0,0,0,0,0,0,0,0,0,2,0,0,0,1,1,1,0,0,0,0,N,0,0,N,0,0,2,0,0,0,2,27000,27000,1,0,0,Preliminary,Editor Mapped,420551.0428,3322796.234,30.03361591,-81.82401541
26045839,2024,8/4/2024 20:20,8/4/2024 21:09,SJSO24CAD172010,L,2,2,20,0,St. Johns,Unincorporated,Rural,8/4/2024 20:30,8/4/2024 20:31,8/4/2024 20:34,8/4/2024 22:34,Y,Law Enforcement,LONGLEAF PINE PKWY,,30.05955,-81.60878,0,,ROBERTS RD,,County,Curb,T-Intersection,N,Dark - Lighted,Rain,Wet,N,Front to Front,Motor Vehicle in Transport,On Roadway,Y,Intersection,Work Zone,,,Weather Conditions,,,Y,Termination Area,Lane Shift/Crossover,N,N,LE DEPUTY,St. Johns County Sheriff's Office,Sheriff's Office (SO),8/6/2024 19:43,8/6/2024 19:43,2,Y,Left Entering,Left Turn,Serious Injury,Incapacitating Injury,NIGHT,N,N,N,Y,N,N,Y,N,N,0,2,1,0,1,0,0,0,0,0,0,0,0,0,2,0,1,0,0,0,0,0,0,0,0,N,0,0,N,0,0,1,0,0,0,2,80000,80000,1,0,0,Preliminary,Editor Mapped,441323.4528,3325546.012,30.05960298,-81.60873528
26438849,2024,11/4/2024 15:35,11/4/2024 18:47,FHP24ON0557882,L,3,7,2,38,Duval,Jacksonville,Urban,11/4/2024 17:08,11/4/2024 17:40,11/4/2024 17:40,11/4/2024 19:47,Y,Law Enforcement,STATE ROAD 134,,30.24834046,-81.75426839,626,East,HARLOW BLVD,,State,Curb,Four-Way Intersection,Y,Daylight,Clear,Dry,N,Other,Motor Vehicle in Transport,On Roadway,Y,Intersection,None,,,None,,,N,,,,,TPR,Florida Highway Patrol,Florida Highway Patrol (FHP),11/18/2024 19:42,11/18/2024 19:42,14,Y,Right Angle,Angle,Serious Injury,Incapacitating Injury,DAY,N,N,N,N,N,N,Y,N,N,6,1,0,0,1,0,0,0,0,1,0,0,0,0,3,0,0,4,0,0,0,0,1,1,0,N,0,0,N,0,0,1,0,0,0,2,7400,7400,1,0,0,Preliminary,Editor Mapped,427427.4871,3346543.308,30.24832816,-81.75432906
26439444,2024,10/27/2024 19:35,10/27/2024 20:31,FHP24ON0543531,L,2,2,41,30,Nassau,Callahan,Urban,10/27/2024 19:40,10/27/2024 19:41,10/27/2024 20:22,10/27/2024 21:17,Y,Law Enforcement,U.S.301,,30.56209,-81.83111,0,,BOOTH RD,,U.S.,Paved,Four-Way Intersection,N,Dark - Not Lighted,Clear,Dry,N,Angle,Motor Vehicle in Transport,On Roadway,Y,Intersection,None,,,None,,,N,,,,,TPR,Florida Highway Patrol,Florida Highway Patrol (FHP),11/11/2024 19:31,11/11/2024 19:31,15,Y,Right Angle,Angle,Serious Injury,Incapacitating Injury,NIGHT,N,N,N,Y,N,N,Y,N,N,0,2,0,0,2,0,0,0,0,0,0,0,0,0,2,0,1,0,1,1,1,0,0,0,0,N,0,0,N,0,0,1,0,0,0,2,25000,25000,2,0,0,Preliminary,Editor Mapped,420293.0988,3381364.154,30.56207227,-81.83113581
26252364,2024,11/13/2024 15:18,11/20/2024 14:40,SJSO24CAD251064,L,2,2,20,46,St. Johns,Ponte Vedra,Rural,11/13/2024 15:18,11/13/2024 15:19,11/13/2024 15:22,11/13/2024 17:30,Y,Law Enforcement,STATE ROAD A1A NORTH,,30.20584,-81.38031,0,,LATRIUM  DRIVE,,State,Unpaved,Four-Way Intersection,N,Daylight,Cloudy,Dry,N,Angle,Motor Vehicle in Transport,On Roadway,Y,Intersection,None,,,None,,,N,,,,,LE DEPUTY,St. Johns County Sheriff's Office,Sheriff's Office (SO),11/21/2024 19:27,12/6/2024 20:09,8,Y,Left Rear,Left Turn,Serious Injury,Incapacitating Injury,DAY,N,N,N,N,N,N,Y,N,N,0,2,0,1,1,0,0,0,0,0,0,0,0,0,2,2,0,0,0,0,0,0,0,0,0,N,0,0,N,0,0,1,0,0,0,2,25000,25000,2,0,0,Preliminary,Editor Mapped,463410.8437,3341655.743,30.20584202,-81.38015352
26214302,2024,8/4/2024 9:26,8/4/2024 0:00,2024016628,L,2,4,48,0,Clay,Unincorporated,Rural,8/4/2024 9:28,8/4/2024 9:29,8/4/2024 9:33,8/4/2024 9:33,Y,Law Enforcement,COUNTY ROAD 214,,29.776712,-81.966495,342,West,EL DORADO AVE,,County,Paved,Not at Intersection,N,Daylight,Clear,Dry,N,"Sideswipe, Opposite Direction",Motor Vehicle in Transport,On Roadway,N,Non-Junction,None,,,None,,,N,,,,,DEPUTY,Clay County Sheriff's Office,Sheriff's Office (SO),8/5/2024 19:32,8/5/2024 19:32,1,Y,Opposing Sideswipe,Sideswipe,Serious Injury,Incapacitating Injury,DAY,N,N,N,N,N,Y,N,Y,N,2,2,0,1,1,0,0,0,0,0,0,0,0,0,2,0,0,2,0,0,0,0,0,0,0,N,0,0,N,0,0,0,0,0,0,1,600,600,0,0,0,Preliminary,Editor Mapped,406573.8944,3294434.356,29.77670617,-81.96649147
26829883,2024,9/12/2024 10:10,9/13/2024 10:17,560776,L,1,2,2,38,Duval,Jacksonville,Urban,9/12/2024 10:12,9/12/2024 10:14,9/12/2024 10:18,9/12/2024 23:15,Y,Law Enforcement,FOURAKER RD,,30.2766836,-81.78136161,80,North,LOURDES DR N,,Local,Unpaved,Not at Intersection,N,Daylight,Cloudy,Dry,N,Angle,Pedestrian,On Roadway,N,Non-Junction,Work Zone,None,,None,,,Y,Activity Area,Lane Closure,Y,N,OFFICER,Jacksonville Sheriff's Office,Sheriff's Office (SO),9/14/2024 19:30,9/15/2024 19:17,2,Y,Pedestrian,Pedestrian,Fatality,Fatal (within 30 days),DAY,N,N,N,N,N,N,N,N,N,1,0,0,0,0,1,1,0,0,0,0,1,0,1,1,1,0,0,0,0,0,0,0,0,0,Y,0,1,N,0,0,0,0,0,0,1,1000,1000,1,0,0,Preliminary,Officer Mapped,424848.5689,3349702.515,30.27667788,-81.78135832
26832124,2024,9/17/2024 15:14,9/17/2024 15:45,571828,L,2,2,2,38,Duval,Jacksonville,Urban,9/17/2024 15:14,9/17/2024 15:14,9/17/2024 15:23,9/17/2024 17:48,Y,Law Enforcement,TALLULAH AVE,,30.3890228,-81.66107232,0,,LORAIN ST,,State,Curb,Four-Way Intersection,N,Daylight,Clear,Dry,N,Angle,Motor Vehicle in Transport,On Roadway,N,Intersection,None,,,None,,,N,,,,,CSO,Jacksonville Sheriff's Office,Sheriff's Office (SO),9/19/2024 19:27,9/19/2024 19:27,2,Y,Left Rear,Left Turn,Serious Injury,Incapacitating Injury,DAY,N,N,N,N,N,N,Y,N,N,0,2,0,0,2,0,0,0,0,0,0,0,0,0,2,0,1,0,0,0,0,0,0,0,0,N,0,0,N,0,0,1,0,2,7000,2,20000,27000,2,0,0,Preliminary,Editor Mapped,436491.182,3362077.453,30.38901018,-81.66106577
26425101,2024,9/16/2024 7:13,5/12/2025 16:06,FHP24ON0465965,L,2,2,2,38,Duval,Jacksonville,Urban,9/16/2024 7:13,9/16/2024 7:16,9/16/2024 8:40,9/16/2024 11:36,Y,Law Enforcement,SR-105 EB,,30.41461119,-81.60409855,2293,West,EASTPORT RD,,State,Paved,Not at Intersection,N,Dawn,Clear,Dry,N,Other,Motor Vehicle in Transport,On Roadway,N,Non-Junction,None,,,None,,,N,,,,,TPR,Florida Highway Patrol,Florida Highway Patrol (FHP),9/19/2024 0:21,5/19/2025 19:44,3,Y,Other,Other,Serious Injury,Incapacitating Injury,DAY,N,N,Y,N,N,N,N,N,N,1,1,0,0,1,0,0,0,1,0,0,0,0,0,2,0,0,0,0,0,0,0,0,0,0,N,0,0,N,0,0,1,0,0,0,2,7000,7000,1,0,0,Preliminary,Editor Mapped,441962.8613,3364868.557,30.41447163,-81.60426868
24330395,2024,11/16/2024 22:13,11/16/2024 23:34,701589,L,1,2,2,38,Duval,Jacksonville,Urban,11/16/2024 22:15,11/16/2024 22:16,11/16/2024 22:16,11/16/2024 23:30,Y,Law Enforcement,SOUTHSIDE CONNECTOR BLVD,,30.34850305,-81.55227237,168,South,MERRILL RD/SR-116 RAMP,,State,Paved,Not at Intersection,N,Dark - Lighted,Clear,Dry,N,Other,Bridge Pier or Support,Off Roadway,N,Non-Junction,None,,,None,,,N,,,,,OFFICER,Jacksonville Sheriff's Office,Sheriff's Office (SO),11/18/2024 19:42,11/18/2024 19:42,2,Y,Off Road,Off Road,Serious Injury,Incapacitating Injury,NIGHT,N,N,N,N,N,N,N,Y,N,0,2,0,0,2,0,0,0,0,0,0,0,0,0,1,0,0,1,0,0,0,0,0,0,0,N,0,0,N,0,0,0,0,5,1000,1,15000,16000,2,0,0,Preliminary,Editor Mapped,446921.6073,3357531.952,30.34849728,-81.55226915
26380445,2024,7/25/2024 15:47,7/25/2024 16:14,FHP24ON0370630,L,3,3,2,38,Duval,Jacksonville,Urban,7/25/2024 15:52,7/25/2024 16:01,7/25/2024 16:01,7/25/2024 16:56,Y,Law Enforcement,INTERSTATE 295 NB,,30.41474717,-81.56475841,144,North,ZOO PARKWAY,,Interstate,Paved,Not at Intersection,N,Daylight,Rain,Wet,N,Front to Rear,Motor Vehicle in Transport,On Roadway,N,Non-Junction,Road Surface Condition,,,Weather Conditions,,,N,,,,,TPR,Florida Highway Patrol,Florida Highway Patrol (FHP),8/5/2024 19:32,8/5/2024 19:32,11,Y,Rear End,Rear End,Serious Injury,Incapacitating Injury,DAY,N,N,N,N,N,N,N,N,N,0,3,2,0,1,0,0,0,0,0,0,0,0,0,3,0,0,0,0,0,0,0,0,0,0,N,0,0,N,0,0,1,0,0,0,3,10500,10500,1,0,0,Preliminary,Editor Mapped,445764.3495,3364020.168,30.40699326,-81.56464611
26108768,2024,9/14/2024 23:52,9/15/2024 1:22,566273,L,2,5,2,38,Duval,Jacksonville,Urban,9/14/2024 23:53,9/14/2024 23:53,9/15/2024 0:00,9/15/2024 1:22,Y,Law Enforcement,PARK ST,,30.30207179,-81.70624524,0,,EDGEWOOD AVE S,,State,Curb,Four-Way Intersection,N,Dusk,Cloudy,Dry,N,Front to Rear,Motor Vehicle in Transport,On Roadway,N,Intersection-Related,None,,,None,,,N,,,,,OFFICER,Jacksonville Sheriff's Office,Sheriff's Office (SO),9/16/2024 19:28,9/16/2024 19:28,2,Y,Head On,Head On,Serious Injury,Incapacitating Injury,NIGHT,N,N,N,N,N,N,Y,N,N,0,5,2,2,1,0,0,0,0,0,0,0,0,0,2,0,0,3,0,0,0,0,0,0,0,N,0,0,N,0,0,5,0,0,0,2,13000,13000,4,0,0,Preliminary,Editor Mapped,432086.3751,3352464.986,30.30203256,-81.70628962
26439443,2024,10/26/2024 12:08,12/5/2024 7:34,FHP24ON0541209,L,1,1,41,30,Nassau,Callahan,Urban,10/26/2024 12:13,10/26/2024 12:16,10/26/2024 12:49,10/26/2024 14:42,Y,Law Enforcement,U.S.1,,30.55542,-81.8238,86,North,MICKLER ST,,U.S.,Paved,T-Intersection,Y,Daylight,Clear,Dry,N,Other,Overturn/Rollover,On Roadway,N,Non-Junction,None,,,None,,,N,,,,,CPL,Florida Highway Patrol,Florida Highway Patrol (FHP),12/4/2024 19:29,12/10/2024 20:09,39,Y,Rollover,Rollover,Fatality,Fatal (within 30 days),DAY,N,N,N,N,N,N,N,Y,N,0,0,0,0,0,1,1,0,0,1,0,0,0,0,1,0,0,0,0,0,0,0,1,0,1,N,0,0,N,0,0,0,0,0,0,1,2000,2000,1,0,0,Verified,n/a,420975.3727,3380642.407,30.55560524,-81.82396706