REPORT_NUMBER,CRASH_YEAR,CRASH_DATE_AND_TIME,REPORT_DATE_AND_TIME,INVESTIGATING_AGENCY_REPORT_NUMBER,FORM_TYPE,TOTAL_NUMBER_OF_VEHICLES,TOTAL_NUMBER_OF_PERSONS,COUNTY_CODE,CITY_CODE,COUNTY_NAME,CITY_NAME,RURAL_OR_URBAN,NOTIFIED_TIME,DISPATCHED_TIME,ARRIVED_TIME,CLEARED_TIME,COMPLETED_FLAG,NOTIFIED_BY,ON_STREET_ROAD_HIGHWAY,STREET_ADDRESS_NUMBER,LATITUDE,LONGITUDE,FEET_FROM_INTERSECTION,DIRECTION_FROM_INTERSECTION,FROM_INTERSECTION_OF,MILEPOST_NUMBER,ROAD_SYSTEM_IDENTIFER,TYPE_OF_SHOULDER,TYPE_OF_INTERSECTION,PHOTOS_TAKEN,LIGHT_CONDITION,WEATHER_CONDITION,ROAD_SURFACE_CONDITION,SCHOOL_BUS_RELATED_CODE,TYPE_OF_IMPACT,FIRST_HARMFUL_EVENT,LOCATION,INTERCHANGE_FLAG,JUNCTION_FLAG,ROAD_CIRCUMSTANCES_1,ROAD_CIRCUMSTANCES_2,ROAD_CIRCUMSTANCES_3,ENVIRONMENT_CIRCUMSTANCES_1,ENVIRONMENT_CIRCUMSTANCES_2,ENVIRONMENT_CIRCUMSTANCES_3,WORK_ZONE_RELATED_FLAG,CRASH_IN_WORK_ZONE,TYPE_OF_WORK_ZONE,WORKERS_PRESENT,LAW_ENFORCEMENT_PRESENT,INVESTIGATOR_RANK,INVESTIGATING_AGENCY_NAME,INVESTIGATING_AGENCY_TYPE,LOAD_DATE,UPDATE_DATE,DAYS_TO_LOAD,CODEABLE,S4_CRASH_TYPE,S4_CRASH_TYPE_SIMPLIFIED,S4_CRASH_SEVERITY,S4_CRASH_SEVERITY_DETAIL,S4_DAY_OR_NIGHT,S4_IS_AGGRESSIVE_DRIVING,S4_IS_ALCOHOL_RELATED,S4_IS_CMV_INVOLVED,S4_IS_DISTRACTED,S4_IS_DRUG_RELATED,S4_IS_HIT_AND_RUN,S4_IS_INTERSECTION_RELATED,S4_IS_LANE_DEPARTURE_RELATED,S4_IS_SPEEDING_RELATED,S4_NONE_INJURY_COUNT,S4_INJURY_COUNT,S4_POSSIBLE_INJURY_COUNT,S4_NON_INCAPACITATING_INJURY_COUNT,S4_INCAPACITATING_INJURY_COUNT,S4_FATALITY_COUNT,S4_FATALITY_WITHIN_30_DAYS_COUNT,S4_NON_TRAFFIC_FATALITY_COUNT,S4_TRAILER_COUNT,S4_MOTORCYCLE_COUNT,S4_MOPED_COUNT,S4_NON_MOTORIST_COUNT,S4_BICYCLIST_COUNT,S4_PEDESTRIAN_COUNT,S4_DRIVER_COUNT,S4_AGING_DRIVER_COUNT,S4_TEENAGER_DRIVER_COUNT,S4_PASSENGER_COUNT,S4_UNRESTRAINED_COUNT,S4_UNRESTRAINED_INJURY_COUNT,S4_UNRESTRAINED_INCAPACITATING_INJURY_COUNT,S4_UNRESTRAINED_FATALITY_COUNT,S4_MOTORCYCLIST_COUNT,S4_MOTORCYCLIST_INCAPACITATING_INJURY_COUNT,S4_MOTORCYCLIST_FATALITY_COUNT,S4_IS_PEDESTRIAN_INVOLVED,S4_PEDESTRIAN_INCAPACITATING_INJURY_COUNT,S4_PEDESTRIAN_FATALITY_COUNT,S4_IS_BICYCLIST_INVOLVED,S4_BICYCLIST_INCAPACITATING_INJURY_COUNT,S4_BICYCLIST_FATALITY_COUNT,S4_CITATION_COUNT,S4_CITATION_AMOUNT,S4_PROPERTY_DAMAGE_COUNT,S4_PROPERTY_DAMAGE_AMOUNT,S4_VEHICLE_DAMAGE_COUNT,S4_VEHICLE_DAMAGE_AMOUNT,S4_TOTAL_DAMAGE_AMOUNT,S4_TRANSPORT_BY_EMS_COUNT,S4_TRANSPORT_BY_LAW_ENFORCEMENT_COUNT,S4_TRANSPORT_BY_OTHER_COUNT,S4_GEOLOCATION_STATUS,S4_PRELIMINARY_GEOLOCATION_STATUS,S4_X,S4_Y,S4_LATITUDE,S4_LONGITUDE
26104872,2024,8/23/2024 20:40,1/13/2025 9:59,518044,L,1,2,2,38,Duval,Jacksonville,Urban,8/23/2024 20:41,8/23/2024 20:42,8/23/2024 20:50,8/23/2024 21:58,Y,Law Enforcement,W BEAVER ST,,30.33566958,-81.68142009,179,West,TYLER ST,,U.S.,Paved,Not at Intersection,Y,Dark - Lighted,Cloudy,Dry,N,Front to Front,Pedestrian,On Roadway,N,Non-Junction,None,,,None,,,N,,,,,DETECTIVE,Jacksonville Sheriff's Office,Sheriff's Office (SO),8/30/2024 19:45,1/14/2025 20:09,7,Y,Pedestrian,Pedestrian,Serious Injury,Incapacitating Injury,NIGHT,N,N,N,N,N,Y,N,Y,N,1,1,0,0,1,0,0,0,0,0,0,1,0,1,1,0,0,0,0,0,0,0,0,0,0,Y,1,0,N,0,0,2,0,0,0,1,5000,5000,1,0,0,Preliminary,Editor Mapped,434500.4934,3356177.218,30.33566309,-81.68141651
26287658,2024,1/5/2024 21:34,9/14/2024 9:00,FHP24ON0008051,L,1,1,2,38,Duval,Jacksonville,Urban,1/5/2024 21:35,1/5/2024 21:38,1/5/2024 21:40,1/6/2024 2:16,Y,Law Enforcement,INTERSTATE 295,,30.16741,-81.54083,3403,West,PHILLIPS HIGHWAY,,Interstate,Paved,Not at Intersection,Y,Dark - Not Lighted,Clear,Dry,N,Other,Utility Pole/Light Support,Off Roadway,N,Non-Junction,None,,,None,,,N,,,,,TPR,Florida Highway Patrol,Florida Highway Patrol (FHP),1/12/2024 19:34,9/19/2024 19:26,7,Y,Off Road,Off Road,Fatality,Fatal (within 30 days),NIGHT,Y,N,N,N,N,N,N,Y,N,0,0,0,0,0,1,1,0,0,1,0,0,0,0,1,0,0,0,0,0,0,0,1,0,1,N,0,0,N,0,0,0,0,0,0,1,9000,9000,0,0,1,Preliminary,Editor Mapped,449949.203,3338252.646,30.17465245,-81.51985159
26377419,2024,9/7/2024 22:45,9/7/2024 23:50,FHP24ON0451187,L,1,1,48,0,Clay,Unincorporated,Urban,9/7/2024 23:03,9/7/2024 23:10,9/7/2024 23:43,9/8/2024 0:03,Y,Law Enforcement,STATE ROAD 100,,29.78144,-82.02428,195,West,SE LAKEVIEW DRIVE,,State,Unpaved,Not at Intersection,N,Dark - Not Lighted,Cloudy,Dry,N,Other,Pedestrian,On Roadway,N,Non-Junction,None,,,None,,,N,,,,,TPR,Florida Highway Patrol,Florida Highway Patrol (FHP),9/12/2024 19:27,9/12/2024 19:27,5,Y,Pedestrian,Pedestrian,Serious Injury,Incapacitating Injury,NIGHT,N,N,N,N,N,Y,N,N,N,0,1,0,0,1,0,0,0,0,0,0,1,0,1,0,0,0,0,0,0,0,0,0,0,0,Y,1,0,N,0,0,0,0,0,0,0,0,0,1,0,0,Preliminary,Editor Mapped,401080.96,3294954.845,29.78097531,-82.0233562
25838145,2024,8/17/2024 23:10,8/17/2024 23:34,SJSO24CAD182227,L,2,2,20,50,St. Johns,St. Augustine,Urban,8/17/2024 23:15,8/17/2024 23:17,8/17/2024 23:17,8/17/2024 23:48,Y,Law Enforcement,SRA1A/AVENIDA MENENDEZ,,29.89413,-81.31102,115,North,HYPOLITIA ST.,,State,Paved,Not at Intersection,Y,Dark - Lighted,Clear,Dry,N,"Sideswipe, Same Direction",Parked Motor Vehicle,On Roadway,N,Non-Junction,None,,,None,,,N,,,,,PATROLMAN,St. Augustine Police Department,Police Department (PD),8/24/2024 19:26,8/24/2024 19:26,7,Y,Parked Vehicle,Other,Serious Injury,Incapacitating Injury,NIGHT,N,N,N,N,N,N,N,Y,N,1,1,0,0,1,0,0,0,0,1,0,0,0,0,2,0,0,0,0,0,0,0,1,1,0,N,0,0,N,0,0,1,0,0,0,2,1100,1100,1,0,0,Preliminary,Editor Mapped,469969.2665,3307094.186,29.89412428,-81.3110377
89636956,2024,3/2/2024 1:46,9/1/2024 18:07,FHP24ON0106631,L,2,2,41,60,Nassau,Yulee,Urban,3/2/2024 1:51,3/2/2024 2:10,3/2/2024 3:04,3/2/2024 6:24,Y,Law Enforcement,U.S.17,,30.67135442,-81.6413004,66,South,CRANDALL RD,,U.S.,Paved,Not at Intersection,Y,Dark - Not Lighted,Cloudy,Wet,N,Front to Front,Motor Vehicle in Transport,On Roadway,N,Intersection-Related,None,,,None,,,N,,,,,TPR,Florida Highway Patrol,Florida Highway Patrol (FHP),4/6/2024 19:23,9/17/2024 19:49,35,Y,Head On,Head On,Fatality,Fatal (within 30 days),NIGHT,N,Y,N,N,Y,N,Y,N,N,0,1,0,0,1,1,1,0,0,0,0,0,0,0,2,0,0,0,0,0,0,0,0,0,0,N,0,0,N,0,0,0,0,0,0,2,50000,50000,1,0,1,Preliminary,Editor Mapped,438562.8864,3393355.068,30.67134524,-81.64135374
26425341,2024,10/28/2024 18:11,10/28/2024 19:29,FHP24ON0545178,L,1,3,48,42,Clay,Keystone Heights,Urban,10/28/2024 18:16,10/28/2024 18:22,10/28/2024 19:05,10/28/2024 20:45,Y,Law Enforcement,STATE ROAD 21,,29.89684,-81.9028,344,West,BLEMORE ROAD,,State,Paved,Not at Intersection,N,Dusk,Clear,Dry,N,Other,Tree (standing),Off Roadway,N,Non-Junction,None,,,None,,,N,,,,,TPR,Florida Highway Patrol,Florida Highway Patrol (FHP),11/14/2024 1:36,11/14/2024 1:36,17,Y,Off Road,Off Road,Serious Injury,Incapacitating Injury,DAY,N,N,N,N,N,N,N,Y,N,0,3,2,0,1,0,0,0,0,0,0,0,0,0,1,0,0,2,0,0,0,0,0,0,0,N,0,0,N,0,0,0,0,0,0,1,10000,10000,3,0,0,Preliminary,Editor Mapped,412760.4785,3307622.556,29.89616488,-81.90356867
82393061,2024,11/19/2024 17:50,11/19/2024 18:10,SJSO24CAD255654,L,2,2,20,50,St. Johns,St. Augustine,Rural,11/19/2024 17:51,11/19/2024 17:51,11/19/2024 17:51,11/19/2024 18:45,Y,Law Enforcement,STATE ROAD 16,,29.91639,-81.35135,0,,N FOURTH STREET,,State,Curb,Not at Intersection,N,Dark - Lighted,Clear,Dry,N,Angle,Motor Vehicle in Transport,On Roadway,N,Non-Junction,None,,,None,,,N,,,,,LE DEPUTY,St. Johns County Sheriff's Office,Sheriff's Office (SO),11/21/2024 19:27,11/21/2024 19:27,2,Y,Left Rear,Left Turn,Serious Injury,Incapacitating Injury,DAY,N,N,N,Y,N,N,N,N,N,1,1,0,0,1,0,0,0,0,0,0,0,0,0,2,1,0,0,0,0,0,0,0,0,0,N,0,0,N,0,0,2,0,0,0,2,15000,15000,1,0,0,Preliminary,Editor Mapped,466094.2018,3309584.708,29.91649945,-81.3512512
26386222,2024,8/19/2024 17:25,8/19/2024 17:59,FHP24ON0415879,L,2,2,20,0,St. Johns,Unincorporated,Rural,8/19/2024 17:29,8/19/2024 17:39,8/19/2024 17:44,8/19/2024 21:00,Y,Law Enforcement,5692 STATE ROAD 13 N,,29.99474,-81.59306,246,East,CROSSWINDS DRIVE,,State,Unpaved,Not at Intersection,N,Daylight,Clear,Dry,N,Front to Rear,Motor Vehicle in Transport,On Roadway,N,Non-Junction,None,,,None,,,N,,,,,TPR,Florida Highway Patrol,Florida Highway Patrol (FHP),9/12/2024 1:24,9/12/2024 1:24,24,Y,Rear End,Rear End,Serious Injury,Incapacitating Injury,DAY,N,N,N,Y,N,N,N,N,N,0,2,0,1,1,0,0,0,0,0,0,0,0,0,2,0,1,0,0,0,0,0,0,0,0,N,0,0,N,0,0,1,0,0,0,2,30000,30000,1,0,0,Preliminary,Editor Mapped,442868.3359,3318323.623,29.99450072,-81.59232113
26294086,2024,1/16/2024 13:40,6/18/2024 4:02,FHP24ON0026321,L,1,2,2,38,Duval,Jacksonville,Urban,1/16/2024 14:27,1/16/2024 14:32,1/16/2024 14:36,1/16/2024 15:49,Y,Law Enforcement,US-90 (BEAVER ST),,30.3128,-81.86222,111,West,FORT MILTON DR,,U.S.,Paved,T-Intersection,Y,Daylight,Cloudy,Wet,N,Other,Tree (standing),Shoulder,N,Intersection,None,,,None,,,N,,,,,TPR,Florida Highway Patrol,Florida Highway Patrol (FHP),2/6/2024 20:04,7/26/2024 19:37,21,Y,Off Road,Off Road,Fatality,Fatal (within 30 days),DAY,N,N,N,N,N,N,Y,N,N,0,1,1,0,0,1,1,0,0,0,0,0,0,0,1,1,0,1,2,1,0,1,0,0,0,N,0,0,N,0,0,0,0,0,0,1,1500,1500,2,0,0,Preliminary,Editor Mapped,417069.3788,3353748.371,30.31267674,-81.8625516
26833781,2024,9/2/2024 18:32,11/19/2024 10:38,539434,L,1,5,2,38,Duval,Jacksonville,Urban,9/2/2024 18:33,9/2/2024 18:33,9/2/2024 18:41,9/2/2024 22:55,Y,Law Enforcement,DUNN CREEK RD,,30.45461838,-81.60141435,148,North,DUNNS BRANCH DR N,,Local,Paved,Not at Intersection,N,Daylight,Clear,Dry,N,Other,Guardrail Face,Roadside,N,Non-Junction,Unknown,,,Unknown,,,N,,,,,OFFICER,Jacksonville Sheriff's Office,Sheriff's Office (SO),9/3/2024 19:34,11/20/2024 19:46,1,Y,Off Road,Off Road,Fatality,Fatal (within 30 days),DAY,Y,Y,N,N,Y,N,N,Y,Y,4,0,0,0,0,1,1,0,0,0,0,0,0,0,1,0,1,4,1,0,0,1,0,0,0,N,0,0,N,0,0,2,0,1,2500,1,15000,17500,0,0,0,Verified,n/a,442245.9867,3369308.653,30.45455051,-81.60156685
26109263,2024,11/23/2024 4:40,11/23/2024 4:55,714871,L,1,2,2,38,Duval,Jacksonville,Urban,11/23/2024 4:42,11/23/2024 4:42,11/23/2024 4:48,11/23/2024 5:37,Y,Law Enforcement,BEACH BLVD,3100,30.30545744,-81.63576477,407,East,RIDGEWOOD PL,,U.S.,Curb,Not at Intersection,N,Dark - Lighted,Clear,Dry,N,Front to Front,Concrete Traffic Barrier,On Roadway,N,Non-Junction,None,,,None,,,N,,,,,OFFICER,Jacksonville Sheriff's Office,Sheriff's Office (SO),11/24/2024 19:17,11/24/2024 19:17,1,Y,Off Road,Off Road,Serious Injury,Incapacitating Injury,NIGHT,N,N,N,N,N,N,N,Y,N,0,2,0,1,1,0,0,0,0,0,0,0,0,0,1,0,0,1,0,0,0,0,0,0,0,N,0,0,N,0,0,1,0,0,0,1,5000,5000,2,0,0,Preliminary,Editor Mapped,438870.3051,3352803.805,30.30545168,-81.63576153
26840180,2024,11/26/2024 18:16,1/24/2025 15:00,721970,L,2,2,2,38,Duval,Jacksonville,Urban,11/26/2024 18:16,11/26/2024 18:16,11/26/2024 18:31,11/26/2024 21:06,Y,Law Enforcement,ARGYLE FOREST BLVD,,30.19277581,-81.78719173,,,SPENCERS TRACE DR,,Local,Paved,T-Intersection,Y,Daylight,Clear,Dry,N,Angle,Motor Vehicle in Transport,On Roadway,N,Intersection,None,,,None,,,N,,,,,DETECTIVE,Jacksonville Sheriff's Office,Sheriff's Office (SO),11/28/2024 19:27,1/25/2025 19:25,2,Y,Right Angle,Angle,Fatality,Fatal (within 30 days),DAY,Y,N,N,N,N,N,Y,N,Y,1,0,0,0,0,1,1,0,0,1,0,0,0,0,2,0,1,0,0,0,0,0,1,0,1,N,0,0,N,0,0,1,0,0,0,2,12000,12000,0,0,1,Verified,n/a,424227.3606,3340403.588,30.19273094,-81.78714777
26440843,2024,9/27/2024 14:50,9/27/2024 15:10,FHP24ON0486412,L,2,4,2,38,Duval,Jacksonville,Urban,9/27/2024 14:53,9/27/2024 14:55,9/27/2024 14:55,9/27/2024 16:01,Y,Law Enforcement,NORMANDY BLVD,,30.29944615,-81.76738043,0,,MEMORIAL PARK,,State,Curb,Four-Way Intersection,N,Daylight,Clear,Dry,N,Angle,Motor Vehicle in Transport,On Roadway,N,Intersection,None,,,None,,,N,,,,,TPR,Florida Highway Patrol,Florida Highway Patrol (FHP),10/1/2024 19:43,10/1/2024 19:43,4,Y,Left Entering,Left Turn,Serious Injury,Incapacitating Injury,DAY,N,N,N,Y,N,N,Y,N,N,0,4,3,0,1,0,0,0,0,0,0,0,0,0,2,2,0,2,0,0,0,0,0,0,0,N,0,0,N,0,0,1,0,0,0,2,20000,20000,1,0,0,Preliminary,Editor Mapped,426217.2934,3352214.95,30.29943275,-81.76730504
25755789,2024,10/1/2024 2:35,10/15/2024 13:05,SJSO24OFF010244,L,2,2,20,0,St. Johns,Unincorporated,Rural,10/1/2024 14:40,10/1/2024 14:40,10/1/2024 14:46,10/1/2024 19:06,Y,Law Enforcement,GREENBRIAR RD,,30.06203,-81.64885,,,BRAMBLY VINE DR,,County,Paved,Four-Way Intersection,N,Daylight,Clear,Dry,N,Other,Motor Vehicle in Transport,On Roadway,Y,Intersection,None,,,None,,,N,,,,,LE DEPUTY,St. Johns County Sheriff's Office,Sheriff's Office (SO),10/3/2024 19:30,10/25/2024 19:48,2,Y,Left Entering,Left Turn,Serious Injury,Incapacitating Injury,NIGHT,N,N,Y,N,N,N,Y,N,N,1,1,0,0,1,0,0,0,1,1,0,0,0,0,2,0,0,0,0,0,0,0,1,1,0,N,0,0,N,0,0,1,0,0,0,2,2250,2250,1,0,0,Preliminary,Editor Mapped,439347.8452,3325406.965,30.05825175,-81.62922212
26369718,2024,8/21/2024 20:31,5/1/2025 13:21,FHP24ON0419839,L,2,2,41,40,Nassau,Fernandina Beach,Urban,8/21/2024 20:31,8/21/2024 20:34,8/21/2024 21:17,8/22/2024 1:30,Y,Law Enforcement,STATE ROAD 200 EAST BOUND,,30.61929,-81.50103,186,East,MARSH LAKES DR,,Interstate,Paved,Not at Intersection,N,Dark - Not Lighted,Clear,Wet,N,Front to Front,Motor Vehicle in Transport,On Roadway,N,Non-Junction,None,,,None,,,N,,,,,TPR,Florida Highway Patrol,Florida Highway Patrol (FHP),8/31/2024 19:26,5/7/2025 19:23,10,Y,Head On,Head On,Serious Injury,Incapacitating Injury,NIGHT,N,Y,N,N,N,N,N,Y,N,1,1,0,0,1,0,0,0,0,0,0,0,0,0,2,0,0,0,0,0,0,0,0,0,0,N,0,0,N,0,0,1,0,0,0,2,22000,22000,1,0,0,Preliminary,Editor Mapped,452028.0543,3387546.948,30.61955418,-81.50052346
26839137,2024,12/5/2024 22:25,12/5/2024 23:06,740217,L,2,4,2,38,Duval,Jacksonville,Urban,12/5/2024 22:28,12/5/2024 22:28,12/5/2024 22:30,12/5/2024 23:13,Y,Law Enforcement,SR 113 (SOUTHSIDE CONNECTOR BLVD),,30.33449244,-81.55179817,10,North,TREDNICK PKWY,,State,Curb,Other,N,Dark - Lighted,Clear,Dry,N,"Sideswipe, Same Direction",Motor Vehicle in Transport,On Roadway,Y,Entrance/Exit Ramp,None,,,None,,,N,,,,,OFFICER,Jacksonville Sheriff's Office,Sheriff's Office (SO),12/7/2024 19:26,12/7/2024 19:26,2,Y,Same Direction Sideswipe,Sideswipe,Serious Injury,Incapacitating Injury,NIGHT,N,N,N,N,N,N,N,Y,N,0,4,2,1,1,0,0,0,0,0,0,0,0,0,2,0,0,2,0,0,0,0,0,0,0,N,0,0,N,0,0,1,0,2,6000,2,55000,61000,4,0,0,Preliminary,Editor Mapped,446959.6294,3355979.126,30.33448668,-81.55179495
26835252,2024,9/30/2024 17:10,9/30/2024 17:40,600663,L,1,2,2,38,Duval,Jacksonville,Urban,9/30/2024 17:10,9/30/2024 17:10,9/30/2024 17:21,9/30/2024 18:57,Y,Law Enforcement,N MAIN ST,,30.37265182,-81.65131228,0,,E 44TH ST,,U.S.,Curb,Four-Way Intersection,N,Daylight,Clear,Dry,N,Angle,Pedalcycle,On Roadway,N,Intersection,None,,,None,,,N,,,,,CSO,Jacksonville Sheriff's Office,Sheriff's Office (SO),10/3/2024 0:56,10/3/2024 0:56,3,Y,Bicycle,Bicycle,Serious Injury,Incapacitating Injury,DAY,N,N,N,Y,N,N,Y,N,N,1,1,0,0,1,0,0,0,0,0,0,1,1,0,1,0,0,0,0,0,0,0,0,0,0,N,0,0,Y,1,0,2,0,1,2000,1,5000,7000,1,0,0,Preliminary,Editor Mapped,437421.7854,3360260.364,30.37266233,-81.65127088
26110032,2024,9/26/2024 0:40,9/26/2024 2:58,590509,L,1,2,2,38,Duval,Jacksonville,Urban,9/26/2024 1:03,9/26/2024 1:03,9/26/2024 1:03,9/26/2024 1:03,Y,Law Enforcement,BEAVER ST W,,30.33047431,-81.71295631,56,East,MACKINAW ST,,U.S.,Paved,Not at Intersection,N,Dark - Not Lighted,Clear,Dry,N,Front to Front,Pedestrian,On Roadway,N,Non-Junction,None,,,None,,,N,,,,,OFFICER,Jacksonville Sheriff's Office,Sheriff's Office (SO),9/27/2024 19:27,9/27/2024 19:27,1,Y,Pedestrian,Pedestrian,Serious Injury,Incapacitating Injury,NIGHT,N,N,N,N,N,Y,N,Y,N,1,1,0,0,1,0,0,0,0,0,0,1,0,1,1,0,0,0,0,0,0,0,0,0,0,Y,1,0,N,0,0,0,0,0,0,1,1500,1500,0,0,1,Preliminary,Editor Mapped,431479.2005,3355628.639,30.33054547,-81.71281033
26113036,2024,10/22/2024 18:40,10/22/2024 19:10,647237,L,1,1,2,38,Duval,Jacksonville,Urban,10/22/2024 18:46,10/22/2024 18:47,10/22/2024 18:51,10/22/2024 19:30,N,Law Enforcement,ARLINGTON PL,,30.32000196,-81.57981404,58,North,ARLINGTON RD N,,Local,Unpaved,T-Intersection,N,Dusk,Clear,Dry,N,Angle,Pedalcycle,On Roadway,N,Non-Junction,None,,,None,,,N,,,,,OFFICER,Jacksonville Sheriff's Office,Sheriff's Office (SO),10/24/2024 0:20,10/24/2024 0:20,2,Y,Bicycle,Bicycle,Serious Injury,Incapacitating Injury,DAY,N,N,N,N,N,Y,N,N,N,0,1,0,0,1,0,0,0,0,0,0,1,1,0,0,0,0,0,0,0,0,0,0,0,0,N,0,0,Y,1,0,0,0,1,100,0,0,100,1,0,0,Preliminary,Editor Mapped,444265.4531,3354393.16,30.32005415,-81.57973781
26117565,2024,9/25/2024 19:07,9/25/2024 19:38,589977,L,1,1,2,38,Duval,Jacksonville,Urban,9/25/2024 19:08,9/25/2024 19:09,9/25/2024 19:10,9/25/2024 19:50,Y,Law Enforcement,BEACH BLVD,,30.2960027,-81.61357622,8,West,EMERSON EXPY/SR-126/US-1-ALT RAMP,,U.S.,Curb,Not at Intersection,N,Dusk,Clear,Dry,N,Front to Rear,Motor Vehicle in Transport,On Roadway,N,Non-Junction,None,,,None,,,N,,,,,OFFICER,Jacksonville Sheriff's Office,Sheriff's Office (SO),9/27/2024 19:27,9/27/2024 19:27,2,Y,Single Vehicle,Other,Serious Injury,Incapacitating Injury,NIGHT,N,N,N,N,Y,N,N,N,N,0,1,0,0,1,0,0,0,0,0,0,0,0,0,1,0,0,0,0,0,0,0,0,0,0,N,0,0,N,0,0,0,0,0,0,1,10000,10000,1,0,0,Preliminary,Editor Mapped,440998.6871,3351742.559,30.29598101,-81.61356736
26840725,2024,12/5/2024 16:48,12/5/2024 17:31,739593,L,2,3,2,38,Duval,Jacksonville,Urban,12/5/2024 16:52,12/5/2024 16:55,12/5/2024 17:01,12/5/2024 20:30,Y,Law Enforcement,PHILIPS HWY,,30.29682243,-81.64042128,443,South,ST AUGUSTINE RD E,,U.S.,Curb,Not at Intersection,N,Daylight,Clear,Dry,N,Front to Rear,Motor Vehicle in Transport,On Roadway,N,Non-Junction,None,,,None,,,N,,,,,CSO,Jacksonville Sheriff's Office,Sheriff's Office (SO),12/7/2024 19:26,12/7/2024 19:26,2,Y,Rear End,Rear End,Serious Injury,Incapacitating Injury,DAY,N,N,N,N,N,N,N,Y,N,2,1,0,0,1,0,0,0,0,0,0,0,0,0,2,1,0,1,0,0,0,0,0,0,0,N,0,0,N,0,0,1,0,2,20000,2,26000,46000,1,0,0,Preliminary,Editor Mapped,438417.1673,3351849.419,30.29681668,-81.64041803
26377425,2024,9/20/2024 17:20,9/20/2024 18:30,FHP24ON0474250,L,2,2,48,0,Clay,Unincorporated,Rural,9/20/2024 17:25,9/20/2024 17:46,9/20/2024 18:09,9/20/2024 19:10,Y,Law Enforcement,STATE ROAD 100,,29.79249,-82.04231,200,West,SUNRISE BOULEVARD,,State,Unpaved,Not at Intersection,N,Daylight,Clear,Dry,N,Front to Rear,Motor Vehicle in Transport,On Roadway,N,Non-Junction,None,,,None,,,N,,,,,TPR,Florida Highway Patrol,Florida Highway Patrol (FHP),9/27/2024 19:27,9/27/2024 19:27,7,Y,Rear End,Rear End,Serious Injury,Incapacitating Injury,DAY,N,N,N,N,N,N,N,Y,N,1,1,0,0,1,0,0,0,0,0,0,0,0,0,2,2,0,0,0,0,0,0,0,0,0,N,0,0,N,0,0,0,0,2,25000,2,12500,37500,1,0,0,Preliminary,Editor Mapped,399211.0575,3296281.077,29.79279132,-82.04282248
26190794,2024,9/16/2024 17:57,9/16/2024 0:00,2024-00091324,L,1,1,41,40,Nassau,Fernandina Beach,Rural,9/16/2024 17:57,9/16/2024 17:57,9/16/2024 18:19,9/16/2024 18:37,Y,Law Enforcement,SR 200,,,,200,East,PINEY ISLAND DR,,State,Unpaved,Not at Intersection,,Daylight,Cloudy,Dry,N,Other,Tree (standing),Off Roadway,N,Non-Junction,None,,,None,,,N,,,,,Dep.,Nassau County Sheriff's Office,Sheriff's Office (SO),9/27/2024 19:27,9/27/2024 19:27,11,Y,Off Road,Off Road,Serious Injury,Incapacitating Injury,DAY,Y,N,N,N,N,N,N,Y,Y,0,1,0,0,1,0,0,0,0,0,0,0,0,0,1,0,1,0,1,1,1,0,0,0,0,N,0,0,N,0,0,0,0,0,0,1,30000,30000,1,0,0,Preliminary,Editor Mapped,452351.1691,3387764.399,30.62152926,-81.49716232
26104039,2024,8/8/2024 4:30,8/8/2024 5:05,482258,L,1,2,2,38,Duval,Jacksonville,Urban,8/8/2024 4:37,8/8/2024 4:41,8/8/2024 4:46,8/8/2024 5:35,Y,Law Enforcement,DIGNAN ST,,30.32475102,-81.71318211,421,West,SUMMER ST,,Local,Unpaved,Not at Intersection,N,Dark - Lighted,Clear,Wet,N,Other,Tree (standing),On Roadway,N,Non-Junction,None,,,Other,,,N,,,,,OFFICER,Jacksonville Sheriff's Office,Sheriff's Office (SO),8/9/2024 19:33,8/9/2024 19:33,1,Y,Off Road,Off Road,Serious Injury,Incapacitating Injury,NIGHT,N,N,N,N,N,N,N,Y,N,0,2,0,1,1,0,0,0,0,0,0,0,0,0,1,0,0,1,0,0,0,0,0,0,0,N,0,0,N,0,0,1,0,0,0,1,5000,5000,1,0,0,Preliminary,Editor Mapped,431439.7356,3354986.098,30.32474529,-81.71317884
26826196,2024,8/13/2024 6:32,8/28/2024 8:53,493287,L,2,3,2,38,Duval,Jacksonville,Urban,8/13/2024 6:32,8/13/2024 6:32,8/13/2024 6:39,8/13/2024 9:53,N,Law Enforcement,W 27TH ST,,30.3609385,-81.67425784,0,,CHASE AVE,,Local,Paved,Four-Way Intersection,N,Daylight,Clear,Dry,N,Angle,Motor Vehicle in Transport,On Roadway,N,Intersection,None,,,None,,,N,,,,,DETECTIVE,Jacksonville Sheriff's Office,Sheriff's Office (SO),8/15/2024 1:20,8/29/2024 19:29,2,Y,Right Angle,Angle,Fatality,Fatal (within 30 days),NIGHT,N,N,N,Y,N,N,Y,N,N,1,1,0,1,0,1,1,0,0,0,0,0,0,0,2,0,0,1,1,0,0,1,0,0,0,N,0,0,N,0,0,3,0,1,5000,2,20000,25000,2,0,0,Verified,n/a,435205.5833,3358973.432,30.36093276,-81.67425458