REPORT_NUMBER,CRASH_YEAR,CRASH_DATE_AND_TIME,REPORT_DATE_AND_TIME,INVESTIGATING_AGENCY_REPORT_NUMBER,FORM_TYPE,TOTAL_NUMBER_OF_VEHICLES,TOTAL_NUMBER_OF_PERSONS,COUNTY_CODE,CITY_CODE,COUNTY_NAME,CITY_NAME,RURAL_OR_URBAN,NOTIFIED_TIME,DISPATCHED_TIME,ARRIVED_TIME,CLEARED_TIME,COMPLETED_FLAG,NOTIFIED_BY,ON_STREET_ROAD_HIGHWAY,STREET_ADDRESS_NUMBER,LATITUDE,LONGITUDE,FEET_FROM_INTERSECTION,DIRECTION_FROM_INTERSECTION,FROM_INTERSECTION_OF,MILEPOST_NUMBER,ROAD_SYSTEM_IDENTIFER,TYPE_OF_SHOULDER,TYPE_OF_INTERSECTION,PHOTOS_TAKEN,LIGHT_CONDITION,WEATHER_CONDITION,ROAD_SURFACE_CONDITION,SCHOOL_BUS_RELATED_CODE,TYPE_OF_IMPACT,FIRST_HARMFUL_EVENT,LOCATION,INTERCHANGE_FLAG,JUNCTION_FLAG,ROAD_CIRCUMSTANCES_1,ROAD_CIRCUMSTANCES_2,ROAD_CIRCUMSTANCES_3,ENVIRONMENT_CIRCUMSTANCES_1,ENVIRONMENT_CIRCUMSTANCES_2,ENVIRONMENT_CIRCUMSTANCES_3,WORK_ZONE_RELATED_FLAG,CRASH_IN_WORK_ZONE,TYPE_OF_WORK_ZONE,WORKERS_PRESENT,LAW_ENFORCEMENT_PRESENT,INVESTIGATOR_RANK,INVESTIGATING_AGENCY_NAME,INVESTIGATING_AGENCY_TYPE,LOAD_DATE,UPDATE_DATE,DAYS_TO_LOAD,CODEABLE,S4_CRASH_TYPE,S4_CRASH_TYPE_SIMPLIFIED,S4_CRASH_SEVERITY,S4_CRASH_SEVERITY_DETAIL,S4_DAY_OR_NIGHT,S4_IS_AGGRESSIVE_DRIVING,S4_IS_ALCOHOL_RELATED,S4_IS_CMV_INVOLVED,S4_IS_DISTRACTED,S4_IS_DRUG_RELATED,S4_IS_HIT_AND_RUN,S4_IS_INTERSECTION_RELATED,S4_IS_LANE_DEPARTURE_RELATED,S4_IS_SPEEDING_RELATED,S4_NONE_INJURY_COUNT,S4_INJURY_COUNT,S4_POSSIBLE_INJURY_COUNT,S4_NON_INCAPACITATING_INJURY_COUNT,S4_INCAPACITATING_INJURY_COUNT,S4_FATALITY_COUNT,S4_FATALITY_WITHIN_30_DAYS_COUNT,S4_NON_TRAFFIC_FATALITY_COUNT,S4_TRAILER_COUNT,S4_MOTORCYCLE_COUNT,S4_MOPED_COUNT,S4_NON_MOTORIST_COUNT,S4_BICYCLIST_COUNT,S4_PEDESTRIAN_COUNT,S4_DRIVER_COUNT,S4_AGING_DRIVER_COUNT,S4_TEENAGER_DRIVER_COUNT,S4_PASSENGER_COUNT,S4_UNRESTRAINED_COUNT,S4_UNRESTRAINED_INJURY_COUNT,S4_UNRESTRAINED_INCAPACITATING_INJURY_COUNT,S4_UNRESTRAINED_FATALITY_COUNT,S4_MOTORCYCLIST_COUNT,S4_MOTORCYCLIST_INCAPACITATING_INJURY_COUNT,S4_MOTORCYCLIST_FATALITY_COUNT,S4_IS_PEDESTRIAN_INVOLVED,S4_PEDESTRIAN_INCAPACITATING_INJURY_COUNT,S4_PEDESTRIAN_FATALITY_COUNT,S4_IS_BICYCLIST_INVOLVED,S4_BICYCLIST_INCAPACITATING_INJURY_COUNT,S4_BICYCLIST_FATALITY_COUNT,S4_CITATION_COUNT,S4_CITATION_AMOUNT,S4_PROPERTY_DAMAGE_COUNT,S4_PROPERTY_DAMAGE_AMOUNT,S4_VEHICLE_DAMAGE_COUNT,S4_VEHICLE_DAMAGE_AMOUNT,S4_TOTAL_DAMAGE_AMOUNT,S4_TRANSPORT_BY_EMS_COUNT,S4_TRANSPORT_BY_LAW_ENFORCEMENT_COUNT,S4_TRANSPORT_BY_OTHER_COUNT,S4_GEOLOCATION_STATUS,S4_PRELIMINARY_GEOLOCATION_STATUS,S4_X,S4_Y,S4_LATITUDE,S4_LONGITUDE
26115177,2024,3/28/2024 12:20,7/29/2024 7:18,192364,L,3,3,2,38,Duval,Jacksonville,Urban,3/28/2024 12:22,3/28/2024 12:22,3/28/2024 12:31,3/28/2024 13:48,Y,Law Enforcement,SR 105 (ZOO PARKWAY),,30.40776829,-81.64989487,44,West,N MAIN ST/US-17/SR-5 RAMP,,State,Unpaved,Not at Intersection,N,Daylight,Clear,Dry,N,Front to Rear,Motor Vehicle in Transport,On Roadway,N,Non-Junction,None,,,None,,,N,,,,,DETECTIVE,Jacksonville Sheriff's Office,Sheriff's Office (SO),3/30/2024 19:17,8/1/2024 1:11,2,Y,Rear End,Rear End,Fatality,Fatal (within 30 days),DAY,N,N,N,N,N,N,N,N,N,1,1,1,0,0,1,1,0,0,0,0,0,0,0,3,1,0,0,1,1,0,0,0,0,0,N,0,0,N,0,0,3,0,0,0,3,25500,25500,1,0,0,Preliminary,Editor Mapped,437576.6374,3364149.346,30.40776254,-81.64989161
89702674,2024,9/13/2024 20:03,10/23/2024 15:06,FHP24ON0462343,L,1,1,48,40,Clay,Green Cove Springs,Rural,9/13/2024 20:09,9/13/2024 21:10,9/13/2024 21:34,9/14/2024 2:55,Y,Law Enforcement,CR 209,,29.86747113,-81.62202851,2071,North,SNAKE ROAD,,County,Unpaved,Not at Intersection,Y,Dark - Lighted,Clear,Dry,N,Other,Other Non-Collision,Off Roadway,N,Non-Junction,None,,,None,,,N,,,,,CPL,Florida Highway Patrol,Florida Highway Patrol (FHP),10/3/2024 19:30,10/24/2024 19:30,20,Y,Single Vehicle,Other,Fatality,Fatal (within 30 days),NIGHT,N,N,N,Y,Y,N,N,Y,N,0,0,0,0,0,1,1,0,0,0,0,0,0,0,1,0,0,0,1,0,0,1,0,0,0,N,0,0,N,0,0,0,0,1,2000,1,20000,22000,0,0,1,Preliminary,Editor Mapped,440032.084,3303505.449,29.86064332,-81.6208944
26460438,2024,12/20/2024 21:03,1/22/2025 10:15,FHP24ON0640393,L,1,1,2,38,Duval,Jacksonville,Urban,12/20/2024 21:08,12/20/2024 21:18,12/20/2024 21:45,12/21/2024 1:50,Y,Law Enforcement,INTERSTATE 295,,30.33688424,-81.53766858,0,,MONUMENT ROAD,,Interstate,Paved,Not at Intersection,Y,Dark - Lighted,Clear,Dry,N,Other,"Other Post, Pole or Support",Median,N,Non-Junction,None,,,None,,,N,,,,,CPL,Florida Highway Patrol,Florida Highway Patrol (FHP),12/24/2024 19:51,1/24/2025 19:58,4,Y,Off Road,Off Road,Fatality,Fatal (within 30 days),NIGHT,N,N,N,N,Y,N,N,Y,N,0,0,0,0,0,1,1,0,0,0,0,0,0,0,1,0,0,0,1,0,0,1,0,0,0,N,0,0,N,0,0,0,0,0,0,1,15000,15000,0,0,1,Preliminary,Computer mapped approximate by address,447535.756,3357082.04,30.34446423,-81.54585678
26334108,2024,7/15/2024 18:12,9/20/2024 19:04,FHP24ON0353558,L,2,2,2,38,Duval,Jacksonville,Urban,7/15/2024 18:21,7/15/2024 18:23,7/15/2024 18:31,7/15/2024 19:42,Y,Law Enforcement,STATE ROAD 23,,30.24092,-81.84402,5230,South,STATE ROAD 134,,Interstate,Paved,Not at Intersection,N,Daylight,Clear,Dry,N,Angle,Motor Vehicle in Transport,On Roadway,N,Non-Junction,None,,,None,,,N,,,,,TPR,Florida Highway Patrol,Florida Highway Patrol (FHP),7/27/2024 19:21,10/3/2024 0:55,12,Y,Rear End,Rear End,Serious Injury,Incapacitating Injury,DAY,N,N,N,Y,N,N,N,Y,N,0,2,0,1,1,0,0,0,0,0,0,0,0,0,2,0,0,0,1,1,1,0,0,0,0,N,0,0,N,0,0,3,0,0,0,2,38000,38000,1,0,0,Preliminary,Editor Mapped,418785.7514,3344876.557,30.23274059,-81.84401623
26430322,2024,11/18/2024 18:35,11/18/2024 19:32,FHP24ON0582699,L,2,2,2,38,Duval,Jacksonville,Urban,11/18/2024 18:40,11/18/2024 18:41,11/18/2024 18:41,11/18/2024 20:41,Y,Law Enforcement,INTERSTATE 10 EB,,30.30741,-81.87019,3194,West,CHAFFEE ROAD,,Interstate,Paved,Not at Intersection,N,Dark - Lighted,Clear,Dry,N,Front to Rear,Motor Vehicle in Transport,On Roadway,N,Non-Junction,None,,,None,,,N,,,,,TPR,Florida Highway Patrol,Florida Highway Patrol (FHP),12/2/2024 19:56,12/2/2024 19:56,14,Y,Rear End,Rear End,Serious Injury,Incapacitating Injury,DAY,N,N,N,N,N,N,N,N,N,0,2,1,0,1,0,0,0,0,0,0,0,0,0,2,1,0,0,0,0,0,0,0,0,0,N,0,0,N,0,0,1,0,0,0,2,35000,35000,1,0,0,Preliminary,Editor Mapped,417431.2327,3353256.3,30.30826145,-81.85874964
89719126,2024,2/26/2024 11:46,9/21/2024 10:18,FHP24ON0097682,L,3,3,2,38,Duval,Jacksonville,Urban,2/26/2024 11:50,2/26/2024 11:57,2/26/2024 12:09,2/26/2024 16:00,Y,Law Enforcement,INTERSTATE 295,,30.31513,-81.76913,1940,South,INTERSTATE 10 ON RAMP,,Interstate,Paved,Not at Intersection,Y,Daylight,Clear,Dry,N,Front to Rear,Motor Vehicle in Transport,On Roadway,N,Entrance/Exit Ramp,None,,,None,,,N,,,,,TPR,Florida Highway Patrol,Florida Highway Patrol (FHP),3/12/2024 20:14,9/26/2024 19:28,15,Y,Parked Vehicle,Other,Fatality,Fatal (within 30 days),DAY,N,N,Y,N,Y,Y,N,Y,N,1,1,0,1,0,1,1,0,1,0,0,2,0,0,1,0,0,0,1,0,0,0,0,0,0,N,0,0,N,0,0,3,0,0,0,3,16000,16000,1,0,0,Preliminary,Editor Mapped,426052.5498,3354053.062,30.31600865,-81.76914766
26301908,2024,3/1/2024 15:52,10/2/2024 18:41,FHP24ON0105657,L,3,4,48,0,Clay,Unincorporated,Rural,3/1/2024 15:57,3/1/2024 16:00,3/1/2024 16:30,3/1/2024 18:27,Y,Law Enforcement,COUNTY ROAD 215,,29.99888,-81.94832,30,West,RANGE LINE RD,,County,Paved,Not at Intersection,Y,Daylight,Clear,Dry,N,Front to Front,Motor Vehicle in Transport,On Roadway,N,Non-Junction,None,,,None,,,N,,,,,CPL,Florida Highway Patrol,Florida Highway Patrol (FHP),3/15/2024 19:23,10/11/2024 19:23,14,Y,Head On,Head On,Fatality,Fatal (within 30 days),DAY,N,N,N,N,N,N,N,Y,N,1,2,0,2,0,1,1,0,0,0,0,0,0,0,3,0,0,1,1,0,0,1,0,0,0,N,0,0,N,0,0,1,0,0,0,3,32500,32500,2,0,0,Preliminary,Editor Mapped,408527.3415,3319032.404,29.99881344,-81.94838425
26839500,2024,12/6/2024 6:56,4/10/2025 10:03,740607,L,2,2,2,38,Duval,Jacksonville,Urban,12/6/2024 6:56,12/6/2024 6:56,12/6/2024 7:15,12/6/2024 7:50,Y,Law Enforcement,OLD SAINT AUGUSTINE RD,,30.14091369,-81.52989554,,,WOOD CENTER DRIVE,,Local,Curb,Four-Way Intersection,Y,Dusk,Clear,Dry,N,Unknown,Motor Vehicle in Transport,On Roadway,N,Intersection,None,,,None,,,N,,,,,DETECTIVE,Jacksonville Sheriff's Office,Sheriff's Office (SO),12/7/2024 19:26,4/15/2025 20:09,1,Y,Rear End,Rear End,Fatality,Fatal (within 30 days),NIGHT,N,N,N,N,N,N,Y,N,N,0,1,0,1,0,1,1,0,0,2,0,0,0,0,2,0,0,0,0,0,0,0,2,0,1,N,0,0,N,0,0,1,0,0,0,2,20000,20000,2,0,0,Preliminary,Editor Mapped,448957.2598,3334527.527,30.14099572,-81.52997423
26252356,2024,9/26/2024 18:14,10/3/2024 14:27,SJSO24CAD214503,L,1,3,20,46,St. Johns,Ponte Vedra,Rural,9/26/2024 18:14,9/26/2024 18:15,9/26/2024 18:22,9/26/2024 19:50,Y,Law Enforcement,PRESERVATION TRL,,30.10479,-81.42696,0,,REFAL WILLOW RD,,County,Curb,Four-Way Intersection,N,Dawn,Rain,Wet,N,Angle,Motor Vehicle in Transport,On Roadway,Y,Intersection,None,,,Weather Conditions,,,N,,,,,LE DEPUTY,St. Johns County Sheriff's Office,Sheriff's Office (SO),10/3/2024 19:30,10/4/2024 19:44,7,Y,Single Vehicle,Other,Serious Injury,Incapacitating Injury,DAY,N,N,N,N,N,N,Y,N,N,1,2,0,0,2,0,0,0,0,0,0,2,2,0,1,1,0,0,0,0,0,0,0,0,0,N,0,0,Y,2,0,1,0,2,1000,1,2000,3000,2,0,0,Preliminary,Editor Mapped,458870.6151,3330447.064,30.10454801,-81.42688862
86389614,2024,9/28/2024 17:59,9/28/2024 18:32,SJSOCAD216220,L,1,2,20,0,St. Johns,Unincorporated,Rural,9/28/2024 17:59,9/28/2024 18:01,9/28/2024 18:04,9/28/2024 18:52,Y,Law Enforcement,INTERSECTION,,30.11945026,-81.59259551,0,,CROSSWALK,,Private Roadway,Curb,Four-Way Intersection,N,Daylight,Clear,Dry,N,Other,Pedestrian,On Roadway,Y,Intersection,None,,,None,,,N,,,,,LE DEPUTY,St. Johns County Sheriff's Office,Sheriff's Office (SO),10/4/2024 19:44,10/4/2024 19:44,6,Y,Pedestrian,Pedestrian,Serious Injury,Incapacitating Injury,DAY,N,N,N,N,N,N,Y,N,N,0,2,1,0,1,0,0,0,0,0,0,1,0,1,1,0,0,0,0,0,0,0,0,0,0,Y,1,0,N,0,0,1,0,0,0,1,1,1,1,0,0,Preliminary,Editor Mapped,442946.8409,3332226.673,30.11996618,-81.59225351
26826683,2024,8/30/2024 16:55,11/6/2024 8:36,533297,L,2,2,2,38,Duval,Jacksonville,Urban,8/30/2024 16:57,8/30/2024 16:57,8/30/2024 17:03,8/30/2024 20:44,Y,Law Enforcement,MATTHEW UNGAR DR,,30.33457663,-81.48372769,0,,CASHEROS COVE DR,,Local,Unpaved,T-Intersection,Y,Daylight,Clear,Dry,N,Angle,Motor Vehicle in Transport,On Roadway,Y,Intersection,None,,,None,,,N,,,,,DETECTIVE,Jacksonville Sheriff's Office,Sheriff's Office (SO),8/31/2024 19:26,11/7/2024 19:29,1,Y,Left Entering,Left Turn,Fatality,Fatal (within 30 days),DAY,N,N,N,N,N,N,Y,N,N,0,1,0,1,0,1,1,0,0,1,0,0,0,0,2,1,0,0,0,0,0,0,1,0,1,N,0,0,N,0,0,1,0,1,5,2,60000,60005,1,0,0,Verified,n/a,453499.9081,3355955.464,30.33454253,-81.48375559
26251909,2024,10/3/2024 9:40,10/3/2024 10:27,SJSO24CAD219810,L,1,2,20,50,St. Johns,St. Augustine,Rural,10/3/2024 9:50,10/3/2024 9:52,10/3/2024 10:00,10/3/2024 11:15,Y,Law Enforcement,TUSCAN WAY-PARKING LOT,84,29.96221,-81.49091,,,,,Parking Lot,Curb,Other,Y,Daylight,Clear,Dry,N,Other,Motor Vehicle in Transport,In Parking Lane or Zone,Y,Other,None,,,None,,,N,,,,,PSA,St. Johns County Sheriff's Office,Sheriff's Office (SO),10/4/2024 19:44,10/4/2024 19:44,1,Y,Single Vehicle,Other,Serious Injury,Incapacitating Injury,DAY,N,N,N,N,N,N,N,N,N,1,1,0,0,1,0,0,0,0,0,0,1,0,0,1,1,0,0,0,0,0,0,0,0,0,N,0,0,N,0,0,1,0,0,0,1,1000,1000,0,0,1,Preliminary,Editor Mapped,452611.4027,3314609.909,29.96140269,-81.49114692
26834939,2024,10/4/2024 7:50,10/4/2024 8:14,608820,L,2,2,2,38,Duval,Jacksonville,Urban,10/4/2024 7:50,10/4/2024 7:52,10/4/2024 8:10,10/4/2024 9:54,Y,Law Enforcement,US 1 (PHILIPS HWY),,30.26317565,-81.61608907,717,North,GORDON ST,,U.S.,Curb,Not at Intersection,N,Daylight,Clear,Dry,N,Angle,Motor Vehicle in Transport,On Roadway,N,Non-Junction,None,,,None,,,N,,,,,CSO,Jacksonville Sheriff's Office,Sheriff's Office (SO),10/5/2024 19:24,10/5/2024 19:24,1,Y,Left Rear,Left Turn,Serious Injury,Incapacitating Injury,DAY,N,N,N,N,N,N,N,N,N,0,2,1,0,1,0,0,0,0,0,0,0,0,0,2,0,0,0,0,0,0,0,0,0,0,N,0,0,N,0,0,1,0,0,0,2,3500,3500,1,0,0,Preliminary,Editor Mapped,440737.6401,3348111.088,30.26319894,-81.61607717
26110073,2024,10/2/2024 21:20,10/3/2024 0:00,605865,L,2,4,2,38,Duval,Jacksonville,Urban,10/2/2024 21:20,10/2/2024 21:21,10/2/2024 21:25,10/2/2024 22:15,Y,Law Enforcement,TROUT RIVER DR,,30.41604454,-81.74838619,143,West,,,County,Unpaved,Four-Way Intersection,N,Dark - Lighted,Clear,Dry,N,Other,Motor Vehicle in Transport,On Roadway,Y,Intersection,None,,,None,,,N,,,,,OFFICER,Jacksonville Sheriff's Office,Sheriff's Office (SO),10/5/2024 19:24,10/5/2024 19:24,3,Y,Left Entering,Left Turn,Serious Injury,Incapacitating Injury,NIGHT,N,N,N,N,N,N,Y,N,N,3,1,0,0,1,0,0,0,0,1,0,0,0,0,2,0,0,2,0,0,0,0,1,1,0,N,0,0,N,0,0,5,0,0,0,2,25000,25000,1,0,0,Preliminary,Editor Mapped,428125.7067,3365124.549,30.41603539,-81.74834609
26113081,2024,10/4/2024 0:40,10/4/2024 1:42,608461,L,2,2,2,38,Duval,Jacksonville,Urban,10/4/2024 0:46,10/4/2024 1:07,10/4/2024 1:15,10/4/2024 2:30,Y,Law Enforcement,SR212 (BEACH BLVD),,30.28705174,-81.52173148,0,,N I-295/I-295 EAST BELT/SR-9A RAMP,,State,Curb,Four-Way Intersection,N,Dark - Lighted,Clear,Dry,N,Angle,Motor Vehicle in Transport,On Roadway,N,Intersection,None,,,None,,,N,,,,,OFFICER,Jacksonville Sheriff's Office,Sheriff's Office (SO),10/5/2024 19:24,10/5/2024 19:24,1,Y,Left Leaving,Left Turn,Serious Injury,Incapacitating Injury,NIGHT,N,N,N,Y,N,N,Y,N,N,0,2,1,0,1,0,0,0,0,0,0,0,0,0,2,0,1,0,0,0,0,0,0,0,0,N,0,0,N,0,0,0,0,0,0,2,20000,20000,2,0,0,Preliminary,Editor Mapped,449825.6189,3350708.284,30.28704602,-81.52172827
25326883,2024,10/26/2024 8:01,10/26/2024 10:05,655201,L,2,2,2,38,Duval,Jacksonville,Urban,10/26/2024 8:01,10/26/2024 8:02,10/26/2024 8:07,10/26/2024 9:30,Y,Law Enforcement,ST,103RD,30.24829757,-81.76924098,30,West,ENCHANTED DR,,State,Paved,Not at Intersection,N,Dawn,Clear,Dry,N,Other,Motor Vehicle in Transport,On Roadway,N,Non-Junction,None,,,None,,,N,,,,,OFFICER,Jacksonville Sheriff's Office,Sheriff's Office (SO),10/27/2024 19:17,10/27/2024 19:17,1,Y,Other,Other,Serious Injury,Incapacitating Injury,DAY,N,N,N,N,N,N,N,N,N,1,1,0,0,1,0,0,0,0,0,0,0,0,0,2,0,0,0,0,0,0,0,0,0,0,N,0,0,N,0,0,0,0,0,0,2,14000,14000,1,0,0,Preliminary,Editor Mapped,425869.1707,3346553.702,30.24832769,-81.77052594
26834866,2024,11/8/2024 20:15,11/8/2024 21:15,685347,L,1,1,2,38,Duval,Jacksonville,Urban,11/8/2024 20:48,11/8/2024 20:48,11/8/2024 20:49,11/8/2024 21:16,Y,Law Enforcement,SOUTHSIDE BLVD,8200,30.21933346,-81.5517141,276,North,BAYMEADOWS RD,,State,Unpaved,T-Intersection,N,Dark - Lighted,Clear,Dry,N,Other,Overturn/Rollover,Shoulder,N,Driveway/Alley Access Related,Shoulders,,,None,,,N,,,,,OFFICER,Jacksonville Sheriff's Office,Sheriff's Office (SO),11/11/2024 19:31,11/11/2024 19:31,3,Y,Rollover,Rollover,Serious Injury,Incapacitating Injury,NIGHT,N,N,N,N,N,N,N,Y,N,0,1,0,0,1,0,0,0,0,1,0,0,0,0,1,1,0,0,0,0,0,0,1,1,0,N,0,0,N,0,0,0,0,0,0,1,1000,1000,1,0,0,Preliminary,Editor Mapped,446905.7546,3343217.709,30.21932772,-81.55171088
26838141,2024,12/5/2024 16:40,12/10/2024 8:04,739719,L,2,5,2,38,Duval,Jacksonville,Urban,12/5/2024 16:44,12/5/2024 17:49,12/5/2024 17:59,12/5/2024 19:48,N,Law Enforcement,PHILIPS HWY,,30.27785459,-81.62647294,,,PUTNAM AVE,,U.S.,Paved,T-Intersection,N,Dark - Lighted,Clear,Dry,N,Angle,Motor Vehicle in Transport,On Roadway,N,Intersection,None,,,None,,,N,,,,,DETECTIVE,Jacksonville Sheriff's Office,Sheriff's Office (SO),12/6/2024 20:09,12/11/2024 19:32,1,Y,Left Rear,Left Turn,Fatality,Fatal (within 30 days),DAY,N,Y,N,N,N,N,Y,N,N,0,4,0,4,0,1,1,0,0,0,0,0,0,0,2,0,0,3,2,1,0,1,0,0,0,N,0,0,N,0,0,0,0,0,0,2,60000,60000,2,0,0,Preliminary,Editor Mapped,439747.2893,3349736.899,30.27782093,-81.62646526
26842200,2024,12/12/2024 11:12,2/11/2025 12:40,753438,L,2,8,2,38,Duval,Jacksonville,Urban,12/12/2024 11:12,12/12/2024 11:17,12/12/2024 11:23,12/12/2024 14:00,Y,Law Enforcement,UNIVERSITY BLVD N,,30.3624668,-81.60640623,546,South,FORT CAROLINE RD,,State,Curb,Not at Intersection,Y,Daylight,Clear,Dry,N,Front to Rear,Parked Motor Vehicle,On Roadway,N,Non-Junction,None,,,None,,,N,,,,,DETECTIVE,Jacksonville Sheriff's Office,Sheriff's Office (SO),12/13/2024 20:04,2/12/2025 19:30,1,Y,Parked Vehicle,Other,Fatality,Fatal (within 30 days),DAY,N,N,Y,Y,Y,N,N,Y,N,6,1,0,1,0,1,1,0,0,0,0,0,0,0,2,0,0,6,6,1,0,1,0,0,0,N,0,0,N,0,0,0,0,0,0,2,20000,20000,2,0,0,Preliminary,Editor Mapped,441727.008,3359105.957,30.36246103,-81.60640299
26097004,2024,5/3/2024 20:35,8/8/2024 6:47,273667,L,1,1,2,38,Duval,Jacksonville,Urban,5/3/2024 20:36,5/3/2024 20:40,5/3/2024 20:44,5/3/2024 22:45,Y,Law Enforcement,FORT CAROLINE RD,,30.36670338,-81.57049965,15,East,ALLENBY DR,,Local,Paved,Not at Intersection,N,Dark - Lighted,Clear,Dry,N,Other,Other Fixed Object,Off Roadway,N,Other,None,,,None,,,N,,,,,OFFICER,Jacksonville Sheriff's Office,Sheriff's Office (SO),5/5/2024 19:14,8/9/2024 19:33,2,Y,Off Road,Off Road,Fatality,Fatal (within 30 days),NIGHT,N,N,N,N,N,N,N,Y,N,0,0,0,0,0,1,1,0,0,1,0,0,0,0,1,0,0,0,0,0,0,0,1,0,1,N,0,0,N,0,0,0,0,0,0,1,10000,10000,1,0,0,Preliminary,Editor Mapped,445200.9156,3359567.384,30.3667875,-81.57027837
26114460,2024,8/21/2024 20:30,8/21/2024 20:50,513385,L,1,1,2,38,Duval,Jacksonville,Urban,8/21/2024 20:32,8/21/2024 20:35,8/21/2024 20:44,8/21/2024 20:50,N,Law Enforcement,EDGEWOOD AVE W,,30.37214872,-81.72049147,141,West,BART RD,,State,Paved,Not at Intersection,N,Dark - Lighted,Rain,Wet,N,Other,Pedestrian,On Roadway,N,Non-Junction,None,,,None,,,N,,,,,OFFICER,Jacksonville Sheriff's Office,Sheriff's Office (SO),8/23/2024 19:41,8/23/2024 19:41,2,Y,Pedestrian,Pedestrian,Serious Injury,Incapacitating Injury,NIGHT,N,N,N,N,N,Y,N,N,N,0,1,0,0,1,0,0,0,0,0,0,1,0,1,0,0,0,0,0,0,0,0,0,0,0,Y,1,0,N,0,0,0,0,0,0,0,0,0,1,0,0,Preliminary,Editor Mapped,430770.418,3360243.069,30.37214298,-81.7204882
26439265,2024,10/27/2024 0:12,2/11/2025 12:16,FHP24ON0542315,L,1,3,20,50,St. Johns,St. Augustine,Urban,10/27/2024 0:49,10/27/2024 1:12,10/27/2024 2:21,10/27/2024 6:08,Y,Law Enforcement,US-1,,29.84316289,-81.32250977,126,South,SHORE DR,,U.S.,Paved,Not at Intersection,Y,Dark - Not Lighted,Clear,Dry,N,Other,Pedestrian,On Roadway,N,Non-Junction,None,,,None,,,N,,,,,SGT,Florida Highway Patrol,Florida Highway Patrol (FHP),11/9/2024 19:29,2/18/2025 19:52,13,Y,Pedestrian,Pedestrian,Fatality,Fatal (within 30 days),NIGHT,N,N,N,N,N,N,N,N,N,2,0,0,0,0,1,1,0,0,0,0,1,0,1,1,0,0,1,0,0,0,0,0,0,0,Y,0,1,N,0,0,0,0,0,0,1,15000,15000,1,0,0,Preliminary,Computer mapped confident by address,468839.7906,3301406.085,29.84276308,-81.3225707
26438288,2024,10/17/2024 16:53,10/17/2024 17:57,FHP24ON0524675,L,2,4,2,38,Duval,Jacksonville,Urban,10/17/2024 16:57,10/17/2024 17:00,10/17/2024 17:06,10/17/2024 20:13,Y,Law Enforcement,I-295,,30.16761068,-81.5791754,2885,West,OLD ST AUGUSTINE ROAD,,Interstate,Paved,Not at Intersection,Y,Daylight,Clear,Dry,N,Front to Rear,Motor Vehicle in Transport,On Roadway,N,Non-Junction,None,,,None,,,N,,,,,SGT,Florida Highway Patrol,Florida Highway Patrol (FHP),11/9/2024 19:29,11/9/2024 19:29,23,Y,Rear End,Rear End,Fatality,Fatal (within 30 days),DAY,N,N,N,N,N,N,N,N,N,1,2,2,0,0,1,1,0,1,1,0,0,0,0,2,0,1,2,0,0,0,0,1,0,1,N,0,0,N,0,0,0,0,0,0,2,120001,120001,1,0,0,Preliminary,Editor Mapped,444232.9864,3337502.285,30.16763257,-81.57918096
26472658,2024,12/6/2024 2:40,12/6/2024 3:20,FHP24ON0612811,L,1,1,2,38,Duval,Jacksonville,Urban,12/6/2024 2:45,12/6/2024 2:47,12/6/2024 2:50,12/6/2024 4:25,Y,Law Enforcement,INTERSTATE 95,,30.29189,-81.63133,566,South,EMERSON STREET,,Interstate,Paved,Not at Intersection,N,Dark - Lighted,Rain,Wet,N,Other,Other Non-Collision,Off Roadway,N,Entrance/Exit Ramp,None,,,None,,,N,,,,,TPR,Florida Highway Patrol,Florida Highway Patrol (FHP),12/23/2024 19:56,12/23/2024 19:56,17,Y,Single Vehicle,Other,Serious Injury,Incapacitating Injury,NIGHT,N,N,N,Y,N,N,N,Y,N,0,1,0,0,1,0,0,0,0,1,0,0,0,0,1,0,0,0,0,0,0,0,1,1,0,N,0,0,N,0,0,3,0,0,0,1,10000,10000,1,0,0,Preliminary,Editor Mapped,439581.467,3351045.528,30.28962132,-81.62826451