REPORT_NUMBER,CRASH_YEAR,CRASH_DATE_AND_TIME,REPORT_DATE_AND_TIME,INVESTIGATING_AGENCY_REPORT_NUMBER,FORM_TYPE,TOTAL_NUMBER_OF_VEHICLES,TOTAL_NUMBER_OF_PERSONS,COUNTY_CODE,CITY_CODE,COUNTY_NAME,CITY_NAME,RURAL_OR_URBAN,NOTIFIED_TIME,DISPATCHED_TIME,ARRIVED_TIME,CLEARED_TIME,COMPLETED_FLAG,NOTIFIED_BY,ON_STREET_ROAD_HIGHWAY,STREET_ADDRESS_NUMBER,LATITUDE,LONGITUDE,FEET_FROM_INTERSECTION,DIRECTION_FROM_INTERSECTION,FROM_INTERSECTION_OF,MILEPOST_NUMBER,ROAD_SYSTEM_IDENTIFER,TYPE_OF_SHOULDER,TYPE_OF_INTERSECTION,PHOTOS_TAKEN,LIGHT_CONDITION,WEATHER_CONDITION,ROAD_SURFACE_CONDITION,SCHOOL_BUS_RELATED_CODE,TYPE_OF_IMPACT,FIRST_HARMFUL_EVENT,LOCATION,INTERCHANGE_FLAG,JUNCTION_FLAG,ROAD_CIRCUMSTANCES_1,ROAD_CIRCUMSTANCES_2,ROAD_CIRCUMSTANCES_3,ENVIRONMENT_CIRCUMSTANCES_1,ENVIRONMENT_CIRCUMSTANCES_2,ENVIRONMENT_CIRCUMSTANCES_3,WORK_ZONE_RELATED_FLAG,CRASH_IN_WORK_ZONE,TYPE_OF_WORK_ZONE,WORKERS_PRESENT,LAW_ENFORCEMENT_PRESENT,INVESTIGATOR_RANK,INVESTIGATING_AGENCY_NAME,INVESTIGATING_AGENCY_TYPE,LOAD_DATE,UPDATE_DATE,DAYS_TO_LOAD,CODEABLE,S4_CRASH_TYPE,S4_CRASH_TYPE_SIMPLIFIED,S4_CRASH_SEVERITY,S4_CRASH_SEVERITY_DETAIL,S4_DAY_OR_NIGHT,S4_IS_AGGRESSIVE_DRIVING,S4_IS_ALCOHOL_RELATED,S4_IS_CMV_INVOLVED,S4_IS_DISTRACTED,S4_IS_DRUG_RELATED,S4_IS_HIT_AND_RUN,S4_IS_INTERSECTION_RELATED,S4_IS_LANE_DEPARTURE_RELATED,S4_IS_SPEEDING_RELATED,S4_NONE_INJURY_COUNT,S4_INJURY_COUNT,S4_POSSIBLE_INJURY_COUNT,S4_NON_INCAPACITATING_INJURY_COUNT,S4_INCAPACITATING_INJURY_COUNT,S4_FATALITY_COUNT,S4_FATALITY_WITHIN_30_DAYS_COUNT,S4_NON_TRAFFIC_FATALITY_COUNT,S4_TRAILER_COUNT,S4_MOTORCYCLE_COUNT,S4_MOPED_COUNT,S4_NON_MOTORIST_COUNT,S4_BICYCLIST_COUNT,S4_PEDESTRIAN_COUNT,S4_DRIVER_COUNT,S4_AGING_DRIVER_COUNT,S4_TEENAGER_DRIVER_COUNT,S4_PASSENGER_COUNT,S4_UNRESTRAINED_COUNT,S4_UNRESTRAINED_INJURY_COUNT,S4_UNRESTRAINED_INCAPACITATING_INJURY_COUNT,S4_UNRESTRAINED_FATALITY_COUNT,S4_MOTORCYCLIST_COUNT,S4_MOTORCYCLIST_INCAPACITATING_INJURY_COUNT,S4_MOTORCYCLIST_FATALITY_COUNT,S4_IS_PEDESTRIAN_INVOLVED,S4_PEDESTRIAN_INCAPACITATING_INJURY_COUNT,S4_PEDESTRIAN_FATALITY_COUNT,S4_IS_BICYCLIST_INVOLVED,S4_BICYCLIST_INCAPACITATING_INJURY_COUNT,S4_BICYCLIST_FATALITY_COUNT,S4_CITATION_COUNT,S4_CITATION_AMOUNT,S4_PROPERTY_DAMAGE_COUNT,S4_PROPERTY_DAMAGE_AMOUNT,S4_VEHICLE_DAMAGE_COUNT,S4_VEHICLE_DAMAGE_AMOUNT,S4_TOTAL_DAMAGE_AMOUNT,S4_TRANSPORT_BY_EMS_COUNT,S4_TRANSPORT_BY_LAW_ENFORCEMENT_COUNT,S4_TRANSPORT_BY_OTHER_COUNT,S4_GEOLOCATION_STATUS,S4_PRELIMINARY_GEOLOCATION_STATUS,S4_X,S4_Y,S4_LATITUDE,S4_LONGITUDE
26251803,2024,8/17/2024 9:00,8/17/2024 9:32,SJSO24CAD181679,L,1,2,20,50,St. Johns,St. Augustine,Rural,8/17/2024 9:06,8/17/2024 9:08,8/17/2024 9:15,8/17/2024 9:55,Y,Law Enforcement,CR 208,2711,29.91963,-81.42127,,,,,Parking Lot,Paved,Not at Intersection,N,Daylight,Clear,Dry,N,Other,Pedestrian,In Parking Lane or Zone,N,Non-Junction,None,,,None,,,N,,,,,LE DEPUTY,St. Johns County Sheriff's Office,Sheriff's Office (SO),8/18/2024 19:15,8/18/2024 19:15,1,Y,Pedestrian,Pedestrian,Serious Injury,Incapacitating Injury,DAY,N,N,N,Y,N,N,N,N,N,1,1,0,0,1,0,0,0,0,0,0,1,0,1,1,1,0,0,0,0,0,0,0,0,0,Y,1,0,N,0,0,0,0,0,0,0,0,0,1,0,0,Preliminary,Editor Mapped,459297.3279,3309880.563,29.91896305,-81.42167402
89462358,2024,9/11/2024 17:48,11/11/2024 18:40,690611,L,6,7,2,38,Duval,Jacksonville,Urban,11/11/2024 17:51,11/11/2024 17:51,11/11/2024 18:05,11/11/2024 19:45,Y,Law Enforcement,PHILIPS HWY,14100,30.1200215,-81.49440249,6551,East,11700 PALM BAY PARKWAY,,U.S.,Paved,Not at Intersection,N,Daylight,Clear,Dry,N,Front to Rear,Motor Vehicle in Transport,On Roadway,N,Non-Junction,None,,,None,,,N,,,,,OFFICER,Jacksonville Sheriff's Office,Sheriff's Office (SO),11/14/2024 1:36,11/14/2024 1:36,64,Y,Rear End,Rear End,Serious Injury,Incapacitating Injury,DAY,N,N,N,N,N,N,N,N,N,6,1,0,0,1,0,0,0,0,0,0,0,0,0,6,0,0,1,0,0,0,0,0,0,0,N,0,0,N,0,0,1,0,0,0,6,31000,31000,1,0,0,Preliminary,Editor Mapped,452375.6259,3332187.133,30.12001427,-81.4943774
26438292,2024,11/18/2024 18:45,11/18/2024 19:45,FHP24ON0582720,L,2,1,2,38,Duval,Jacksonville,Urban,11/18/2024 18:51,11/18/2024 19:08,11/18/2024 19:31,11/18/2024 20:10,Y,Law Enforcement,J TURNER BUTLER BLVD E,,30.24752257,-81.59479945,9,West,I-95,,State,Paved,T-Intersection,N,Dark - Lighted,Clear,Dry,N,Front to Rear,Motor Vehicle in Transport,On Roadway,N,Intersection-Related,None,,,None,,,N,,,,,SGT,Florida Highway Patrol,Florida Highway Patrol (FHP),12/14/2024 19:25,12/14/2024 19:25,26,Y,Rear End,Rear End,Serious Injury,Incapacitating Injury,DAY,N,N,N,N,N,Y,Y,N,N,0,1,0,0,1,0,0,0,0,1,0,0,0,0,1,0,0,0,0,0,0,0,1,1,0,N,0,0,N,0,0,0,0,0,0,1,5000,5000,1,0,0,Preliminary,Editor Mapped,442723.7102,3346328.077,30.24720495,-81.59533438
26190837,2024,10/3/2024 20:22,10/3/2024 0:00,2024-00096688,L,2,3,41,0,Nassau,Unincorporated,Rural,10/3/2024 20:23,10/3/2024 20:27,10/3/2024 20:34,10/3/2024 21:30,Y,Law Enforcement,I 95 N,,,,5626,South,,,Interstate,Paved,Not at Intersection,,Dark - Not Lighted,Rain,Wet,N,"Sideswipe, Same Direction",Motor Vehicle in Transport,On Roadway,N,Non-Junction,Road Surface Condition,,,Weather Conditions,,,N,,,,,,Nassau County Sheriff's Office,Sheriff's Office (SO),10/20/2024 19:20,10/20/2024 19:20,17,Y,Same Direction Sideswipe,Sideswipe,Serious Injury,Incapacitating Injury,NIGHT,Y,N,N,N,N,N,N,Y,Y,1,2,0,1,1,0,0,0,0,0,0,0,0,0,2,1,0,1,0,0,0,0,0,0,0,N,0,0,N,0,0,0,0,0,0,2,50000,50000,2,0,0,Preliminary,Editor Mapped,435223.8607,3396236.162,30.69716474,-81.67638966
26199742,2024,12/20/2024 7:03,12/20/2024 0:00,240004320,L,1,2,2,40,Duval,Jacksonville Beach,Urban,12/20/2024 7:03,12/20/2024 7:09,12/20/2024 7:17,12/20/2024 8:07,Y,Law Enforcement,3RD ST S,,30.275044,-81.389029,38,South,14TH AVE S,,Local,Paved,Four-Way Intersection,Y,Daylight,Clear,Dry,N,,Pedestrian,On Roadway,N,Intersection,None,,,None,,,N,,,,,OFFICER,Jacksonville Beach Police Department,Police Department (PD),12/21/2024 19:27,12/21/2024 19:27,1,Y,Pedestrian,Pedestrian,Serious Injury,Incapacitating Injury,DAY,N,N,N,N,N,N,Y,N,N,1,1,0,0,1,0,0,0,0,0,0,1,0,1,1,1,0,0,0,0,0,0,0,0,0,Y,1,0,N,0,0,0,0,0,0,0,0,0,1,0,0,Preliminary,Editor Mapped,462583.0677,3349326.51,30.27503835,-81.3890263
26830907,2024,8/14/2024 8:15,8/22/2024 7:42,495981,L,2,3,2,38,Duval,Jacksonville,Urban,8/14/2024 8:15,8/14/2024 8:18,8/14/2024 8:29,8/14/2024 10:59,Y,Law Enforcement,US 1 (PHILIPS HWY),,30.17201216,-81.54520142,832,West,TIMBERWOOD DR,,U.S.,Curb,Not at Intersection,N,Daylight,Clear,Dry,N,Angle,Motor Vehicle in Transport,On Roadway,N,Driveway/Alley Access Related,None,,,None,,,N,,,,,OFFICER,Jacksonville Sheriff's Office,Sheriff's Office (SO),8/16/2024 19:36,8/29/2024 19:29,2,Y,Left Leaving,Left Turn,Serious Injury,Incapacitating Injury,DAY,N,N,N,N,N,N,N,N,N,1,2,0,0,2,0,0,0,0,0,0,0,0,0,1,0,0,2,0,0,0,0,0,0,0,N,0,0,N,0,0,0,0,0,0,2,19000,19000,2,0,0,Preliminary,Editor Mapped,447507.4185,3337970.836,30.17200646,-81.5451982
26109670,2024,8/13/2024 22:05,8/13/2024 22:42,495291,L,2,3,2,38,Duval,Jacksonville,Urban,8/13/2024 22:08,8/13/2024 22:08,8/13/2024 22:12,8/14/2024 0:12,Y,Law Enforcement,NORMANDY BLVD,,30.27548249,-81.83138517,0,,BLAIR RD,,State,Paved,Four-Way Intersection,N,Dark - Lighted,Clear,Dry,N,Front to Front,Motor Vehicle in Transport,On Roadway,Y,Intersection,None,,,None,,,N,,,,,OFFICER,Jacksonville Sheriff's Office,Sheriff's Office (SO),8/16/2024 19:36,8/16/2024 19:36,3,Y,Left Rear,Left Turn,Serious Injury,Incapacitating Injury,NIGHT,N,N,N,N,N,N,Y,N,N,0,3,1,1,1,0,0,0,0,0,0,0,0,0,2,0,0,1,0,0,0,0,0,0,0,N,0,0,N,0,0,1,0,0,0,2,40000,40000,2,0,0,Preliminary,Editor Mapped,419997.3676,3349582.929,30.27528812,-81.83178341
89636972,2024,5/26/2024 17:48,12/17/2024 13:07,FHP24ON0264868,L,2,2,41,42,Nassau,Hilliard,Urban,5/26/2024 17:53,5/26/2024 17:55,5/26/2024 17:59,5/26/2024 21:56,Y,Law Enforcement,U.S. HIGHWAY 1,,30.77101058,-81.97506961,0,,CHURCH DRIVE,,U.S.,Paved,Not at Intersection,Y,Daylight,Cloudy,Dry,N,Other,Pedestrian,Off Roadway,N,Non-Junction,None,,,None,,,N,,,,,TPR,Florida Highway Patrol,Florida Highway Patrol (FHP),6/4/2024 19:51,12/18/2024 19:32,9,Y,Pedestrian,Pedestrian,Fatality,Fatal (within 30 days),DAY,N,Y,N,N,Y,N,N,Y,N,1,0,0,0,0,1,1,0,0,0,0,1,0,1,1,0,0,0,0,0,0,0,0,0,0,Y,0,1,N,0,0,0,0,4,11000,2,30000,41000,0,0,1,Preliminary,Computer plot approximate by lat/long,333997.7384,3097852.557,27.99550481,-82.68813653
26834943,2024,10/11/2024 6:30,10/11/2024 7:10,623450,L,7,7,2,38,Duval,Jacksonville,Urban,10/11/2024 6:30,10/11/2024 6:33,10/11/2024 6:33,10/11/2024 10:02,Y,Law Enforcement,SR 115 (SOUTHSIDE BLVD),,30.21436283,-81.55193105,90,North,ROYAL LAKES DR,,State,Curb,Four-Way Intersection,N,Dawn,Clear,Dry,N,Angle,Motor Vehicle in Transport,On Roadway,N,Intersection-Related,None,,,None,,,N,,,,,CSO,Jacksonville Sheriff's Office,Sheriff's Office (SO),10/15/2024 20:04,10/15/2024 20:04,4,Y,Unknown,Unknown,Serious Injury,Incapacitating Injury,NIGHT,N,N,N,N,N,N,Y,N,N,0,7,6,0,1,0,0,0,0,0,0,0,0,0,7,1,0,0,0,0,0,0,0,0,0,N,0,0,N,0,0,1,0,0,0,7,52500,52500,1,0,0,Preliminary,Editor Mapped,446880.9253,3342672.333,30.21440522,-81.5519414
25672769,2024,8/25/2024 22:35,8/25/2024 23:08,522063,L,3,5,2,38,Duval,Jacksonville,Urban,8/25/2024 22:35,8/25/2024 22:35,8/25/2024 23:02,8/26/2024 1:10,Y,Law Enforcement,COLLINS RD,,30.20076329,-81.72227273,140,East,PINEVERDE LN,,Local,Curb,Not at Intersection,N,Dark - Lighted,Clear,Dry,N,"Sideswipe, Opposite Direction",Motor Vehicle in Transport,On Roadway,N,Non-Junction,None,,,None,,,N,,,,,OFFICER,Jacksonville Sheriff's Office,Sheriff's Office (SO),8/27/2024 19:53,8/27/2024 19:53,2,Y,Opposing Sideswipe,Sideswipe,Serious Injury,Incapacitating Injury,NIGHT,Y,Y,N,N,N,Y,N,Y,N,2,3,2,0,1,0,0,0,0,0,0,0,0,0,3,0,0,2,0,0,0,0,0,0,0,N,0,0,N,0,0,8,0,0,0,3,20500,20500,1,0,0,Preliminary,Editor Mapped,430511.0367,3341244.163,30.2006915,-81.72193103
26101683,2024,11/7/2024 9:27,11/7/2024 10:21,681840,L,1,2,2,38,Duval,Jacksonville,Urban,11/7/2024 9:28,11/7/2024 9:28,11/7/2024 9:33,11/7/2024 10:55,Y,Law Enforcement,TROTTERS WALK WAY,,30.34920075,-81.49104544,58,South,LULL WATER LN,,Local,Paved,Not at Intersection,N,Daylight,Clear,Dry,N,Other,Pedestrian,On Roadway,N,Non-Junction,None,,,None,,,N,,,,,OFFICER,Jacksonville Sheriff's Office,Sheriff's Office (SO),11/12/2024 19:47,11/12/2024 19:47,5,Y,Pedestrian,Pedestrian,Serious Injury,Incapacitating Injury,DAY,N,N,N,N,N,N,N,N,N,1,1,0,0,1,0,0,0,0,0,0,1,0,1,1,0,0,0,0,0,0,0,0,0,0,Y,1,0,N,0,0,3,0,0,0,0,0,0,1,0,0,Preliminary,Editor Mapped,452806.5149,3357582.197,30.34919498,-81.49104223
26214432,2024,8/16/2024 11:34,8/16/2024 0:00,2024017499,L,2,2,48,0,Clay,Unincorporated,Rural,8/16/2024 11:34,8/16/2024 11:35,8/16/2024 11:38,8/16/2024 13:14,Y,Law Enforcement,KINGSLEY AVE,,30.164761,-81.736516,1002,East,PROFESSIONAL CENTER DR,,County,Curb,Not at Intersection,N,Daylight,Clear,Dry,N,Angle,Motor Vehicle in Transport,On Roadway,N,Non-Junction,None,,,None,,,N,,,,,PSA,Clay County Sheriff's Office,Sheriff's Office (SO),8/23/2024 19:41,8/23/2024 19:41,7,Y,Unknown,Unknown,Serious Injury,Incapacitating Injury,DAY,N,N,N,N,N,N,N,N,N,1,1,0,0,1,0,0,0,0,0,0,0,0,0,2,0,0,0,0,0,0,0,0,0,0,N,0,0,N,0,0,1,0,1,10000,2,30000,40000,1,0,0,Preliminary,Editor Mapped,429081.6753,3337270.933,30.16475603,-81.73651309
26429665,2024,11/18/2024 8:55,11/18/2024 9:46,FHP24ON0581690,L,5,7,2,38,Duval,Jacksonville,Urban,11/18/2024 8:57,11/18/2024 9:02,11/18/2024 9:21,11/18/2024 9:47,Y,Law Enforcement,INTERSTATE 95 NB,,30.28984,-81.62877,1442,East,ATLANTIC BLVD,,Interstate,Paved,Not at Intersection,N,Daylight,Clear,Dry,N,Front to Rear,Motor Vehicle in Transport,On Roadway,N,Non-Junction,None,,,None,,,N,,,,,TPR,Florida Highway Patrol,Florida Highway Patrol (FHP),11/25/2024 19:51,11/25/2024 19:51,7,Y,Rear End,Rear End,Serious Injury,Incapacitating Injury,DAY,N,N,N,N,N,N,N,N,N,5,2,0,1,1,0,0,0,0,0,0,0,0,0,5,0,0,2,0,0,0,0,0,0,0,N,0,0,N,0,0,3,0,0,0,5,33400,33400,1,0,0,Preliminary,Editor Mapped,438288.3856,3352600.609,30.30358857,-81.64180135
26369705,2024,8/3/2024 1:58,8/3/2024 2:29,FHP24ON0386068,L,1,1,2,38,Duval,Jacksonville,Urban,8/3/2024 1:58,8/3/2024 2:00,8/3/2024 2:08,8/3/2024 4:24,Y,Law Enforcement,INTERSTATE 95 SB,,30.14121,-81.54063,318,South,OLD SAINT AUGUSTINE ROAD,,Interstate,Paved,Not at Intersection,N,Dark - Not Lighted,Clear,Dry,N,Other,Overturn/Rollover,Off Roadway,N,Non-Junction,None,,,None,,,N,,,,,TPR,Florida Highway Patrol,Florida Highway Patrol (FHP),8/23/2024 19:40,8/23/2024 19:40,20,Y,Rollover,Rollover,Serious Injury,Incapacitating Injury,NIGHT,N,Y,N,N,N,N,N,Y,N,0,1,0,0,1,0,0,0,0,0,0,0,0,0,1,0,0,0,0,0,0,0,0,0,0,N,0,0,N,0,0,1,0,0,0,1,14000,14000,0,0,0,Preliminary,Editor Mapped,447961.4185,3334440.874,30.14017162,-81.54030936
26831694,2024,8/22/2024 21:45,8/22/2024 22:35,515867,L,1,2,2,38,Duval,Jacksonville,Urban,8/22/2024 21:45,8/22/2024 21:45,8/22/2024 21:50,8/22/2024 22:35,Y,Law Enforcement,SR13,,30.16081734,-81.63282177,0,,LORETTO RD,,State,Curb,Four-Way Intersection,N,Dark - Lighted,Cloudy,Dry,N,Other,Motor Vehicle in Transport,On Roadway,N,Intersection,None,,,None,,,N,,,,,OFFICER,Jacksonville Sheriff's Office,Sheriff's Office (SO),8/23/2024 19:41,8/23/2024 19:41,1,Y,Single Vehicle,Other,Serious Injury,Incapacitating Injury,NIGHT,N,N,N,N,N,N,Y,N,N,1,1,0,0,1,0,0,0,0,0,0,1,0,1,1,1,0,0,0,0,0,0,0,0,0,Y,1,0,N,0,0,0,0,0,0,1,500,500,1,0,0,Preliminary,Editor Mapped,439060.5817,3336772.611,30.1608,-81.63285545
26836347,2024,11/6/2024 14:50,2/18/2025 10:54,680224,L,1,2,2,38,Duval,Jacksonville,Urban,11/6/2024 14:50,11/6/2024 14:53,11/6/2024 15:14,11/6/2024 16:16,Y,Law Enforcement,BRADDOCK ROAD,,30.44536104,-81.75878069,1352,North,ROLLING STREAM DRIVE,,Local,Unpaved,Not at Intersection,Y,Daylight,Clear,Dry,N,Other,Pedestrian,On Roadway,N,Non-Junction,None,,,None,,,N,,,,,DETECTIVE,Jacksonville Sheriff's Office,Sheriff's Office (SO),11/8/2024 19:54,2/20/2025 19:31,2,Y,Pedestrian,Pedestrian,Fatality,Fatal (within 30 days),DAY,N,N,N,N,N,N,N,Y,N,1,0,0,0,0,1,1,0,0,0,0,1,0,1,1,0,1,0,0,0,0,0,0,0,0,Y,0,1,N,0,0,2,0,0,0,1,5000,5000,0,0,0,Preliminary,Officer Mapped,427145.6071,3368380.453,30.44535525,-81.75877741
26682189,2024,12/3/2024 17:47,12/3/2024 0:00,2024-00114384,L,2,2,41,0,Nassau,Unincorporated,Rural,12/3/2024 17:48,12/3/2024 17:53,12/3/2024 18:02,12/3/2024 19:00,Y,Law Enforcement,US HWY 1,,,,40,North,DANIELLE LN,,U.S.,Paved,T-Intersection,,Dark - Not Lighted,Clear,Dry,N,Front to Rear,Motor Vehicle in Transport,On Roadway,N,Intersection-Related,None,,,None,,,N,,,,,,Nassau County Sheriff's Office,Sheriff's Office (SO),12/20/2024 19:51,12/20/2024 19:51,17,Y,Rear End,Rear End,Serious Injury,Incapacitating Injury,DAY,N,N,N,Y,N,N,Y,N,N,1,1,0,0,1,0,0,0,0,0,0,0,0,0,2,0,0,0,0,0,0,0,0,0,0,N,0,0,N,0,0,1,0,0,0,2,15000,15000,1,0,0,Preliminary,Editor Mapped,421604.0656,3379594.724,30.54619338,-81.81733322
26429667,2024,11/19/2024 6:38,11/19/2024 6:59,FHP24ON0583147,L,4,4,2,38,Duval,Jacksonville,Urban,11/19/2024 6:40,11/19/2024 6:41,11/19/2024 6:41,11/19/2024 7:43,Y,Law Enforcement,INTERSTATE 95 NB,,30.1173,-81.51667,9200,South,MM 333,,Interstate,Paved,Not at Intersection,N,Daylight,Clear,Dry,N,Front to Rear,Motor Vehicle in Transport,On Roadway,N,Non-Junction,None,,,None,,,N,,,,,TPR,Florida Highway Patrol,Florida Highway Patrol (FHP),11/25/2024 19:51,11/25/2024 19:51,6,Y,Rear End,Rear End,Serious Injury,Incapacitating Injury,NIGHT,N,N,N,N,N,N,N,N,N,1,3,1,1,1,0,0,0,0,0,0,0,0,0,4,0,0,0,0,0,0,0,0,0,0,N,0,0,N,0,0,2,0,0,0,4,31020,31020,1,0,0,Preliminary,Editor Mapped,450225.1471,3331893.531,30.11727885,-81.51668648
26841273,2024,12/27/2024 20:57,3/17/2025 6:43,784014,L,1,2,2,38,Duval,Jacksonville,Urban,12/27/2024 20:57,12/27/2024 20:57,12/27/2024 21:01,12/27/2024 23:46,Y,Law Enforcement,UNIVERSITY BLVD N,,30.33702512,-81.60256182,0,,ANSLEY ST,,Local,Curb,T-Intersection,Y,Dark - Lighted,Cloudy,Wet,N,,Pedestrian,On Roadway,N,Intersection,None,,,None,,,N,,,,,DETECTIVE,Jacksonville Sheriff's Office,Sheriff's Office (SO),1/3/2025 19:38,3/18/2025 20:01,7,Y,Pedestrian,Pedestrian,Fatality,Fatal (within 30 days),NIGHT,N,N,N,N,N,N,Y,N,N,1,0,0,0,0,1,1,0,0,0,0,1,0,1,1,0,0,0,0,0,0,0,0,0,0,Y,0,1,N,0,0,2,0,0,0,1,1000,1000,1,0,0,Preliminary,Officer Mapped,442081.4654,3356284.616,30.33701936,-81.60255858
26328896,2024,5/12/2024 17:20,4/28/2025 12:24,FHP24ON0238850,L,2,2,2,38,Duval,Jacksonville,Urban,5/12/2024 18:02,5/12/2024 18:06,5/12/2024 18:06,5/12/2024 20:51,Y,Law Enforcement,INTERSTATE 295 EXPRESS LANE,,30.18824,-81.51386,486,North,MM 57,,Interstate,Paved,Not at Intersection,Y,Daylight,Clear,Dry,N,Front to Rear,Motor Vehicle in Transport,On Roadway,Y,Non-Junction,None,,,None,,,N,,,,,CPL,Florida Highway Patrol,Florida Highway Patrol (FHP),5/23/2024 19:24,5/5/2025 19:18,11,Y,Rear End,Rear End,Fatality,Fatal (within 30 days),DAY,N,N,N,N,N,N,N,N,N,0,1,0,0,1,1,1,0,0,0,0,0,0,0,2,0,0,0,0,0,0,0,0,0,0,N,0,0,N,0,0,1,0,0,0,2,11000,11000,2,0,0,Preliminary,Editor Mapped,450539.4649,3339759.469,30.18827416,-81.51379161
26877276,2024,10/22/2024 12:10,10/23/2024 0:00,24-82020386,L,1,2,2,30,Duval,Atlantic Beach,Urban,10/22/2024 16:00,10/22/2024 16:02,10/22/2024 16:03,10/22/2024 16:05,Y,Law Enforcement,ATLANTIC BLVD,1127,30.324761,-81.421358,,,,,Parking Lot,Paved,Not at Intersection,N,Daylight,Clear,Dry,N,,Pedestrian,Off Roadway,N,Non-Junction,None,,,None,,,N,,,,,PATROLMAN,Atlantic Beach Police Department,Police Department (PD),10/24/2024 19:31,10/24/2024 19:31,2,Y,Pedestrian,Pedestrian,Serious Injury,Incapacitating Injury,DAY,N,N,N,N,N,N,N,N,N,1,1,0,0,1,0,0,0,0,0,0,1,0,1,1,1,0,0,0,0,0,0,0,0,0,Y,1,0,N,0,0,0,0,0,0,0,0,0,0,0,1,Preliminary,Editor Mapped,459494.1375,3354846.933,30.32475504,-81.42135436
87609220,2024,10/23/2024 22:00,12/5/2024 15:36,650080,L,1,2,2,38,Duval,Jacksonville,Urban,10/23/2024 22:00,10/23/2024 22:00,10/23/2024 22:06,10/23/2024 23:46,Y,Law Enforcement,N MAIN ST,,30.33367247,-81.65579375,0,,E ORANGE ST,,U.S.,Curb,Not at Intersection,Y,Dark - Lighted,Clear,Dry,N,Front to Front,Pedestrian,On Roadway,N,Intersection,None,,,None,,,N,,,,,DETECTIVE,Jacksonville Sheriff's Office,Sheriff's Office (SO),10/24/2024 19:31,12/6/2024 20:09,1,Y,Pedestrian,Pedestrian,Fatality,Fatal (within 30 days),NIGHT,N,N,N,N,N,N,Y,N,N,1,0,0,0,0,1,1,0,0,0,0,1,0,1,1,0,0,0,0,0,0,0,0,0,0,Y,0,1,N,0,0,0,0,0,0,1,500,500,0,0,0,Preliminary,Officer Mapped,436962.5071,3355941.468,30.33366673,-81.6557905
26478398,2024,12/17/2024 18:54,3/15/2025 16:13,FHP24ON0634316,L,2,2,2,38,Duval,Jacksonville,Urban,12/17/2024 18:54,12/17/2024 19:03,12/17/2024 19:37,12/17/2024 22:45,Y,Law Enforcement,MAIN ST,,30.44562,-81.63991,0,,SARA DRIVE,,U.S.,Paved,Four-Way Intersection,Y,Dark - Not Lighted,Clear,Dry,N,Other,Motor Vehicle in Transport,On Roadway,Y,Intersection,None,,,None,,,N,,,,,TPR,Florida Highway Patrol,Florida Highway Patrol (FHP),1/10/2025 20:05,3/18/2025 20:00,24,Y,Other,Other,Fatality,Fatal (within 30 days),DAY,N,N,N,N,N,N,Y,N,N,0,1,1,0,0,1,1,0,0,0,0,0,0,0,2,1,0,0,0,0,0,0,0,0,0,N,0,0,N,0,0,0,0,0,0,2,17500,17500,0,0,1,Preliminary,Editor Mapped,438571.1524,3368340.652,30.44563374,-81.63978499
26837682,2024,10/23/2024 8:18,3/13/2025 13:08,648191,L,5,3,2,38,Duval,Jacksonville,Urban,10/23/2024 8:18,10/23/2024 9:17,10/23/2024 9:23,10/23/2024 13:16,Y,Law Enforcement,N LIBERTY ST,,30.35205597,-81.64903172,40,South,E 14TH ST,,Local,Curb,Four-Way Intersection,N,Daylight,Clear,Dry,N,Other,Parked Motor Vehicle,Off Roadway,N,Intersection-Related,None,,,None,,,N,,,,,OFFICER,Jacksonville Sheriff's Office,Sheriff's Office (SO),10/24/2024 19:31,3/18/2025 20:01,1,Y,Parked Vehicle,Other,Fatality,Fatal (within 30 days),DAY,N,Y,N,N,N,N,Y,N,N,0,2,0,0,2,1,1,0,0,0,0,1,0,0,1,1,0,1,0,0,0,0,0,0,0,N,0,0,N,0,0,7,0,1,5000,5,35300,40300,3,0,0,Preliminary,Officer Mapped,437624.1753,3357974.942,30.35205023,-81.64902847
26439220,2024,10/6/2024 2:22,12/18/2024 19:29,FHP24ON0502427,L,3,6,2,38,Duval,Jacksonville,Urban,10/6/2024 2:27,10/6/2024 2:28,10/6/2024 3:34,10/6/2024 7:10,Y,Law Enforcement,INTERSTATE 95,,30.52806686,-81.63615357,850,North,PECAN PARK ROAD,,Interstate,Paved,Not at Intersection,Y,Dark - Not Lighted,Rain,Wet,N,Front to Front,Motor Vehicle in Transport,On Roadway,N,Non-Junction,None,,,None,,,N,,,,,CPL,Florida Highway Patrol,Florida Highway Patrol (FHP),10/15/2024 20:04,12/24/2024 19:51,9,Y,Head On,Head On,Fatality,Fatal (within 30 days),NIGHT,Y,N,N,N,Y,Y,N,Y,N,0,4,0,0,4,2,2,0,0,0,0,0,0,0,2,0,0,4,5,3,3,2,0,0,0,N,0,0,N,0,0,0,0,0,0,3,35000,35000,5,0,1,Preliminary,Computer mapped approximate by address,438991.0822,3377031.389,30.52407496,-81.63592127