REPORT_NUMBER,CRASH_YEAR,CRASH_DATE_AND_TIME,REPORT_DATE_AND_TIME,INVESTIGATING_AGENCY_REPORT_NUMBER,FORM_TYPE,TOTAL_NUMBER_OF_VEHICLES,TOTAL_NUMBER_OF_PERSONS,COUNTY_CODE,CITY_CODE,COUNTY_NAME,CITY_NAME,RURAL_OR_URBAN,NOTIFIED_TIME,DISPATCHED_TIME,ARRIVED_TIME,CLEARED_TIME,COMPLETED_FLAG,NOTIFIED_BY,ON_STREET_ROAD_HIGHWAY,STREET_ADDRESS_NUMBER,LATITUDE,LONGITUDE,FEET_FROM_INTERSECTION,DIRECTION_FROM_INTERSECTION,FROM_INTERSECTION_OF,MILEPOST_NUMBER,ROAD_SYSTEM_IDENTIFER,TYPE_OF_SHOULDER,TYPE_OF_INTERSECTION,PHOTOS_TAKEN,LIGHT_CONDITION,WEATHER_CONDITION,ROAD_SURFACE_CONDITION,SCHOOL_BUS_RELATED_CODE,TYPE_OF_IMPACT,FIRST_HARMFUL_EVENT,LOCATION,INTERCHANGE_FLAG,JUNCTION_FLAG,ROAD_CIRCUMSTANCES_1,ROAD_CIRCUMSTANCES_2,ROAD_CIRCUMSTANCES_3,ENVIRONMENT_CIRCUMSTANCES_1,ENVIRONMENT_CIRCUMSTANCES_2,ENVIRONMENT_CIRCUMSTANCES_3,WORK_ZONE_RELATED_FLAG,CRASH_IN_WORK_ZONE,TYPE_OF_WORK_ZONE,WORKERS_PRESENT,LAW_ENFORCEMENT_PRESENT,INVESTIGATOR_RANK,INVESTIGATING_AGENCY_NAME,INVESTIGATING_AGENCY_TYPE,LOAD_DATE,UPDATE_DATE,DAYS_TO_LOAD,CODEABLE,S4_CRASH_TYPE,S4_CRASH_TYPE_SIMPLIFIED,S4_CRASH_SEVERITY,S4_CRASH_SEVERITY_DETAIL,S4_DAY_OR_NIGHT,S4_IS_AGGRESSIVE_DRIVING,S4_IS_ALCOHOL_RELATED,S4_IS_CMV_INVOLVED,S4_IS_DISTRACTED,S4_IS_DRUG_RELATED,S4_IS_HIT_AND_RUN,S4_IS_INTERSECTION_RELATED,S4_IS_LANE_DEPARTURE_RELATED,S4_IS_SPEEDING_RELATED,S4_NONE_INJURY_COUNT,S4_INJURY_COUNT,S4_POSSIBLE_INJURY_COUNT,S4_NON_INCAPACITATING_INJURY_COUNT,S4_INCAPACITATING_INJURY_COUNT,S4_FATALITY_COUNT,S4_FATALITY_WITHIN_30_DAYS_COUNT,S4_NON_TRAFFIC_FATALITY_COUNT,S4_TRAILER_COUNT,S4_MOTORCYCLE_COUNT,S4_MOPED_COUNT,S4_NON_MOTORIST_COUNT,S4_BICYCLIST_COUNT,S4_PEDESTRIAN_COUNT,S4_DRIVER_COUNT,S4_AGING_DRIVER_COUNT,S4_TEENAGER_DRIVER_COUNT,S4_PASSENGER_COUNT,S4_UNRESTRAINED_COUNT,S4_UNRESTRAINED_INJURY_COUNT,S4_UNRESTRAINED_INCAPACITATING_INJURY_COUNT,S4_UNRESTRAINED_FATALITY_COUNT,S4_MOTORCYCLIST_COUNT,S4_MOTORCYCLIST_INCAPACITATING_INJURY_COUNT,S4_MOTORCYCLIST_FATALITY_COUNT,S4_IS_PEDESTRIAN_INVOLVED,S4_PEDESTRIAN_INCAPACITATING_INJURY_COUNT,S4_PEDESTRIAN_FATALITY_COUNT,S4_IS_BICYCLIST_INVOLVED,S4_BICYCLIST_INCAPACITATING_INJURY_COUNT,S4_BICYCLIST_FATALITY_COUNT,S4_CITATION_COUNT,S4_CITATION_AMOUNT,S4_PROPERTY_DAMAGE_COUNT,S4_PROPERTY_DAMAGE_AMOUNT,S4_VEHICLE_DAMAGE_COUNT,S4_VEHICLE_DAMAGE_AMOUNT,S4_TOTAL_DAMAGE_AMOUNT,S4_TRANSPORT_BY_EMS_COUNT,S4_TRANSPORT_BY_LAW_ENFORCEMENT_COUNT,S4_TRANSPORT_BY_OTHER_COUNT,S4_GEOLOCATION_STATUS,S4_PRELIMINARY_GEOLOCATION_STATUS,S4_X,S4_Y,S4_LATITUDE,S4_LONGITUDE
25675904,2024,9/24/2024 23:00,9/24/2024 23:43,588087,L,1,1,2,38,Duval,Jacksonville,Urban,9/24/2024 23:02,9/24/2024 23:02,9/24/2024 23:16,9/24/2024 23:39,Y,Law Enforcement,HECKSCHER DR,,30.49723533,-81.44712744,11820,North,HOUSTON AVE,,State,Unpaved,Not at Intersection,N,Dark - Not Lighted,Clear,Dry,N,Angle,Tree (standing),Off Roadway,N,Non-Junction,None,,,None,,,N,,,,,OFFICER,Jacksonville Sheriff's Office,Sheriff's Office (SO),9/25/2024 23:00,9/25/2024 23:00,1,Y,Off Road,Off Road,Serious Injury,Incapacitating Injury,NIGHT,N,N,N,N,N,N,N,Y,N,0,1,0,0,1,0,0,0,0,0,0,0,0,0,1,0,0,0,1,1,1,0,0,0,0,N,0,0,N,0,0,0,0,0,0,1,10000,10000,1,0,0,Preliminary,Editor Mapped,457092.2932,3373969.472,30.49722956,-81.44712424
26215239,2024,10/22/2024 13:47,10/22/2024 0:00,2024022550,L,2,3,48,0,Clay,Unincorporated,Rural,10/22/2024 13:49,10/22/2024 13:51,10/22/2024 13:58,10/22/2024 15:14,Y,Law Enforcement,KINGSLEY AVE,,30.164611,-81.742085,161,West,PROFESSIONAL CENTER DR,,State,Curb,Other,N,Daylight,Clear,Dry,N,Angle,Motor Vehicle in Transport,On Roadway,N,Driveway/Alley Access Related,None,,,None,,,N,,,,,DEPUTY,Clay County Sheriff's Office,Sheriff's Office (SO),10/27/2024 19:17,10/27/2024 19:17,5,Y,Left Leaving,Left Turn,Serious Injury,Incapacitating Injury,DAY,N,N,N,N,N,N,N,N,N,0,3,1,0,2,0,0,0,0,0,0,0,0,0,2,1,1,1,0,0,0,0,0,0,0,N,0,0,N,0,0,1,0,0,0,2,15000,15000,2,0,0,Preliminary,Editor Mapped,428545.3257,3337257.674,30.164605,-81.74208199
26831800,2024,12/18/2024 16:43,12/18/2024 17:12,766565,L,3,3,2,38,Duval,Jacksonville,Urban,12/18/2024 16:46,12/18/2024 16:46,12/18/2024 16:47,12/18/2024 17:14,Y,Law Enforcement,BEACH BLVD,,30.28746356,-81.56859821,0,,GROVE PARK BLVD,,U.S.,Paved,Four-Way Intersection,N,Daylight,Clear,Dry,N,Angle,Motor Vehicle in Transport,On Roadway,N,Intersection,None,,,None,,,N,,,,,CSO,Jacksonville Sheriff's Office,Sheriff's Office (SO),12/20/2024 19:51,12/20/2024 19:51,2,Y,Left Entering,Left Turn,Serious Injury,Incapacitating Injury,DAY,N,N,N,N,N,N,Y,N,N,1,2,1,0,1,0,0,0,0,0,0,0,0,0,3,1,0,0,0,0,0,0,0,0,0,N,0,0,N,0,0,1,0,0,0,3,45000,45000,1,0,0,Preliminary,Editor Mapped,445319.4503,3350777.557,30.28747598,-81.56858651
26301911,2024,3/16/2024 23:41,10/29/2024 10:36,FHP24ON0134594,L,1,2,2,38,Duval,Jacksonville,Urban,3/16/2024 23:46,3/16/2024 23:50,3/17/2024 0:08,3/17/2024 2:48,Y,Law Enforcement,NORMANDY BLVD,,30.27542,-81.8308,392,West,BLAIR RD,,State,Paved,Not at Intersection,Y,Dark - Lighted,Clear,Dry,N,Other,Pedestrian,On Roadway,N,Non-Junction,None,,,None,,,N,,,,,TPR,Florida Highway Patrol,Florida Highway Patrol (FHP),6/4/2024 19:51,11/1/2024 19:53,80,Y,Pedestrian,Pedestrian,Fatality,Fatal (within 30 days),NIGHT,N,N,N,N,N,N,N,N,N,1,0,0,0,0,1,1,0,0,0,0,1,0,1,1,0,0,0,0,0,0,0,0,0,0,Y,0,1,N,0,0,0,0,0,0,1,20000,20000,0,0,1,Verified,n/a,420129.3458,3349638.517,30.27579842,-81.83041559
26682223,2024,10/18/2024 6:57,10/18/2024 0:00,2024-00101175,L,2,2,41,0,Nassau,Unincorporated,Rural,10/18/2024 6:57,10/18/2024 6:59,10/18/2024 7:06,10/18/2024 8:30,Y,Law Enforcement,SR 200,,,,449,East,GRESSMAN RD,,State,Paved,Not at Intersection,,Dark - Not Lighted,Clear,Dry,N,Front to Rear,Motor Vehicle in Transport,On Roadway,N,Non-Junction,None,,,None,,,N,,,,,,Nassau County Sheriff's Office,Sheriff's Office (SO),10/27/2024 19:17,10/27/2024 19:17,9,Y,Rear End,Rear End,Serious Injury,Incapacitating Injury,NIGHT,N,N,Y,N,N,N,N,N,N,1,1,0,0,1,0,0,0,1,0,0,0,0,0,2,0,0,0,1,1,1,0,0,0,0,N,0,0,N,0,0,0,0,0,0,2,10500,10500,1,0,0,Preliminary,Editor Mapped,423579.5708,3384076.98,30.58676418,-81.79706946
26421251,2024,10/22/2024 12:56,10/22/2024 13:40,FHP24ON0533518,L,2,4,2,38,Duval,Jacksonville,Urban,10/22/2024 12:56,10/22/2024 13:08,10/22/2024 13:33,10/22/2024 14:25,Y,Law Enforcement,INTERSTATE 295 NB,,30.16894,-81.60187,2664,West,OLD SAINT AUGUSTINE ROAD,,Interstate,Paved,Not at Intersection,N,Daylight,Clear,Dry,N,Front to Rear,Motor Vehicle in Transport,On Roadway,N,Non-Junction,None,,,None,,,N,,,,,TPR,Florida Highway Patrol,Florida Highway Patrol (FHP),10/27/2024 19:17,10/27/2024 19:17,5,Y,Rear End,Rear End,Serious Injury,Incapacitating Injury,DAY,N,N,N,N,N,N,N,N,N,1,3,2,0,1,0,0,0,0,0,0,0,0,0,2,1,0,2,0,0,0,0,0,0,0,N,0,0,N,0,0,1,0,0,0,2,2400,2400,1,0,0,Preliminary,Editor Mapped,440806.8807,3338071.158,30.17260411,-81.61479375
26830915,2024,8/22/2024 9:02,8/22/2024 9:16,514334,L,1,2,2,38,Duval,Jacksonville,Urban,8/22/2024 9:02,8/22/2024 9:03,8/22/2024 9:18,8/22/2024 10:30,Y,Law Enforcement,TOUCHTON RD E,,30.26954566,-81.55915355,0,,SR 115 (SOUTHSIDE BLVD),,Local,Curb,Four-Way Intersection,N,Daylight,Clear,Dry,N,Angle,Pedestrian,On Roadway,N,Intersection-Related,None,,,None,,,N,,,,,CSO,Jacksonville Sheriff's Office,Sheriff's Office (SO),8/27/2024 19:53,8/27/2024 19:53,5,Y,Pedestrian,Pedestrian,Serious Injury,Incapacitating Injury,DAY,N,N,N,N,N,N,Y,N,N,1,1,0,0,1,0,0,0,0,0,0,1,1,0,1,0,0,0,0,0,0,0,0,0,0,N,0,0,Y,1,0,0,0,0,0,0,0,0,1,0,0,Preliminary,Editor Mapped,446267.6953,3348798.091,30.26965614,-81.55862556
26827675,2024,7/1/2024 17:34,8/21/2024 11:13,401616,L,2,2,2,38,Duval,Jacksonville,Urban,7/1/2024 17:34,7/1/2024 17:35,7/1/2024 17:40,7/1/2024 20:30,Y,Law Enforcement,CASSAT AVENUE,,30.31962153,-81.73070913,112,North,PHYLLIS STREET,,State,Curb,Not at Intersection,Y,Daylight,Clear,Dry,N,Angle,Motor Vehicle in Transport,On Roadway,N,Driveway/Alley Access Related,None,,,None,,,N,,,,,DETECTIVE,Jacksonville Sheriff's Office,Sheriff's Office (SO),7/5/2024 19:22,8/23/2024 19:41,4,Y,Left Entering,Left Turn,Fatality,Fatal (within 30 days),DAY,Y,N,N,N,N,N,N,N,Y,0,1,1,0,0,1,1,0,0,1,0,0,0,0,2,1,0,0,0,0,0,0,1,0,1,N,0,0,N,0,0,0,0,0,0,2,11000,11000,2,0,0,Verified,n/a,429751.4382,3354427.582,30.31960863,-81.73070229
26827670,2024,9/6/2024 0:15,11/21/2024 8:18,547097,L,3,7,2,38,Duval,Jacksonville,Urban,9/6/2024 0:16,9/6/2024 0:18,9/6/2024 0:21,9/6/2024 3:06,Y,Law Enforcement,SAN JOSE BLVD (SR 13),10600,30.18550041,-81.62840998,0,,2900 HARTLEY RD,,State,Paved,Four-Way Intersection,N,Dark - Lighted,Cloudy,Wet,N,Angle,Pedestrian,On Roadway,Y,Intersection-Related,None,,,None,,,N,,,,,OFFICER,Jacksonville Sheriff's Office,Sheriff's Office (SO),9/7/2024 19:26,11/22/2024 20:07,1,Y,Pedestrian,Pedestrian,Fatality,Fatal (within 30 days),NIGHT,N,N,N,N,N,N,Y,N,N,6,0,0,0,0,1,1,0,0,0,0,1,1,0,3,0,2,3,0,0,0,0,0,0,0,N,0,0,Y,0,1,0,0,0,0,3,2500,2500,0,0,1,Verified,n/a,439500.3937,3339501.455,30.18544657,-81.62844447
26842869,2024,12/18/2024 18:34,12/18/2024 18:52,766794,L,1,2,2,38,Duval,Jacksonville,Urban,12/18/2024 18:34,12/18/2024 18:34,12/18/2024 18:41,12/18/2024 19:07,Y,Law Enforcement,KINGS RD,,30.33577709,-81.66701441,0,,N DAVIS ST,,U.S.,Curb,Four-Way Intersection,N,Dark - Lighted,Clear,Dry,N,Angle,Pedestrian,On Roadway,N,Intersection,None,,,None,,,N,,,,,CSO,Jacksonville Sheriff's Office,Sheriff's Office (SO),12/20/2024 19:51,12/20/2024 19:51,2,Y,Pedestrian,Pedestrian,Serious Injury,Incapacitating Injury,DAY,N,N,N,N,N,N,Y,N,N,1,1,0,0,1,0,0,0,0,0,0,1,0,1,1,1,0,0,0,0,0,0,0,0,0,Y,1,0,N,0,0,1,0,0,0,1,500,500,1,0,0,Preliminary,Editor Mapped,435886.0495,3356195.947,30.3359064,-81.66700401
26842793,2024,12/19/2024 7:20,12/19/2024 7:28,767717,L,3,3,2,38,Duval,Jacksonville,Urban,12/19/2024 7:20,12/19/2024 7:20,12/19/2024 8:08,12/19/2024 8:24,Y,Law Enforcement,MONCRIEF RD,,30.35612612,-81.67339731,71,North,W 20TH ST,,Local,Paved,Four-Way Intersection,N,Daylight,Clear,Dry,N,"Sideswipe, Same Direction",Motor Vehicle in Transport,On Roadway,N,Intersection,None,,,None,,,N,,,,,CSO,Jacksonville Sheriff's Office,Sheriff's Office (SO),12/20/2024 19:51,12/20/2024 19:51,1,Y,Rear End,Rear End,Serious Injury,Incapacitating Injury,DAY,N,N,N,Y,N,N,Y,N,N,2,1,0,0,1,0,0,0,0,0,0,0,0,0,3,0,0,0,0,0,0,0,0,0,0,N,0,0,N,0,0,5,0,0,0,3,13000,13000,0,0,0,Preliminary,Editor Mapped,435277.6201,3358451.573,30.35622763,-81.67347275
26348294,2024,6/11/2024 22:52,8/22/2024 10:38,FHP24ON0294043,L,2,2,20,0,St. Johns,Unincorporated,Rural,6/11/2024 22:57,6/11/2024 22:59,6/11/2024 23:17,6/12/2024 4:12,Y,Law Enforcement,INTERSTATE 95 NORTH MILE MARKER 320,,29.95084027,-81.43951002,12998,South,STATE ROAD 16,,Interstate,Paved,Not at Intersection,Y,Dark - Not Lighted,Clear,Dry,N,Front to Rear,Motor Vehicle in Transport,On Roadway,N,Non-Junction,None,,,None,,,N,,,,,TPR,Florida Highway Patrol,Florida Highway Patrol (FHP),6/15/2024 19:21,8/27/2024 19:53,4,Y,Rear End,Rear End,Fatality,Fatal (within 30 days),NIGHT,Y,N,Y,N,N,N,N,N,Y,1,0,0,0,0,1,1,0,0,0,0,0,0,0,2,0,0,0,0,0,0,0,0,0,0,N,0,0,N,0,0,2,0,0,0,2,35000,35000,1,0,0,Preliminary,Editor Mapped,457599.8133,3313423.566,29.95087924,-81.43940008
26250313,2024,10/20/2024 13:50,10/20/2024 14:35,SJSO24CAD232545,L,2,2,20,50,St. Johns,St. Augustine,Rural,10/20/2024 13:52,10/20/2024 13:53,10/20/2024 14:00,10/20/2024 15:13,Y,Law Enforcement,SR-16,,29.95802,-81.46333,0,,S FRANCIS RD,,State,Paved,T-Intersection,N,Daylight,Rain,Wet,N,Angle,Motor Vehicle in Transport,On Roadway,Y,Intersection,None,,,Unknown,,,N,,,,,LE DEPUTY,St. Johns County Sheriff's Office,Sheriff's Office (SO),11/2/2024 19:25,11/2/2024 19:25,13,Y,Other,Other,Serious Injury,Incapacitating Injury,DAY,N,N,N,N,N,N,Y,N,N,1,1,0,0,1,0,0,0,0,1,0,0,0,0,2,0,0,0,0,0,0,0,1,1,0,N,0,0,N,0,0,1,0,0,0,2,7500,7500,1,0,0,Preliminary,Editor Mapped,455292.6514,3314228.473,29.95806113,-81.46334263
26838704,2024,12/12/2024 11:55,12/12/2024 12:37,753524,L,2,1,2,38,Duval,Jacksonville,Urban,12/12/2024 11:57,12/12/2024 12:13,12/12/2024 12:22,12/12/2024 13:30,N,Law Enforcement,LANE AVE N,,30.34926846,-81.75208277,369,North,GUTHRIE RD,,State,Unpaved,Not at Intersection,N,Daylight,Clear,Dry,N,Front to Rear,Motor Vehicle in Transport,On Roadway,N,Non-Junction,None,,,None,,,N,,,,,OFFICER,Jacksonville Sheriff's Office,Sheriff's Office (SO),12/14/2024 19:25,12/14/2024 19:25,2,Y,Rear End,Rear End,Serious Injury,Incapacitating Injury,DAY,N,N,N,N,N,Y,N,N,N,0,1,0,0,1,0,0,0,0,0,0,0,0,0,1,1,0,0,0,0,0,0,0,0,0,N,0,0,N,0,0,0,0,0,0,1,15000,15000,1,0,0,Preliminary,Editor Mapped,427717.9976,3357727.226,30.3492627,-81.75207948
26834021,2024,11/9/2024 18:44,11/14/2024 12:23,686966,L,1,7,2,38,Duval,Jacksonville,Urban,11/9/2024 18:44,11/9/2024 18:45,11/9/2024 18:52,11/9/2024 21:09,Y,Law Enforcement,MONCRIEF RD W,4300,30.38756642,-81.71573267,90,West,CLEVELAND RD,,Local,Paved,Not at Intersection,N,Dark - Lighted,Clear,Dry,N,Other,Pedestrian,On Roadway,N,Non-Junction,Unknown,,,Unknown,,,N,,,,,OFFICER,Jacksonville Sheriff's Office,Sheriff's Office (SO),11/11/2024 19:31,11/18/2024 19:42,2,Y,Pedestrian,Pedestrian,Serious Injury,Incapacitating Injury,DAY,N,N,N,N,N,Y,N,N,N,6,1,0,0,1,0,0,0,0,0,0,1,0,1,1,0,0,5,4,0,0,0,0,0,0,Y,1,0,N,0,0,4,0,0,0,1,100,100,1,0,0,Preliminary,Editor Mapped,431238.4838,3361948.738,30.38756064,-81.71572939
26840729,2024,12/11/2024 18:05,12/11/2024 18:39,752140,L,3,2,2,38,Duval,Jacksonville,Urban,12/11/2024 18:10,12/11/2024 18:10,12/11/2024 18:23,12/11/2024 20:30,N,Law Enforcement,UNIVERSITY BLVD W,,30.26512875,-81.61996062,591,West,PHILIPS HWY,,State,Curb,Not at Intersection,N,Dark - Lighted,Clear,Dry,N,Unknown,Motor Vehicle in Transport,On Roadway,N,Non-Junction,None,,,None,,,N,,,,,CSO,Jacksonville Sheriff's Office,Sheriff's Office (SO),12/14/2024 19:25,12/14/2024 19:25,3,Y,Unknown,Unknown,Serious Injury,Incapacitating Injury,DAY,N,N,N,N,N,Y,N,N,N,1,1,0,0,1,0,0,0,0,1,0,0,0,0,2,0,0,0,0,0,0,0,1,1,0,N,0,0,N,0,0,3,0,0,0,2,10500,10500,1,0,0,Preliminary,Editor Mapped,440365.5461,3348326.333,30.265123,-81.61995738
26837201,2024,11/6/2024 17:49,11/6/2024 18:12,680620,L,1,2,2,38,Duval,Jacksonville,Urban,11/6/2024 17:49,11/6/2024 17:49,11/6/2024 17:54,11/6/2024 19:00,Y,Law Enforcement,W BAY ST,,30.32765705,-81.66725568,219,West,N JEFFERSON ST,,Local,Curb,Not at Intersection,N,Dark - Lighted,Clear,Dry,N,Other,Pedestrian,On Roadway,N,Non-Junction,None,,,None,,,N,,,,,CSO,Jacksonville Sheriff's Office,Sheriff's Office (SO),11/8/2024 19:54,11/8/2024 19:54,2,Y,Pedestrian,Pedestrian,Serious Injury,Incapacitating Injury,DAY,N,N,N,N,N,N,N,N,N,1,1,0,0,1,0,0,0,0,0,0,1,0,1,1,0,0,0,0,0,0,0,0,0,0,Y,1,0,N,0,0,1,0,0,0,1,8000,8000,1,0,0,Preliminary,Editor Mapped,435856.7909,3355281.277,30.32765129,-81.66725242
26310382,2024,3/27/2024 19:15,1/29/2025 18:42,FHP24ON0154498,L,2,2,2,38,Duval,Jacksonville,Urban,3/27/2024 19:20,3/27/2024 19:29,3/27/2024 19:43,3/27/2024 21:49,Y,Law Enforcement,STATE ROAD 228,,30.30303,-81.75924,0,,LA MARCHE DRIVE,,State,Paved,Four-Way Intersection,Y,Dark - Lighted,Clear,Dry,N,Angle,Motor Vehicle in Transport,On Roadway,N,Non-Junction,None,,,None,,,N,,,,,TPR,Florida Highway Patrol,Florida Highway Patrol (FHP),4/9/2024 19:35,2/4/2025 19:59,13,Y,Left Entering,Left Turn,Fatality,Fatal (within 30 days),NIGHT,N,N,N,N,N,N,N,Y,N,0,1,0,0,1,1,1,0,0,1,0,0,0,0,2,0,0,0,0,0,0,0,1,0,1,N,0,0,N,0,0,0,0,0,0,2,18000,18000,2,0,0,Preliminary,Editor Mapped,426990.1145,3352618.853,30.30312419,-81.75929675
26429671,2024,11/22/2024 17:56,11/22/2024 18:26,FHP24ON0590097,L,3,3,2,38,Duval,Jacksonville,Urban,11/22/2024 17:56,11/22/2024 18:04,11/22/2024 18:04,11/22/2024 19:46,Y,Law Enforcement,INTERSTATE 295 SB,,30.16707,-81.56862,464,East,INTERSTATE 95,,Interstate,Paved,Not at Intersection,N,Daylight,Clear,Dry,N,Front to Rear,Motor Vehicle in Transport,On Roadway,N,Non-Junction,None,,,None,,,N,,,,,TPR,Florida Highway Patrol,Florida Highway Patrol (FHP),11/25/2024 19:51,11/25/2024 19:51,3,Y,Same Direction Sideswipe,Sideswipe,Serious Injury,Incapacitating Injury,DAY,N,N,N,N,N,N,N,N,N,0,3,0,2,1,0,0,0,0,0,0,0,0,0,3,0,0,0,0,0,0,0,0,0,0,N,0,0,N,0,0,3,0,0,0,3,18700,18700,0,0,0,Preliminary,Editor Mapped,445251.4475,3337436.884,30.16708866,-81.56860055
26103966,2024,1/4/2024 12:43,2/6/2024 12:11,7513,L,1,2,2,38,Duval,Jacksonville,Urban,1/4/2024 12:43,1/4/2024 12:43,1/4/2024 12:51,1/4/2024 14:18,Y,Law Enforcement,FOURAKER ROAD,,30.29566317,-81.7812902,,North,HOGAN SETTLEMENT ROAD,,Local,Paved,Not at Intersection,Y,Daylight,Clear,Dry,N,Angle,Pedalcycle,Off Roadway,N,Non-Junction,None,,,None,,,Y,Transition Area,Work on Shoulder or Median,N,N,DETECTIVE,Jacksonville Sheriff's Office,Sheriff's Office (SO),1/5/2024 19:23,5/19/2025 19:45,1,Y,Bicycle,Bicycle,Fatality,Fatal (within 30 days),DAY,N,N,Y,N,N,N,N,N,N,1,0,0,0,0,1,1,0,0,0,0,1,1,0,1,0,0,0,0,0,0,0,0,0,0,N,0,0,Y,0,1,1,0,0,0,1,50,50,1,0,0,Preliminary,Editor Mapped,424880.3491,3351806.046,30.2956608,-81.7811783
26829761,2024,10/31/2024 0:00,10/31/2024 18:10,667298,L,2,3,2,38,Duval,Jacksonville,Urban,10/31/2024 0:00,10/31/2024 0:00,10/31/2024 0:00,10/31/2024 18:10,Y,Law Enforcement,MARTIN LUTHER KING JR PKWY,,30.35620753,-81.64078648,954,West,,,U.S.,Paved,Not at Intersection,N,Dark - Lighted,Clear,Dry,N,Front to Rear,Motor Vehicle in Transport,On Roadway,N,Entrance/Exit Ramp,None,,,None,,,N,,,,,OFFICER,Jacksonville Sheriff's Office,Sheriff's Office (SO),11/2/2024 19:25,11/2/2024 19:25,2,Y,Rear End,Rear End,Serious Injury,Incapacitating Injury,NIGHT,N,N,N,N,N,N,N,Y,N,2,1,0,0,1,0,0,0,0,0,0,0,0,0,2,1,0,1,0,0,0,0,0,0,0,N,0,0,N,0,0,1,0,0,0,2,25000,25000,1,0,0,Preliminary,Editor Mapped,438419.2129,3358430.5,30.35620179,-81.64078323
26837138,2024,10/30/2024 17:25,10/30/2024 17:41,664926,L,2,3,2,38,Duval,Jacksonville,Urban,10/30/2024 17:27,10/30/2024 17:29,10/30/2024 17:50,10/30/2024 18:40,Y,Law Enforcement,US-17,,30.50387598,-81.62291114,0,,LAKE RUN BLVD,,U.S.,Unpaved,T-Intersection,N,Daylight,Clear,Dry,N,Angle,Motor Vehicle in Transport,On Roadway,N,Intersection,None,,,None,,,N,,,,,CSO,Jacksonville Sheriff's Office,Sheriff's Office (SO),11/2/2024 19:25,11/2/2024 19:25,3,Y,Left Leaving,Left Turn,Serious Injury,Incapacitating Injury,DAY,N,N,N,N,N,N,Y,N,N,2,1,0,0,1,0,0,0,0,0,0,0,0,0,2,0,0,1,0,0,0,0,0,0,0,N,0,0,N,0,0,1,0,0,0,2,17000,17000,1,0,0,Preliminary,Editor Mapped,440229.9591,3374781.098,30.50383215,-81.62287912
26437196,2024,10/29/2024 9:50,10/29/2024 10:24,FHP24ON0546024,L,2,2,2,38,Duval,Jacksonville,Urban,10/29/2024 9:55,10/29/2024 9:57,10/29/2024 10:15,10/29/2024 11:46,Y,Law Enforcement,I-295,,30.33895,-81.53988,0,,MONUMENT RD,,Interstate,Paved,Not at Intersection,N,Daylight,Cloudy,Dry,N,Angle,Motor Vehicle in Transport,On Roadway,N,Entrance/Exit Ramp,None,,,None,,,N,,,,,TPR,Florida Highway Patrol,Florida Highway Patrol (FHP),11/2/2024 19:25,11/2/2024 19:25,4,Y,Left Entering,Left Turn,Serious Injury,Incapacitating Injury,DAY,N,N,N,Y,N,N,N,N,N,0,2,0,1,1,0,0,0,0,0,0,0,0,0,2,0,0,0,0,0,0,0,0,0,0,N,0,0,N,0,0,1,0,0,0,2,16000,16000,2,0,0,Preliminary,Editor Mapped,447836.8301,3356617.196,30.34028264,-81.54270127
26836520,2024,10/22/2024 13:08,12/30/2024 12:44,646571,L,1,1,2,38,Duval,Jacksonville,Urban,10/22/2024 13:08,10/22/2024 13:10,10/22/2024 13:18,10/22/2024 16:30,Y,Law Enforcement,OLD MIDDLEBURG RD N,,30.24933126,-81.78565027,155,South,FIRETOWER RD,,County,Curb,Not at Intersection,Y,Daylight,Clear,Dry,N,Other,Utility Pole/Light Support,Roadside,N,Non-Junction,None,,,None,,,N,,,,,DETECTIVE,Jacksonville Sheriff's Office,Sheriff's Office (SO),10/24/2024 19:31,1/1/2025 19:25,2,Y,Off Road,Off Road,Fatality,Fatal (within 30 days),DAY,N,N,N,N,Y,N,N,Y,N,0,0,0,0,0,1,1,0,0,0,0,0,0,0,1,0,0,0,1,0,0,1,0,0,0,N,0,0,N,0,0,0,0,0,0,1,30000,30000,1,0,0,Preliminary,Editor Mapped,424419.6796,3346673.298,30.24931737,-81.78559955