REPORT_NUMBER,CRASH_YEAR,CRASH_DATE_AND_TIME,REPORT_DATE_AND_TIME,INVESTIGATING_AGENCY_REPORT_NUMBER,FORM_TYPE,TOTAL_NUMBER_OF_VEHICLES,TOTAL_NUMBER_OF_PERSONS,COUNTY_CODE,CITY_CODE,COUNTY_NAME,CITY_NAME,RURAL_OR_URBAN,NOTIFIED_TIME,DISPATCHED_TIME,ARRIVED_TIME,CLEARED_TIME,COMPLETED_FLAG,NOTIFIED_BY,ON_STREET_ROAD_HIGHWAY,STREET_ADDRESS_NUMBER,LATITUDE,LONGITUDE,FEET_FROM_INTERSECTION,DIRECTION_FROM_INTERSECTION,FROM_INTERSECTION_OF,MILEPOST_NUMBER,ROAD_SYSTEM_IDENTIFER,TYPE_OF_SHOULDER,TYPE_OF_INTERSECTION,PHOTOS_TAKEN,LIGHT_CONDITION,WEATHER_CONDITION,ROAD_SURFACE_CONDITION,SCHOOL_BUS_RELATED_CODE,TYPE_OF_IMPACT,FIRST_HARMFUL_EVENT,LOCATION,INTERCHANGE_FLAG,JUNCTION_FLAG,ROAD_CIRCUMSTANCES_1,ROAD_CIRCUMSTANCES_2,ROAD_CIRCUMSTANCES_3,ENVIRONMENT_CIRCUMSTANCES_1,ENVIRONMENT_CIRCUMSTANCES_2,ENVIRONMENT_CIRCUMSTANCES_3,WORK_ZONE_RELATED_FLAG,CRASH_IN_WORK_ZONE,TYPE_OF_WORK_ZONE,WORKERS_PRESENT,LAW_ENFORCEMENT_PRESENT,INVESTIGATOR_RANK,INVESTIGATING_AGENCY_NAME,INVESTIGATING_AGENCY_TYPE,LOAD_DATE,UPDATE_DATE,DAYS_TO_LOAD,CODEABLE,S4_CRASH_TYPE,S4_CRASH_TYPE_SIMPLIFIED,S4_CRASH_SEVERITY,S4_CRASH_SEVERITY_DETAIL,S4_DAY_OR_NIGHT,S4_IS_AGGRESSIVE_DRIVING,S4_IS_ALCOHOL_RELATED,S4_IS_CMV_INVOLVED,S4_IS_DISTRACTED,S4_IS_DRUG_RELATED,S4_IS_HIT_AND_RUN,S4_IS_INTERSECTION_RELATED,S4_IS_LANE_DEPARTURE_RELATED,S4_IS_SPEEDING_RELATED,S4_NONE_INJURY_COUNT,S4_INJURY_COUNT,S4_POSSIBLE_INJURY_COUNT,S4_NON_INCAPACITATING_INJURY_COUNT,S4_INCAPACITATING_INJURY_COUNT,S4_FATALITY_COUNT,S4_FATALITY_WITHIN_30_DAYS_COUNT,S4_NON_TRAFFIC_FATALITY_COUNT,S4_TRAILER_COUNT,S4_MOTORCYCLE_COUNT,S4_MOPED_COUNT,S4_NON_MOTORIST_COUNT,S4_BICYCLIST_COUNT,S4_PEDESTRIAN_COUNT,S4_DRIVER_COUNT,S4_AGING_DRIVER_COUNT,S4_TEENAGER_DRIVER_COUNT,S4_PASSENGER_COUNT,S4_UNRESTRAINED_COUNT,S4_UNRESTRAINED_INJURY_COUNT,S4_UNRESTRAINED_INCAPACITATING_INJURY_COUNT,S4_UNRESTRAINED_FATALITY_COUNT,S4_MOTORCYCLIST_COUNT,S4_MOTORCYCLIST_INCAPACITATING_INJURY_COUNT,S4_MOTORCYCLIST_FATALITY_COUNT,S4_IS_PEDESTRIAN_INVOLVED,S4_PEDESTRIAN_INCAPACITATING_INJURY_COUNT,S4_PEDESTRIAN_FATALITY_COUNT,S4_IS_BICYCLIST_INVOLVED,S4_BICYCLIST_INCAPACITATING_INJURY_COUNT,S4_BICYCLIST_FATALITY_COUNT,S4_CITATION_COUNT,S4_CITATION_AMOUNT,S4_PROPERTY_DAMAGE_COUNT,S4_PROPERTY_DAMAGE_AMOUNT,S4_VEHICLE_DAMAGE_COUNT,S4_VEHICLE_DAMAGE_AMOUNT,S4_TOTAL_DAMAGE_AMOUNT,S4_TRANSPORT_BY_EMS_COUNT,S4_TRANSPORT_BY_LAW_ENFORCEMENT_COUNT,S4_TRANSPORT_BY_OTHER_COUNT,S4_GEOLOCATION_STATUS,S4_PRELIMINARY_GEOLOCATION_STATUS,S4_X,S4_Y,S4_LATITUDE,S4_LONGITUDE
26120014,2024,11/1/2024 0:00,12/30/2024 13:51,669853,L,1,2,2,38,Duval,Jacksonville,Urban,11/1/2024 0:00,11/1/2024 0:00,11/1/2024 0:00,11/1/2024 23:15,Y,Law Enforcement,NEW BERLIN ROAD,,30.46229224,-81.63217644,122,West,HOLLY COURT,,Local,Curb,Not at Intersection,Y,Dark - Lighted,Clear,Dry,N,Other,Pedestrian,On Roadway,N,Non-Junction,None,,,None,,,N,,,,,DETECTIVE,Jacksonville Sheriff's Office,Sheriff's Office (SO),11/2/2024 19:25,1/3/2025 19:38,1,Y,Pedestrian,Pedestrian,Fatality,Fatal (within 30 days),NIGHT,N,N,N,N,N,N,N,N,N,1,0,0,0,0,1,1,0,0,0,0,1,0,1,1,0,0,0,0,0,0,0,0,0,0,Y,0,1,N,0,0,1,0,0,0,1,500,500,0,0,0,Preliminary,Editor Mapped,439300.9075,3370173.04,30.4622052,-81.63229169
26841919,2024,12/28/2024 4:41,12/28/2024 5:05,784487,L,2,2,2,38,Duval,Jacksonville,Urban,12/28/2024 4:41,12/28/2024 4:41,12/28/2024 4:45,12/28/2024 6:07,Y,Law Enforcement,BISCAYNE ESTATE DR,,30.45717143,-81.66932985,0,,BISCAYNE BLVD,,Local,Paved,Four-Way Intersection,N,Dark - Lighted,Clear,Dry,N,Front to Front,Motor Vehicle in Transport,On Roadway,Y,Intersection-Related,None,,,None,,,N,,,,,OFFICER,Jacksonville Sheriff's Office,Sheriff's Office (SO),1/3/2025 19:38,1/3/2025 19:38,6,Y,Left Rear,Left Turn,Serious Injury,Incapacitating Injury,NIGHT,N,N,N,N,N,N,Y,N,N,0,2,0,0,2,0,0,0,0,0,0,0,0,0,2,0,0,0,0,0,0,0,0,0,0,N,0,0,N,0,0,1,0,0,0,2,47000,47000,2,0,0,Preliminary,Editor Mapped,435737.7459,3369638.153,30.45719356,-81.66937344
26468686,2024,12/31/2024 20:50,5/17/2025 19:09,FHP24ON0657272,L,1,2,2,38,Duval,Jacksonville,Urban,12/31/2024 22:00,12/31/2024 22:08,12/31/2024 22:27,1/1/2025 1:04,Y,Law Enforcement,BEACH BLVD (US-90),,30.28701183,-81.52557122,0,,ST JOHNS BLUFF,,U.S.,Curb,Not at Intersection,Y,Dark - Lighted,Clear,Dry,N,Other,Pedestrian,On Roadway,N,Non-Junction,None,,,None,,,N,,,,,TPR,Florida Highway Patrol,Florida Highway Patrol (FHP),1/21/2025 19:50,5/20/2025 3:32,21,Y,Pedestrian,Pedestrian,Fatality,Fatal (within 30 days),NIGHT,N,N,N,N,N,N,N,N,N,1,0,0,0,0,1,1,0,0,0,0,1,0,1,1,0,0,0,0,0,0,0,0,0,0,Y,0,1,N,0,0,0,0,0,0,1,500,500,1,0,0,Preliminary,Computer mapped approximate by address,449448.375,3350705.394,30.28700425,-81.52565069
26443493,2024,12/27/2024 18:16,12/27/2024 19:47,FHP24ON0650866,L,1,3,41,30,Nassau,Callahan,Urban,12/27/2024 18:21,12/27/2024 18:31,12/27/2024 19:14,12/27/2024 20:16,Y,Law Enforcement,STATE ROAD 115 (LEM TURNER ROAD),,30.55056,-81.7964,404,East,MARSH ROAD,,State,Paved,Not at Intersection,N,Dark - Not Lighted,Cloudy,Wet,N,Other,Pedestrian,On Roadway,N,Non-Junction,None,,,None,,,N,,,,,TPR,Florida Highway Patrol,Florida Highway Patrol (FHP),1/22/2025 19:36,1/22/2025 19:36,26,Y,Pedestrian,Pedestrian,Serious Injury,Incapacitating Injury,DAY,N,N,N,N,N,N,N,N,N,2,1,0,0,1,0,0,0,0,0,0,1,0,1,1,1,0,1,0,0,0,0,0,0,0,Y,1,0,N,0,0,1,0,0,0,1,750,750,1,0,0,Preliminary,Editor Mapped,423457.8375,3380104.3,30.55091111,-81.79804554
26412857,2024,10/17/2024 11:45,10/17/2024 12:45,FHP24ON0524079,L,1,1,2,38,Duval,Jacksonville,Urban,10/17/2024 12:01,10/17/2024 12:04,10/17/2024 12:31,10/17/2024 13:12,Y,Law Enforcement,BUTLER BLVD,,30.25005,-81.55262,613,East,SOUTHSIDE BLVD,,State,Paved,Not at Intersection,N,Daylight,Clear,Dry,N,Other,Traffic Sign Support,Off Roadway,Y,Entrance/Exit Ramp,None,,,None,,,N,,,,,TPR,Florida Highway Patrol,Florida Highway Patrol (FHP),11/9/2024 19:29,11/9/2024 19:29,23,Y,Off Road,Off Road,Serious Injury,Incapacitating Injury,DAY,N,N,N,Y,N,N,N,Y,N,0,1,0,0,1,0,0,0,0,1,0,0,0,0,1,0,0,0,0,0,0,0,1,1,0,N,0,0,N,0,0,4,0,1,10000,1,8000,18000,1,0,0,Preliminary,Editor Mapped,446990.5628,3346425.174,30.24827517,-81.55099104
26389956,2024,8/30/2024 8:35,8/30/2024 9:13,FHP24ON0434940,L,1,2,2,38,Duval,Jacksonville,Urban,8/30/2024 8:39,8/30/2024 8:43,8/30/2024 8:54,8/30/2024 11:02,Y,Law Enforcement,INTERSTATE 95 (STATE ROAD 9),,30.40929667,-81.65721627,1048,South,BROWARD RD (358B-MILE MARKER),,Interstate,Paved,Not at Intersection,N,Daylight,Clear,Dry,N,Other,Overturn/Rollover,On Roadway,Y,Non-Junction,None,,,None,,,N,,,,,TPR,Florida Highway Patrol,Florida Highway Patrol (FHP),9/14/2024 19:29,9/14/2024 19:29,15,Y,Rollover,Rollover,Serious Injury,Incapacitating Injury,DAY,N,N,Y,N,N,N,N,Y,N,0,2,1,0,1,0,0,0,0,0,0,0,0,0,1,0,0,1,0,0,0,0,0,0,0,N,0,0,N,0,0,1,0,0,0,1,10000,10000,1,0,0,Preliminary,Editor Mapped,436875.6772,3364315.856,30.40922852,-81.657199
26439440,2024,10/8/2024 7:30,10/8/2024 8:17,FHP24ON0507172,L,1,1,2,38,Duval,Jacksonville,Urban,10/8/2024 7:35,10/8/2024 7:47,10/8/2024 8:08,10/8/2024 9:20,Y,Law Enforcement,INTERSTATE 95,,30.56645,-81.64348,8310,North,PECAN PARK RD,,Interstate,Paved,Not at Intersection,N,Daylight,Cloudy,Dry,N,Other,Guardrail Face,Shoulder,N,Non-Junction,None,,,None,,,N,,,,,TPR,Florida Highway Patrol,Florida Highway Patrol (FHP),10/21/2024 19:47,10/21/2024 19:47,13,Y,Off Road,Off Road,Serious Injury,Incapacitating Injury,DAY,N,N,N,N,N,N,N,Y,N,0,1,0,0,1,0,0,0,0,0,0,0,0,0,1,0,0,0,0,0,0,0,0,0,0,N,0,0,N,0,0,0,0,0,0,1,6000,6000,1,0,0,Preliminary,Editor Mapped,438800.2656,3379245.329,30.54404232,-81.63804069
26430295,2024,11/4/2024 9:55,11/4/2024 11:06,FHP24ON0557078,L,2,4,2,38,Duval,Jacksonville,Urban,11/4/2024 10:00,11/4/2024 10:07,11/4/2024 10:46,11/4/2024 11:32,Y,Law Enforcement,INTERSTATE 295 SB,,30.34449,-81.76092,752,North,COMMONWEALTH AVENUE,,Interstate,Paved,Not at Intersection,N,Daylight,Clear,Dry,N,Other,Motor Vehicle in Transport,On Roadway,N,Non-Junction,None,,,None,,,N,,,,,TPR,Florida Highway Patrol,Florida Highway Patrol (FHP),11/18/2024 19:42,11/18/2024 19:42,14,Y,Other,Other,Serious Injury,Incapacitating Injury,DAY,N,N,N,N,N,N,N,Y,N,0,4,3,0,1,0,0,0,0,0,0,0,0,0,2,1,0,2,0,0,0,0,0,0,0,N,0,0,N,0,0,1,0,1,240,2,31500,31740,1,0,0,Preliminary,Editor Mapped,426868.4305,3357022.867,30.34285589,-81.76086924
26430312,2024,11/10/2024 14:15,11/10/2024 15:08,FHP24ON0568589,L,2,5,2,38,Duval,Jacksonville,Urban,11/10/2024 14:20,11/10/2024 14:27,11/10/2024 14:47,11/10/2024 15:36,Y,Law Enforcement,INTERSTATE 10 WB,,30.32099,-81.70514,471,West,US-17,,Interstate,Paved,Not at Intersection,N,Daylight,Cloudy,Dry,N,Front to Rear,Motor Vehicle in Transport,On Roadway,N,Non-Junction,Obstruction in Roadway,,,None,,,Y,Activity Area,Work on Shoulder or Median,N,N,,Florida Highway Patrol,Florida Highway Patrol (FHP),11/18/2024 19:42,11/18/2024 19:42,8,Y,Rear End,Rear End,Serious Injury,Incapacitating Injury,DAY,N,N,Y,N,N,N,N,N,N,0,5,3,0,2,0,0,0,0,0,0,0,0,0,2,0,0,3,0,0,0,0,0,0,0,N,0,0,N,0,0,3,0,0,0,2,6500,6500,2,0,0,Preliminary,Editor Mapped,433200.8226,3354637.034,30.32169411,-81.69483854
26290729,2024,2/24/2024 2:20,8/30/2024 4:27,FHP24ON0093685,L,2,3,2,38,Duval,Jacksonville,Urban,2/24/2024 2:25,2/24/2024 2:28,2/24/2024 2:44,2/24/2024 8:42,N,Law Enforcement,I-295,,30.17608098,-81.5167099,2286,South,SR-9B,,Interstate,Paved,Not at Intersection,Y,Dark - Lighted,Clear,Dry,N,"Sideswipe, Same Direction",Motor Vehicle in Transport,On Roadway,N,Non-Junction,None,,,None,,,N,,,,,TPR,Florida Highway Patrol,Florida Highway Patrol (FHP),3/7/2024 19:22,9/9/2024 19:34,12,Y,Same Direction Sideswipe,Sideswipe,Fatality,Fatal (within 30 days),NIGHT,N,N,N,N,N,Y,N,Y,N,0,2,2,0,0,1,1,0,0,0,0,0,0,0,2,0,0,1,0,0,0,0,0,0,0,N,0,0,N,0,0,0,0,1,10000,2,25000,35000,0,0,0,Preliminary,Editor Mapped,450255.7446,3338404.135,30.17603206,-81.51667495
26831749,2024,9/1/2024 0:00,9/1/2024 10:34,536612,L,1,1,2,38,Duval,Jacksonville,Urban,9/1/2024 10:04,9/1/2024 10:05,9/1/2024 10:18,9/1/2024 11:50,Y,Law Enforcement,S OLD KINGS RD,8200,30.23150822,-81.59786564,217,North,SAN JOSE MANOR DR E.,,Local,Paved,Not at Intersection,N,Daylight,Clear,Dry,N,Angle,Curb,On Roadway,N,Non-Junction,None,,,None,,,N,,,,,OFFICER,Jacksonville Sheriff's Office,Sheriff's Office (SO),9/9/2024 19:35,9/9/2024 19:35,8,Y,Off Road,Off Road,Serious Injury,Incapacitating Injury,NIGHT,N,N,N,N,N,N,N,Y,N,0,1,0,0,1,0,0,0,0,1,0,0,0,0,1,0,0,0,0,0,0,0,1,1,0,N,0,0,N,0,0,1,0,0,0,1,1000,1000,1,0,0,Preliminary,Editor Mapped,442448.3886,3344605.337,30.23164628,-81.59810183
26407814,2024,9/1/2024 23:25,9/2/2024 0:09,FHP24ON0440098,L,2,2,2,38,Duval,Jacksonville,Urban,9/1/2024 23:39,9/1/2024 23:40,9/1/2024 23:40,9/2/2024 1:25,Y,Law Enforcement,I-95 NORTHBOUND,,30.30026,-81.63974,2759,South,ATLANTIC BOULEVARD,,Interstate,Paved,Not at Intersection,N,Dark - Lighted,Clear,Dry,N,Front to Rear,Motor Vehicle in Transport,On Roadway,N,Non-Junction,None,,,None,,,N,,,,,TPR,Florida Highway Patrol,Florida Highway Patrol (FHP),9/14/2024 19:29,9/14/2024 19:29,13,Y,Rear End,Rear End,Serious Injury,Incapacitating Injury,NIGHT,Y,N,N,N,N,N,N,Y,N,1,1,0,0,1,0,0,0,0,1,0,0,0,0,2,0,0,0,0,0,0,0,1,1,0,N,0,0,N,0,0,2,0,0,0,2,9000,9000,1,0,0,Preliminary,Editor Mapped,438474.3958,3352244.758,30.30038698,-81.63984609
26439445,2024,11/13/2024 15:06,11/13/2024 15:45,FHP24ON0573918,L,2,32,41,42,Nassau,Hilliard,Urban,11/13/2024 15:11,11/13/2024 15:11,11/13/2024 15:33,11/13/2024 16:20,Y,Law Enforcement,U.S.1,,30.72985,-81.94472,55,North,JACKSON TRL,,U.S.,Paved,T-Intersection,Y,Daylight,Cloudy,Dry,Y,Front to Rear,Motor Vehicle in Transport,On Roadway,Y,Intersection,None,,,None,,,N,,,,,TPR,Florida Highway Patrol,Florida Highway Patrol (FHP),11/26/2024 20:28,11/26/2024 20:28,13,Y,Rear End,Rear End,Serious Injury,Incapacitating Injury,DAY,N,N,Y,N,N,N,Y,N,N,30,2,0,1,1,0,0,0,0,0,0,0,0,0,2,0,0,30,0,0,0,0,0,0,0,N,0,0,N,0,0,1,0,0,0,2,40000,40000,1,0,0,Preliminary,Editor Mapped,409277.6548,3400484.927,30.73380527,-81.94766686
89735591,2024,1/19/2024 19:10,4/29/2025 14:00,FHP24ON0032261,L,2,2,20,0,St. Johns,Unincorporated,Rural,1/19/2024 19:11,1/19/2024 19:17,1/19/2024 19:34,1/19/2024 23:29,Y,Law Enforcement,US-1,,29.85116,-81.3228,994,North,LEWIS POINT RD,,U.S.,Paved,Not at Intersection,Y,Dark - Lighted,Clear,Dry,N,Angle,Motor Vehicle in Transport,On Roadway,N,Driveway/Alley Access Related,None,,,None,,,N,,,,,CPL,Florida Highway Patrol,Florida Highway Patrol (FHP),1/31/2024 20:56,5/2/2025 19:43,12,Y,Right Angle,Angle,Fatality,Fatal (within 30 days),NIGHT,N,N,N,N,N,N,N,Y,N,0,1,1,0,0,1,1,0,0,0,0,0,0,0,2,0,0,0,0,0,0,0,0,0,0,N,0,0,N,0,0,0,0,0,0,2,22000,22000,2,0,0,Verified,n/a,468818.3317,3302638.426,29.85388401,-81.32282861
26315867,2024,5/25/2024 1:58,8/30/2024 8:39,FHP24ON0261942,L,1,1,2,38,Duval,Jacksonville,Urban,5/25/2024 2:03,5/25/2024 2:06,5/25/2024 2:16,5/25/2024 9:33,Y,Law Enforcement,INTERSTATE 10,,30.32076775,-81.71047188,513,,MCDUFF AVE,,Interstate,Paved,Not at Intersection,Y,Dark - Lighted,Clear,Dry,N,Other,Overturn/Rollover,On Roadway,N,Non-Junction,None,,,None,,,N,,,,,TPR,Florida Highway Patrol,Florida Highway Patrol (FHP),7/2/2024 19:59,9/12/2024 1:24,38,Y,Rollover,Rollover,Fatality,Fatal (within 30 days),NIGHT,Y,Y,N,N,Y,N,N,Y,Y,0,0,0,0,0,1,1,0,0,0,0,0,0,0,1,0,0,0,1,0,0,1,0,0,0,N,0,0,N,0,0,0,0,0,0,1,8000,8000,0,0,1,Preliminary,Editor Mapped,431696.4986,3354552.809,30.32085006,-81.71047989
26459977,2024,12/24/2024 22:02,12/24/2024 23:33,FHP24ON0647091,L,2,2,2,38,Duval,Jacksonville,Urban,12/24/2024 22:05,12/24/2024 22:10,12/24/2024 22:28,12/25/2024 0:07,Y,Law Enforcement,WB INTERSTATE 10,,30.31564391,-81.75249777,803,East,STATE ROAD 103 (LANE AVE S),,Interstate,Paved,Not at Intersection,N,Dark - Lighted,Clear,Dry,N,Angle,Parked Motor Vehicle,On Roadway,N,Non-Junction,None,,,None,,,Y,Activity Area,Work on Shoulder or Median,N,N,TPR,Florida Highway Patrol,Florida Highway Patrol (FHP),12/27/2024 20:04,12/27/2024 20:04,3,Y,Parked Vehicle,Other,Serious Injury,Incapacitating Injury,NIGHT,N,N,N,N,N,N,N,Y,N,0,2,1,0,1,0,0,0,0,0,0,1,0,0,1,0,0,0,0,0,0,0,0,0,0,N,0,0,N,0,0,0,0,0,0,2,11000,11000,1,0,0,Preliminary,Editor Mapped,427609.7747,3353992.395,30.31555545,-81.75294754
26290677,2024,6/14/2024 21:40,9/17/2024 11:55,FHP24ON0299702,L,1,2,48,0,Clay,Unincorporated,Rural,6/14/2024 21:58,6/14/2024 21:59,6/14/2024 22:09,6/15/2024 1:01,Y,Law Enforcement,MONOGAHELA AVENUE,,29.78421303,-81.9632905,198,North,CAPULIN STREET,,Local,Unpaved,Not at Intersection,Y,Dark - Not Lighted,Clear,Dry,N,Other,Overturn/Rollover,Off Roadway,N,Non-Junction,None,,,None,,,N,,,,,TPR,Florida Highway Patrol,Florida Highway Patrol (FHP),6/27/2024 19:25,9/19/2024 0:21,13,Y,Rollover,Rollover,Fatality,Fatal (within 30 days),NIGHT,N,N,N,N,N,N,N,Y,N,0,1,0,1,0,1,1,0,0,0,0,0,0,0,1,0,0,1,2,1,0,1,0,0,0,N,0,0,N,0,0,1,0,0,0,1,6500,6500,2,0,0,Preliminary,Editor Mapped,406908.5446,3295274.376,29.78431145,-81.96310248
83693313,2024,11/7/2024 22:34,11/7/2024 23:05,FHP24ON0564038,L,2,4,2,38,Duval,Jacksonville,Urban,11/7/2024 22:34,11/7/2024 22:35,11/7/2024 22:35,11/8/2024 0:30,Y,Law Enforcement,I-10 E,,30.31508,-81.77273,927,East,MM356,,Interstate,Paved,Not at Intersection,N,Dark - Lighted,Clear,Dry,N,Angle,Motor Vehicle in Transport,On Roadway,N,Non-Junction,Work Zone,None,,None,,,Y,Activity Area,Lane Closure,Y,Y,TPR,Florida Highway Patrol,Florida Highway Patrol (FHP),11/16/2024 19:25,11/16/2024 19:25,9,Y,Rear End,Rear End,Serious Injury,Incapacitating Injury,NIGHT,N,N,Y,N,N,N,N,N,N,1,3,0,1,2,0,0,0,1,0,0,0,0,0,2,0,0,2,0,0,0,0,0,0,0,N,0,0,N,0,0,2,0,0,0,2,20000,20000,2,0,0,Preliminary,Editor Mapped,425713.477,3353955.492,30.31510747,-81.77266728
26421221,2024,9/9/2024 7:11,9/9/2024 7:45,FHP24ON0453082,L,3,4,2,38,Duval,Jacksonville,Urban,9/9/2024 7:11,9/9/2024 7:14,9/9/2024 7:29,9/9/2024 8:59,Y,Law Enforcement,INTERSTATE 295 EXIT RAMP,,30.16912,-81.59793,425,South,OLD SAINT AUGUSTINE ROAD,,Interstate,Paved,Not at Intersection,N,Daylight,Cloudy,Dry,N,Front to Front,Motor Vehicle in Transport,On Roadway,N,Non-Junction,None,,,None,,,N,,,,,TPR,Florida Highway Patrol,Florida Highway Patrol (FHP),9/14/2024 19:29,9/14/2024 19:29,5,Y,Head On,Head On,Serious Injury,Incapacitating Injury,DAY,N,N,N,N,N,N,N,Y,N,0,4,3,0,1,0,0,0,0,0,0,0,0,0,3,0,0,1,0,0,0,0,0,0,0,N,0,0,N,0,0,1,0,0,0,3,21000,21000,0,0,0,Preliminary,Editor Mapped,441997.486,3337718.789,30.16948174,-81.60240908
26398481,2024,10/30/2024 21:18,10/30/2024 22:53,FHP24ON0549104,L,2,2,48,44,Clay,Orange Park,Rural,10/30/2024 21:23,10/30/2024 21:33,10/30/2024 22:14,10/31/2024 0:08,Y,Law Enforcement,CLUB LAKE DR,,30.14545,-81.86057,96,West,QUAIL HOLLOW RD,,Private Roadway,Paved,Not at Intersection,N,Dark - Lighted,Clear,Dry,N,Angle,Parked Motor Vehicle,On Roadway,N,Through Roadway,None,,,None,,,N,,,,,TPR,Florida Highway Patrol,Florida Highway Patrol (FHP),11/11/2024 19:31,11/11/2024 19:31,12,Y,Parked Vehicle,Other,Serious Injury,Incapacitating Injury,NIGHT,N,N,N,N,N,N,N,Y,N,0,2,0,0,2,0,0,0,0,0,0,0,0,0,1,0,0,1,1,1,1,0,0,0,0,N,0,0,N,0,0,0,0,0,0,2,25000,25000,2,0,0,Preliminary,Editor Mapped,417125.0461,3335215.872,30.14545676,-81.86051521
89742817,2024,1/19/2024 20:20,4/12/2024 19:20,FHP24ON0032356,L,1,2,20,0,St. Johns,Unincorporated,Rural,1/19/2024 20:25,1/19/2024 20:33,1/19/2024 21:08,1/20/2024 1:17,Y,Law Enforcement,SR-16,,29.95958547,-81.46838065,1703,West,SOUTH FRANCIS ROAD,,State,Paved,Not at Intersection,Y,Dark - Not Lighted,Clear,Dry,N,Other,Pedestrian,On Roadway,N,Non-Junction,None,,,None,,,N,,,,,TPR,Florida Highway Patrol,Florida Highway Patrol (FHP),1/26/2024 19:23,4/16/2024 20:03,7,Y,Pedestrian,Pedestrian,Fatality,Fatal (within 30 days),NIGHT,N,N,N,N,N,N,N,N,N,1,0,0,0,0,1,1,0,0,0,0,1,0,1,1,1,0,0,0,0,0,0,0,0,0,Y,0,1,N,0,0,0,0,0,0,1,3200,3200,0,0,1,Verified,n/a,454806.0691,3314395.97,29.95955486,-81.46839246
26105437,2024,11/15/2024 19:20,11/15/2024 19:44,699515,L,2,4,2,38,Duval,Jacksonville,Urban,11/15/2024 19:24,11/15/2024 19:24,11/15/2024 19:30,11/15/2024 20:51,Y,Law Enforcement,ARLINGTON EXPY,,30.32152723,-81.55286113,136,West,REGENCY COURT MALL,,Local,Curb,Not at Intersection,N,Dark - Lighted,Clear,Dry,N,Front to Rear,Motor Vehicle in Transport,On Roadway,N,Non-Junction,None,,,None,,,N,,,,,OFFICER,Jacksonville Sheriff's Office,Sheriff's Office (SO),11/16/2024 19:25,11/16/2024 19:25,1,Y,Rear End,Rear End,Serious Injury,Incapacitating Injury,NIGHT,N,N,N,N,N,N,N,N,N,0,4,3,0,1,0,0,0,0,0,0,0,0,0,2,0,0,2,0,0,0,0,0,0,0,N,0,0,N,0,0,0,0,0,0,2,7000,7000,1,0,0,Preliminary,Editor Mapped,446850.4528,3354542.868,30.32152147,-81.5528579
25458735,2024,11/10/2024 22:30,11/13/2024 6:53,SJSO24OFF011734,L,1,1,20,50,St. Johns,St. Augustine,Rural,11/10/2024 22:40,11/10/2024 22:42,11/10/2024 22:45,11/11/2024 1:20,Y,Law Enforcement,SILVERLEAF PKWY,,29.99957,-81.50533,,,ASPIRE DR,,County,Unpaved,Not at Intersection,N,Dark - Not Lighted,Clear,Dry,N,Other,Concrete Traffic Barrier,On Roadway,N,Non-Junction,None,,,None,,,N,,,,,LE DEPUTY,St. Johns County Sheriff's Office,Sheriff's Office (SO),11/28/2024 19:27,11/28/2024 19:27,18,Y,Off Road,Off Road,Serious Injury,Incapacitating Injury,NIGHT,N,N,N,N,N,N,N,Y,N,0,1,0,0,1,0,0,0,0,1,0,0,0,0,1,0,0,0,0,0,0,0,1,1,0,N,0,0,N,0,0,0,0,0,0,1,2500,2500,1,0,0,Unmapped,Unmapped,,,,
26443409,2024,10/9/2024 20:25,11/30/2024 13:46,FHP24ON0510377,L,1,2,48,0,Clay,Unincorporated,Rural,10/9/2024 20:28,10/9/2024 20:28,10/9/2024 20:28,10/9/2024 21:50,Y,Law Enforcement,COUNTY ROAD 218,,30.06303,-81.87671,61,West,PINE TREE LANE,,County,Curb,Not at Intersection,Y,Dark - Lighted,Rain,Wet,N,Other,Pedestrian,On Roadway,N,Non-Junction,None,,,None,,,N,,,,,TPR,Florida Highway Patrol,Florida Highway Patrol (FHP),10/22/2024 20:00,12/5/2024 19:29,13,Y,Pedestrian,Pedestrian,Serious Injury,Incapacitating Injury,NIGHT,N,N,N,N,N,N,N,N,N,1,1,0,0,1,0,0,0,0,0,0,1,0,1,1,0,0,0,0,0,0,0,0,0,0,Y,1,0,N,0,0,0,0,0,0,1,2000,2000,1,0,0,Preliminary,Editor Mapped,415477.2348,3326084.13,30.06294407,-81.87689541