REPORT_NUMBER,CRASH_YEAR,CRASH_DATE_AND_TIME,REPORT_DATE_AND_TIME,INVESTIGATING_AGENCY_REPORT_NUMBER,FORM_TYPE,TOTAL_NUMBER_OF_VEHICLES,TOTAL_NUMBER_OF_PERSONS,COUNTY_CODE,CITY_CODE,COUNTY_NAME,CITY_NAME,RURAL_OR_URBAN,NOTIFIED_TIME,DISPATCHED_TIME,ARRIVED_TIME,CLEARED_TIME,COMPLETED_FLAG,NOTIFIED_BY,ON_STREET_ROAD_HIGHWAY,STREET_ADDRESS_NUMBER,LATITUDE,LONGITUDE,FEET_FROM_INTERSECTION,DIRECTION_FROM_INTERSECTION,FROM_INTERSECTION_OF,MILEPOST_NUMBER,ROAD_SYSTEM_IDENTIFER,TYPE_OF_SHOULDER,TYPE_OF_INTERSECTION,PHOTOS_TAKEN,LIGHT_CONDITION,WEATHER_CONDITION,ROAD_SURFACE_CONDITION,SCHOOL_BUS_RELATED_CODE,TYPE_OF_IMPACT,FIRST_HARMFUL_EVENT,LOCATION,INTERCHANGE_FLAG,JUNCTION_FLAG,ROAD_CIRCUMSTANCES_1,ROAD_CIRCUMSTANCES_2,ROAD_CIRCUMSTANCES_3,ENVIRONMENT_CIRCUMSTANCES_1,ENVIRONMENT_CIRCUMSTANCES_2,ENVIRONMENT_CIRCUMSTANCES_3,WORK_ZONE_RELATED_FLAG,CRASH_IN_WORK_ZONE,TYPE_OF_WORK_ZONE,WORKERS_PRESENT,LAW_ENFORCEMENT_PRESENT,INVESTIGATOR_RANK,INVESTIGATING_AGENCY_NAME,INVESTIGATING_AGENCY_TYPE,LOAD_DATE,UPDATE_DATE,DAYS_TO_LOAD,CODEABLE,S4_CRASH_TYPE,S4_CRASH_TYPE_SIMPLIFIED,S4_CRASH_SEVERITY,S4_CRASH_SEVERITY_DETAIL,S4_DAY_OR_NIGHT,S4_IS_AGGRESSIVE_DRIVING,S4_IS_ALCOHOL_RELATED,S4_IS_CMV_INVOLVED,S4_IS_DISTRACTED,S4_IS_DRUG_RELATED,S4_IS_HIT_AND_RUN,S4_IS_INTERSECTION_RELATED,S4_IS_LANE_DEPARTURE_RELATED,S4_IS_SPEEDING_RELATED,S4_NONE_INJURY_COUNT,S4_INJURY_COUNT,S4_POSSIBLE_INJURY_COUNT,S4_NON_INCAPACITATING_INJURY_COUNT,S4_INCAPACITATING_INJURY_COUNT,S4_FATALITY_COUNT,S4_FATALITY_WITHIN_30_DAYS_COUNT,S4_NON_TRAFFIC_FATALITY_COUNT,S4_TRAILER_COUNT,S4_MOTORCYCLE_COUNT,S4_MOPED_COUNT,S4_NON_MOTORIST_COUNT,S4_BICYCLIST_COUNT,S4_PEDESTRIAN_COUNT,S4_DRIVER_COUNT,S4_AGING_DRIVER_COUNT,S4_TEENAGER_DRIVER_COUNT,S4_PASSENGER_COUNT,S4_UNRESTRAINED_COUNT,S4_UNRESTRAINED_INJURY_COUNT,S4_UNRESTRAINED_INCAPACITATING_INJURY_COUNT,S4_UNRESTRAINED_FATALITY_COUNT,S4_MOTORCYCLIST_COUNT,S4_MOTORCYCLIST_INCAPACITATING_INJURY_COUNT,S4_MOTORCYCLIST_FATALITY_COUNT,S4_IS_PEDESTRIAN_INVOLVED,S4_PEDESTRIAN_INCAPACITATING_INJURY_COUNT,S4_PEDESTRIAN_FATALITY_COUNT,S4_IS_BICYCLIST_INVOLVED,S4_BICYCLIST_INCAPACITATING_INJURY_COUNT,S4_BICYCLIST_FATALITY_COUNT,S4_CITATION_COUNT,S4_CITATION_AMOUNT,S4_PROPERTY_DAMAGE_COUNT,S4_PROPERTY_DAMAGE_AMOUNT,S4_VEHICLE_DAMAGE_COUNT,S4_VEHICLE_DAMAGE_AMOUNT,S4_TOTAL_DAMAGE_AMOUNT,S4_TRANSPORT_BY_EMS_COUNT,S4_TRANSPORT_BY_LAW_ENFORCEMENT_COUNT,S4_TRANSPORT_BY_OTHER_COUNT,S4_GEOLOCATION_STATUS,S4_PRELIMINARY_GEOLOCATION_STATUS,S4_X,S4_Y,S4_LATITUDE,S4_LONGITUDE
24761312,2024,12/17/2024 18:50,12/17/2024 20:44,SJSO24OFF013079,L,1,1,20,50,St. Johns,St. Augustine,Rural,12/17/2024 18:56,12/17/2024 18:58,12/17/2024 19:02,12/17/2024 21:21,Y,Law Enforcement,BLOCK OF POWELL RD,2000,29.90378,-81.36985,1148,North,THOMPSON BAILEY RD,,Local,Unpaved,Not at Intersection,Y,Dark - Not Lighted,Cloudy,Dry,N,Other,Mailbox,Roadside,N,Non-Junction,Unknown,,,Unknown,,,N,,,,,LE DEPUTY,St. Johns County Sheriff's Office,Sheriff's Office (SO),1/9/2025 19:33,1/9/2025 19:33,23,Y,Off Road,Off Road,Serious Injury,Incapacitating Injury,DAY,N,Y,N,N,N,N,N,Y,N,0,1,0,0,1,0,0,0,0,0,0,0,0,0,1,0,0,0,0,0,0,0,0,0,0,N,0,0,N,0,0,0,0,5,1250,1,35000,36250,0,0,1,Preliminary,Editor Mapped,464222.2753,3308154.618,29.90354046,-81.37059554
26831274,2024,11/3/2024 5:51,11/12/2024 8:20,672682,L,1,1,2,38,Duval,Jacksonville,Urban,11/3/2024 5:51,11/3/2024 5:52,11/3/2024 5:54,11/3/2024 9:00,N,Law Enforcement,AVENUE B,,30.36911158,-81.69899082,270,South,W 43RD ST,,Local,Paved,Not at Intersection,N,Daylight,Clear,Dry,N,Other,Pedestrian,On Roadway,N,Other,None,,,None,,,N,,,,,DETECTIVE,Jacksonville Sheriff's Office,Sheriff's Office (SO),11/4/2024 19:56,11/14/2024 1:36,1,Y,Pedestrian,Pedestrian,Fatality,Fatal (within 30 days),NIGHT,N,N,N,N,N,Y,N,N,N,0,0,0,0,0,1,1,0,0,0,0,1,0,1,0,0,0,0,0,0,0,0,0,0,0,Y,0,1,N,0,0,0,0,0,0,0,0,0,1,0,0,Preliminary,Officer Mapped,432834.3267,3359893.557,30.36910583,-81.69898755
27154439,2024,11/3/2024 17:39,11/3/2024 18:47,SJSO24OFF011443,L,1,1,20,50,St. Johns,St. Augustine,Rural,11/3/2024 17:39,11/3/2024 17:40,11/3/2024 17:49,11/3/2024 19:30,Y,Law Enforcement,CR 214 OVERPASS,2980,29.85923,-81.38878,1709,West,,,County,Curb,Not at Intersection,N,Daylight,Clear,Dry,N,Unknown,Guardrail Face,Off Roadway,N,Non-Junction,None,,,None,,,N,,,,,LE DEPUTY,St. Johns County Sheriff's Office,Sheriff's Office (SO),12/4/2024 19:29,12/4/2024 19:29,31,Y,Off Road,Off Road,Serious Injury,Incapacitating Injury,DAY,Y,N,N,N,N,N,N,Y,Y,0,1,0,0,1,0,0,0,0,0,0,0,0,0,1,0,0,0,0,0,0,0,0,0,0,N,0,0,N,0,0,0,0,0,0,1,30000,30000,1,0,0,Preliminary,Editor Mapped,461898.4056,3303493.989,29.86141053,-81.39450075
27154908,2024,12/10/2024 13:30,12/10/2024 14:14,SJSO24CAD271418,L,2,2,20,50,St. Johns,St. Augustine,Rural,12/10/2024 13:30,12/10/2024 13:33,12/10/2024 13:46,12/10/2024 15:13,Y,Law Enforcement,STATE ROAD 13,,29.99585,-81.59628,0,,STATE ROAD 16,,State,Paved,T-Intersection,Y,Daylight,Clear,Dry,N,Angle,Motor Vehicle in Transport,On Roadway,Y,Intersection,None,,,None,,,N,,,,,PSA,St. Johns County Sheriff's Office,Sheriff's Office (SO),12/12/2024 19:34,12/12/2024 19:34,2,Y,Left Leaving,Left Turn,Serious Injury,Incapacitating Injury,DAY,N,N,N,N,N,N,Y,N,N,0,2,0,1,1,0,0,0,0,0,0,0,0,0,2,0,0,0,0,0,0,0,0,0,0,N,0,0,N,0,0,1,0,1,350,2,45000,45350,2,0,0,Preliminary,Editor Mapped,442415.4022,3318512.128,29.9961806,-81.59702695
84657977,2024,9/5/2024 22:00,11/25/2024 10:44,546933,L,1,2,2,38,Duval,Jacksonville,Urban,9/5/2024 22:01,9/5/2024 22:02,9/5/2024 22:10,9/5/2024 22:25,Y,Law Enforcement,ST,103RD,30.24816552,-81.77294332,,,RICKER RD,,State,Paved,Four-Way Intersection,N,Dark - Lighted,Rain,Wet,N,Angle,Pedestrian,On Roadway,Y,Intersection,None,,,None,,,N,,,,,OFFICER,Jacksonville Sheriff's Office,Sheriff's Office (SO),9/6/2024 19:35,11/27/2024 19:32,1,Y,Pedestrian,Pedestrian,Fatality,Fatal (within 30 days),NIGHT,N,N,N,N,N,N,Y,N,N,1,0,0,0,0,1,1,0,0,0,0,1,0,1,1,0,0,0,0,0,0,0,0,0,0,Y,0,1,N,0,0,0,0,0,0,1,500,500,1,0,0,Preliminary,Editor Mapped,425636.2934,3346534.046,30.24813606,-81.77294492
26443481,2024,12/14/2024 14:12,12/14/2024 14:46,FHP24ON0628217,L,2,5,2,38,Duval,Jacksonville,Urban,12/14/2024 14:15,12/14/2024 14:17,12/14/2024 14:21,12/14/2024 16:01,Y,Law Enforcement,INTERSTATE 295,,30.28999,-81.77146,518,South,WILSON BOULEVARD,,Interstate,Paved,Not at Intersection,N,Daylight,Cloudy,Dry,N,Angle,Motor Vehicle in Transport,On Roadway,N,Non-Junction,None,,,None,,,N,,,,,TPR,Florida Highway Patrol,Florida Highway Patrol (FHP),1/11/2025 19:25,1/11/2025 19:25,28,Y,Unknown,Unknown,Serious Injury,Incapacitating Injury,DAY,Y,N,N,N,N,N,N,Y,N,0,5,2,2,1,0,0,0,0,0,0,0,0,0,2,0,0,3,0,0,0,0,0,0,0,N,0,0,N,0,0,2,0,1,1000,2,30000,31000,4,0,0,Preliminary,Editor Mapped,425809.2637,3351169.826,30.28997724,-81.77147421
26310367,2024,2/15/2024 11:30,9/19/2024 13:42,FHP24ON0078715,L,1,3,2,38,Duval,Jacksonville,Urban,2/16/2024 0:09,2/16/2024 0:09,2/16/2024 0:24,2/16/2024 3:25,Y,Law Enforcement,STATE ROAD 113,,30.31723675,-81.55893213,277,North,REGENCY SQUARE BOULEVARD NORTH,,Interstate,Paved,Not at Intersection,Y,Dark - Lighted,Cloudy,Dry,N,Other,Pedalcycle,On Roadway,Y,Entrance/Exit Ramp,None,,,None,,,N,,,,,CPL,Florida Highway Patrol,Florida Highway Patrol (FHP),3/1/2024 19:34,9/20/2024 19:36,15,Y,Bicycle,Bicycle,Fatality,Fatal (within 30 days),DAY,N,N,N,N,N,N,N,N,N,1,1,0,0,1,1,1,0,0,0,0,1,1,0,1,0,0,1,1,1,1,0,0,0,0,N,0,0,Y,0,1,1,0,0,0,1,15000,15000,1,0,1,Preliminary,Computer plot approximate by lat/long,446264.4603,3354070.276,30.31723102,-81.5589289
26380497,2024,9/13/2024 14:26,9/13/2024 15:12,FHP24ON0461533,L,2,2,2,38,Duval,Jacksonville,Urban,9/13/2024 14:31,9/13/2024 14:33,9/13/2024 14:43,9/13/2024 15:51,Y,Law Enforcement,INTERSTATE 95 SB,,30.19316,-81.55675,425,North,PHILIPS HIGHWAY,,Interstate,Paved,Not at Intersection,N,Daylight,Rain,Wet,N,Other,Motor Vehicle in Transport,On Roadway,N,Non-Junction,Road Surface Condition,,,Weather Conditions,,,N,,,,,TPR,Florida Highway Patrol,Florida Highway Patrol (FHP),9/23/2024 19:33,9/23/2024 19:33,10,Y,Other,Other,Serious Injury,Incapacitating Injury,DAY,N,N,Y,N,N,Y,N,Y,N,0,2,1,0,1,0,0,0,1,0,0,0,0,0,2,0,0,0,0,0,0,0,0,0,0,N,0,0,N,0,0,1,0,1,240,2,25000,25240,1,0,0,Preliminary,Editor Mapped,446441.4136,3340544.59,30.19518537,-81.55640002
26304620,2024,2/20/2024 1:32,11/20/2024 17:28,FHP24ON0086011,L,1,1,20,0,St. Johns,Unincorporated,Rural,2/20/2024 2:10,2/20/2024 2:30,2/20/2024 3:11,2/20/2024 6:49,Y,Law Enforcement,ST. JOHNS PARKWAY,,30.07675008,-81.5317242,1329,North,STATE ROAD 9B SOUTH,,State,Curb,Four-Way Intersection,Y,Dark - Lighted,Clear,Dry,N,Other,Curb,On Roadway,Y,Intersection,None,,,None,,,N,,,,,TPR,Florida Highway Patrol,Florida Highway Patrol (FHP),3/6/2024 21:43,12/3/2024 19:58,15,Y,Off Road,Off Road,Fatality,Fatal (within 30 days),NIGHT,Y,Y,N,N,Y,N,Y,N,Y,0,0,0,0,0,1,1,0,0,0,0,0,0,0,1,0,0,0,1,0,0,1,0,0,0,N,0,0,N,0,0,0,0,1,5000,1,20000,25000,0,0,1,Verified,n/a,448722.052,3327437.638,30.07700618,-81.53207337
26468677,2024,12/21/2024 1:00,12/21/2024 2:07,FHP24ON0640624,L,1,1,2,38,Duval,Jacksonville,Urban,12/21/2024 1:07,12/21/2024 1:10,12/21/2024 1:55,12/21/2024 4:05,Y,Law Enforcement,I-295 NB MM 16,,30.26185,-81.76415,1341,South,FIRESTONE RD,,Interstate,Paved,Not at Intersection,N,Dark - Lighted,Clear,Dry,N,Other,Bridge Pier or Support,On Roadway,N,Non-Junction,None,,,None,,,N,,,,,TPR,Florida Highway Patrol,Florida Highway Patrol (FHP),12/26/2024 19:20,12/26/2024 19:20,5,Y,Off Road,Off Road,Serious Injury,Incapacitating Injury,NIGHT,N,N,N,N,N,N,N,Y,N,0,1,0,0,1,0,0,0,0,0,0,0,0,0,1,0,0,0,1,1,1,0,0,0,0,N,0,0,N,0,0,2,0,1,10000,1,15000,25000,1,0,0,Preliminary,Editor Mapped,426487.4479,3348042.552,30.26179989,-81.76420396
26421230,2024,9/18/2024 14:36,9/18/2024 15:29,FHP24ON0470186,L,4,4,2,38,Duval,Jacksonville,Urban,9/18/2024 14:38,9/18/2024 14:42,9/18/2024 15:12,9/18/2024 17:02,Y,Law Enforcement,INTERSTATE 295 SB,,30.37683,-81.5537,2528,South,ZOO PKWY,,Interstate,Paved,Not at Intersection,N,Daylight,Clear,Dry,N,Front to Rear,Motor Vehicle in Transport,On Roadway,N,Non-Junction,None,,,None,,,N,,,,,TPR,Florida Highway Patrol,Florida Highway Patrol (FHP),9/25/2024 23:00,9/25/2024 23:00,7,Y,Rear End,Rear End,Serious Injury,Incapacitating Injury,DAY,N,N,N,N,N,N,N,N,N,0,4,2,1,1,0,0,0,0,0,0,0,0,0,4,1,0,0,0,0,0,0,0,0,0,N,0,0,N,0,0,1,0,0,0,4,29600,29600,0,0,0,Preliminary,Editor Mapped,445882.5642,3363219.115,30.39977018,-81.56337393
26460573,2024,11/18/2024 6:25,11/18/2024 7:03,FHP24ON0581446,L,3,3,2,38,Duval,Jacksonville,Urban,11/18/2024 6:27,11/18/2024 6:27,11/18/2024 6:27,11/18/2024 7:45,Y,Law Enforcement,I-295 SB MILE MARKER 8,,30.19012,-81.67244,8595,East,US-17,,Interstate,Paved,Not at Intersection,N,Dark - Lighted,Clear,Dry,N,Front to Rear,Motor Vehicle in Transport,On Roadway,N,Non-Junction,None,,,None,,,N,,,,,TPR,Florida Highway Patrol,Florida Highway Patrol (FHP),11/20/2024 19:46,11/20/2024 19:46,2,Y,Rear End,Rear End,Serious Injury,Incapacitating Injury,NIGHT,N,N,N,N,N,N,N,Y,N,1,2,1,0,1,0,0,0,0,0,0,0,0,0,3,0,0,0,0,0,0,0,0,0,0,N,0,0,N,0,0,1,0,0,0,3,25000,25000,1,0,0,Preliminary,Editor Mapped,435270.9721,3340044.22,30.19012649,-81.67240874
26369889,2024,8/20/2024 10:12,12/18/2024 14:38,FHP24ON0416884,L,3,3,20,0,St. Johns,Unincorporated,Rural,8/20/2024 10:22,8/20/2024 10:27,8/20/2024 10:34,8/20/2024 14:00,Y,Law Enforcement,INTERSTATE 95 SB,,30.03637778,-81.49232459,9167,South,MM 327,,Interstate,Paved,Not at Intersection,Y,Daylight,Cloudy,Wet,N,Angle,Motor Vehicle in Transport,On Roadway,N,Non-Junction,None,,,None,,,N,,,,,TPR,Florida Highway Patrol,Florida Highway Patrol (FHP),9/23/2024 19:33,12/29/2024 19:17,34,Y,Unknown,Unknown,Serious Injury,Incapacitating Injury,DAY,Y,N,Y,N,N,N,N,Y,Y,1,2,1,0,1,0,0,0,2,0,0,0,0,0,3,0,0,0,0,0,0,0,0,0,0,N,0,0,N,0,0,2,0,1,3000,3,110000,113000,2,0,0,Preliminary,Editor Mapped,452536.6818,3322919.302,30.03638607,-81.49229129
25323381,2024,12/21/2024 5:21,2/10/2025 9:37,771956,L,1,2,2,38,Duval,Jacksonville,Urban,12/21/2024 5:21,12/21/2024 5:21,12/21/2024 5:23,12/21/2024 8:00,Y,Law Enforcement,KINGS RD,,30.34176211,-81.67797857,88,West,BARNETT ST,,U.S.,Paved,Not at Intersection,Y,Dark - Lighted,Clear,Dry,N,,Pedestrian,On Roadway,N,Non-Junction,None,,,None,,,N,,,,,DETECTIVE,Jacksonville Sheriff's Office,Sheriff's Office (SO),12/22/2024 19:19,2/11/2025 20:21,1,Y,Pedestrian,Pedestrian,Fatality,Fatal (within 30 days),NIGHT,N,N,N,Y,N,N,N,N,N,1,0,0,0,0,1,1,0,0,0,0,1,0,1,1,0,0,0,0,0,0,0,0,0,0,Y,0,1,N,0,0,0,0,0,0,1,4000,4000,0,0,0,Preliminary,Officer Mapped,434835.3144,3356850.477,30.34175635,-81.67797531
26834023,2024,12/6/2024 23:06,12/6/2024 23:48,742419,L,1,1,2,38,Duval,Jacksonville,Urban,12/6/2024 23:06,12/6/2024 23:07,12/6/2024 23:09,12/7/2024 1:33,N,Law Enforcement,MONCRIEF RD,4800,30.36887767,-81.68266017,98,North,FLYNN CT,,County,Paved,Not at Intersection,N,Dark - Lighted,Clear,Dry,N,Other,Pedestrian,On Roadway,N,Non-Junction,None,,,None,,,N,,,,,OFFICER,Jacksonville Sheriff's Office,Sheriff's Office (SO),12/8/2024 19:19,12/8/2024 19:19,2,Y,Pedestrian,Pedestrian,Serious Injury,Incapacitating Injury,NIGHT,N,N,N,N,N,Y,N,N,N,0,1,0,0,1,0,0,0,0,0,0,1,0,1,0,0,0,0,0,0,0,0,0,0,0,Y,1,0,N,0,0,0,0,0,0,0,0,0,1,0,0,Preliminary,Editor Mapped,434403.419,3359858.066,30.3688719,-81.6826569
26116874,2024,10/16/2024 20:20,5/23/2025 10:20,635048,L,1,2,2,38,Duval,Jacksonville,Urban,10/16/2024 20:24,10/16/2024 20:24,10/16/2024 20:48,10/16/2024 21:30,Y,Law Enforcement,E 1ST ST,,30.33653467,-81.63899423,76,West,MILNOR ST,,Local,Paved,Not at Intersection,N,Dark - Lighted,Clear,Dry,N,Other,Pedestrian,On Roadway,N,Non-Junction,None,,,None,,,N,,,,,DETECTIVE,Jacksonville Sheriff's Office,Sheriff's Office (SO),10/17/2024 19:32,5/24/2025 3:34,1,Y,Pedestrian,Pedestrian,Serious Injury,Incapacitating Injury,NIGHT,N,N,N,N,N,N,N,N,N,1,1,0,0,1,0,0,0,0,0,0,1,0,1,1,0,0,0,0,0,0,0,0,0,0,Y,1,0,N,0,0,0,0,0,0,1,200,200,1,0,0,Preliminary,Editor Mapped,438578.7102,3356246.586,30.33650322,-81.63899561
26832698,2024,9/13/2024 10:54,11/25/2024 9:52,562955,L,1,1,2,38,Duval,Jacksonville,Urban,9/13/2024 10:55,9/13/2024 10:55,9/13/2024 11:05,9/13/2024 14:10,Y,Law Enforcement,OLD SAINT AUGUSTINE RD,,30.14128331,-81.53654759,275,East,WOOD CENTER DR,,Local,Curb,Not at Intersection,N,Daylight,Clear,Dry,N,Other,Curb,On Roadway,N,Non-Junction,None,,,None,,,N,,,,,OFFICER,Jacksonville Sheriff's Office,Sheriff's Office (SO),9/14/2024 19:30,11/27/2024 19:32,1,Y,Off Road,Off Road,Fatality,Fatal (within 30 days),DAY,N,N,N,N,N,N,N,Y,N,0,0,0,0,0,1,1,0,0,0,0,0,0,0,1,0,0,0,1,0,0,1,0,0,0,N,0,0,N,0,0,0,0,0,0,1,10000,10000,1,0,0,Preliminary,Editor Mapped,448385.5263,3334557.973,30.14124637,-81.53591178
26369712,2024,8/9/2024 3:30,5/21/2025 17:14,FHP24ON0397184,L,2,9,2,38,Duval,Jacksonville,Urban,8/9/2024 3:40,8/9/2024 3:47,8/9/2024 4:08,8/9/2024 7:28,Y,Law Enforcement,INTERSTATE 95,,30.34496,-81.66814,519,North,KINGS ROAD EXIT 353C,,Interstate,Paved,Not at Intersection,Y,Dark - Not Lighted,Clear,Dry,N,Other,Pedestrian,On Roadway,N,Non-Junction,None,,,None,,,N,,,,,CPL,Florida Highway Patrol,Florida Highway Patrol (FHP),9/17/2024 19:49,5/23/2025 3:30,39,Y,Pedestrian,Pedestrian,Fatality,Fatal (within 30 days),NIGHT,N,N,Y,N,N,N,N,N,N,8,0,0,0,0,1,1,0,0,0,0,1,0,1,2,0,0,6,0,0,0,0,0,0,0,Y,0,1,N,0,0,1,0,0,0,1,3500,3500,0,0,1,Preliminary,Computer plot approximate by lat/long,435679.0775,3356354.29,30.33732421,-81.66916682
26467862,2024,11/25/2024 8:20,11/25/2024 8:47,FHP24ON0594198,L,2,3,2,38,Duval,Jacksonville,Urban,11/25/2024 8:25,11/25/2024 8:26,11/25/2024 8:39,11/25/2024 9:36,Y,Law Enforcement,SR 202 (BUTLER BLVD),,30.24788,-81.59244,416,West,I-95,,Interstate,Paved,Not at Intersection,N,Daylight,Clear,Dry,N,Front to Rear,Motor Vehicle in Transport,On Roadway,N,Non-Junction,None,,,None,,,N,,,,,TPR,Florida Highway Patrol,Florida Highway Patrol (FHP),12/1/2024 19:18,12/1/2024 19:18,6,Y,Rear End,Rear End,Serious Injury,Incapacitating Injury,DAY,N,N,N,Y,N,N,N,N,N,1,2,1,0,1,0,0,0,0,0,0,0,0,0,2,0,0,1,0,0,0,0,0,0,0,N,0,0,N,0,0,1,0,0,0,2,8000,8000,0,0,0,Preliminary,Editor Mapped,442626.282,3346251.977,30.24651364,-81.59634286
26443558,2024,12/10/2024 15:20,12/10/2024 16:40,FHP24ON0620769,L,2,2,48,44,Clay,Orange Park,Urban,12/10/2024 15:27,12/10/2024 15:48,12/10/2024 16:26,12/10/2024 17:45,Y,Law Enforcement,BLANDING BOULEVARD SOUTHBOUND,,30.14685,-81.7589,0,,STONEBRIDGE ROAD,,State,Paved,T-Intersection,N,Daylight,Cloudy,Dry,N,Angle,Motor Vehicle in Transport,On Roadway,N,Intersection,None,,,None,,,N,,,,,TPR,Florida Highway Patrol,Florida Highway Patrol (FHP),12/19/2024 19:34,12/19/2024 19:34,9,Y,Other,Other,Serious Injury,Incapacitating Injury,DAY,N,N,N,N,N,N,Y,N,N,0,2,0,1,1,0,0,0,0,0,0,0,0,0,2,1,0,0,0,0,0,0,0,0,0,N,0,0,N,0,0,1,0,0,0,2,6000,6000,2,0,0,Preliminary,Editor Mapped,426905.8866,3335316.241,30.1469889,-81.75897274
89742966,2024,9/17/2024 17:18,9/17/2024 18:13,FHP24ON0468779,L,1,2,20,0,St. Johns,Unincorporated,Rural,9/17/2024 17:21,9/17/2024 17:26,9/17/2024 17:29,9/17/2024 18:32,Y,Law Enforcement,STATE ROAD 16,,29.91632,-81.35132,56,East,ROYAL ST AUGUSTINE PKWY,,State,Unpaved,Four-Way Intersection,N,Daylight,Clear,Dry,N,Other,Pedestrian,On Roadway,N,Intersection,None,,,None,,,N,,,,,TPR,Florida Highway Patrol,Florida Highway Patrol (FHP),9/28/2024 19:21,9/28/2024 19:21,11,Y,Pedestrian,Pedestrian,Serious Injury,Incapacitating Injury,DAY,N,N,N,N,N,N,Y,N,N,1,1,0,0,1,0,0,0,0,0,0,1,0,1,1,0,0,0,0,0,0,0,0,0,0,Y,1,0,N,0,0,0,0,0,0,1,1500,1500,1,0,0,Preliminary,Editor Mapped,466105.317,3309560.562,29.91628185,-81.35113529
26100435,2024,2/8/2024 2:03,1/23/2025 9:08,82375,L,1,1,2,38,Duval,Jacksonville,Urban,2/8/2024 2:13,2/8/2024 2:13,2/8/2024 2:13,2/8/2024 4:43,N,Law Enforcement,UNION STREET,,30.33274838,-81.65838951,15,North,NORTH HOGAN STREET,,Local,Curb,Not at Intersection,Y,Dark - Lighted,Clear,Dry,N,Angle,Pedestrian,On Roadway,N,Non-Junction,None,,,None,,,N,,,,,DETECTIVE,Jacksonville Sheriff's Office,Sheriff's Office (SO),2/9/2024 19:34,1/24/2025 19:58,1,Y,Pedestrian,Pedestrian,Fatality,Fatal (within 30 days),NIGHT,N,N,N,N,N,Y,N,N,N,0,0,0,0,0,1,1,0,0,0,0,1,0,1,0,0,0,0,0,0,0,0,0,0,0,Y,0,1,N,0,0,0,0,0,0,0,0,0,1,0,0,Preliminary,Officer Mapped,436712.3911,3355840.508,30.33274264,-81.65838626
26478409,2024,12/31/2024 9:55,12/31/2024 10:26,FHP24ON0656227,L,2,3,2,38,Duval,Jacksonville,Urban,12/31/2024 9:55,12/31/2024 9:57,12/31/2024 10:24,12/31/2024 11:13,Y,Law Enforcement,STATE ROAD 202 WB,,30.24455,-81.60044,94,East,PHILLIPS HWY,,State,Paved,Not at Intersection,N,Daylight,Cloudy,Dry,N,Front to Rear,Motor Vehicle in Transport,On Roadway,N,Non-Junction,None,,,None,,,N,,,,,TPR,Florida Highway Patrol,Florida Highway Patrol (FHP),1/12/2025 19:19,1/12/2025 19:19,12,Y,Rear End,Rear End,Serious Injury,Incapacitating Injury,DAY,N,N,N,N,N,N,N,N,N,2,1,0,0,1,0,0,0,0,0,0,0,0,0,2,2,0,1,0,0,0,0,0,0,0,N,0,0,N,0,0,1,0,0,0,2,3450,3450,0,0,0,Preliminary,Editor Mapped,442279.101,3346018.46,30.24438996,-81.5999385
89758948,2024,12/22/2024 19:32,5/18/2025 6:02,FHP24ON0643519,L,1,1,41,40,Nassau,Fernandina Beach,Urban,12/22/2024 19:37,12/22/2024 19:40,12/22/2024 20:04,12/22/2024 21:50,N,Law Enforcement,S.R. 200,,30.6193153,-81.5012436,79,West,MARSH LAKES DR,,State,Paved,Not at Intersection,Y,Dark - Not Lighted,Cloudy,Dry,N,Other,Overturn/Rollover,Shoulder,Y,Non-Junction,None,,,None,,,N,,,,,TPR,Florida Highway Patrol,Florida Highway Patrol (FHP),1/5/2025 19:18,5/25/2025 3:33,14,Y,Rollover,Rollover,Serious Injury,Incapacitating Injury,NIGHT,N,N,N,N,N,N,N,Y,N,0,1,0,0,1,0,0,0,0,0,0,0,0,0,1,0,0,0,0,0,0,0,0,0,0,N,0,0,N,0,0,0,0,0,0,1,25000,25000,1,0,0,Preliminary,Editor Mapped,451951.7123,3387515.743,30.61926954,-81.50131851
26682351,2024,11/22/2024 14:20,11/22/2024 0:00,2024-00111485,L,1,2,41,0,Nassau,Unincorporated,Rural,11/22/2024 14:25,11/22/2024 14:27,11/22/2024 14:31,11/22/2024 14:54,Y,Law Enforcement,SR 200,464016,,,,,,,Parking Lot,Curb,Not at Intersection,,Daylight,Clear,Dry,N,Other,Motor Vehicle in Transport,In Parking Lane or Zone,N,Non-Junction,None,,,None,,,N,,,,,,Nassau County Sheriff's Office,Sheriff's Office (SO),11/30/2024 19:20,11/30/2024 19:20,8,Y,Single Vehicle,Other,Serious Injury,Incapacitating Injury,DAY,N,N,N,Y,N,N,N,N,N,1,1,0,0,1,0,0,0,0,0,0,1,0,1,1,0,0,0,0,0,0,0,0,0,0,Y,1,0,N,0,0,0,0,0,0,0,0,0,0,0,0,Preliminary,Editor Mapped,448855.2325,3387569.368,30.61962489,-81.53362757