REPORT_NUMBER,CRASH_YEAR,CRASH_DATE_AND_TIME,REPORT_DATE_AND_TIME,INVESTIGATING_AGENCY_REPORT_NUMBER,FORM_TYPE,TOTAL_NUMBER_OF_VEHICLES,TOTAL_NUMBER_OF_PERSONS,COUNTY_CODE,CITY_CODE,COUNTY_NAME,CITY_NAME,RURAL_OR_URBAN,NOTIFIED_TIME,DISPATCHED_TIME,ARRIVED_TIME,CLEARED_TIME,COMPLETED_FLAG,NOTIFIED_BY,ON_STREET_ROAD_HIGHWAY,STREET_ADDRESS_NUMBER,LATITUDE,LONGITUDE,FEET_FROM_INTERSECTION,DIRECTION_FROM_INTERSECTION,FROM_INTERSECTION_OF,MILEPOST_NUMBER,ROAD_SYSTEM_IDENTIFER,TYPE_OF_SHOULDER,TYPE_OF_INTERSECTION,PHOTOS_TAKEN,LIGHT_CONDITION,WEATHER_CONDITION,ROAD_SURFACE_CONDITION,SCHOOL_BUS_RELATED_CODE,TYPE_OF_IMPACT,FIRST_HARMFUL_EVENT,LOCATION,INTERCHANGE_FLAG,JUNCTION_FLAG,ROAD_CIRCUMSTANCES_1,ROAD_CIRCUMSTANCES_2,ROAD_CIRCUMSTANCES_3,ENVIRONMENT_CIRCUMSTANCES_1,ENVIRONMENT_CIRCUMSTANCES_2,ENVIRONMENT_CIRCUMSTANCES_3,WORK_ZONE_RELATED_FLAG,CRASH_IN_WORK_ZONE,TYPE_OF_WORK_ZONE,WORKERS_PRESENT,LAW_ENFORCEMENT_PRESENT,INVESTIGATOR_RANK,INVESTIGATING_AGENCY_NAME,INVESTIGATING_AGENCY_TYPE,LOAD_DATE,UPDATE_DATE,DAYS_TO_LOAD,CODEABLE,S4_CRASH_TYPE,S4_CRASH_TYPE_SIMPLIFIED,S4_CRASH_SEVERITY,S4_CRASH_SEVERITY_DETAIL,S4_DAY_OR_NIGHT,S4_IS_AGGRESSIVE_DRIVING,S4_IS_ALCOHOL_RELATED,S4_IS_CMV_INVOLVED,S4_IS_DISTRACTED,S4_IS_DRUG_RELATED,S4_IS_HIT_AND_RUN,S4_IS_INTERSECTION_RELATED,S4_IS_LANE_DEPARTURE_RELATED,S4_IS_SPEEDING_RELATED,S4_NONE_INJURY_COUNT,S4_INJURY_COUNT,S4_POSSIBLE_INJURY_COUNT,S4_NON_INCAPACITATING_INJURY_COUNT,S4_INCAPACITATING_INJURY_COUNT,S4_FATALITY_COUNT,S4_FATALITY_WITHIN_30_DAYS_COUNT,S4_NON_TRAFFIC_FATALITY_COUNT,S4_TRAILER_COUNT,S4_MOTORCYCLE_COUNT,S4_MOPED_COUNT,S4_NON_MOTORIST_COUNT,S4_BICYCLIST_COUNT,S4_PEDESTRIAN_COUNT,S4_DRIVER_COUNT,S4_AGING_DRIVER_COUNT,S4_TEENAGER_DRIVER_COUNT,S4_PASSENGER_COUNT,S4_UNRESTRAINED_COUNT,S4_UNRESTRAINED_INJURY_COUNT,S4_UNRESTRAINED_INCAPACITATING_INJURY_COUNT,S4_UNRESTRAINED_FATALITY_COUNT,S4_MOTORCYCLIST_COUNT,S4_MOTORCYCLIST_INCAPACITATING_INJURY_COUNT,S4_MOTORCYCLIST_FATALITY_COUNT,S4_IS_PEDESTRIAN_INVOLVED,S4_PEDESTRIAN_INCAPACITATING_INJURY_COUNT,S4_PEDESTRIAN_FATALITY_COUNT,S4_IS_BICYCLIST_INVOLVED,S4_BICYCLIST_INCAPACITATING_INJURY_COUNT,S4_BICYCLIST_FATALITY_COUNT,S4_CITATION_COUNT,S4_CITATION_AMOUNT,S4_PROPERTY_DAMAGE_COUNT,S4_PROPERTY_DAMAGE_AMOUNT,S4_VEHICLE_DAMAGE_COUNT,S4_VEHICLE_DAMAGE_AMOUNT,S4_TOTAL_DAMAGE_AMOUNT,S4_TRANSPORT_BY_EMS_COUNT,S4_TRANSPORT_BY_LAW_ENFORCEMENT_COUNT,S4_TRANSPORT_BY_OTHER_COUNT,S4_GEOLOCATION_STATUS,S4_PRELIMINARY_GEOLOCATION_STATUS,S4_X,S4_Y,S4_LATITUDE,S4_LONGITUDE
26828369,2024,11/21/2024 18:30,11/21/2024 19:56,712005,L,1,2,2,38,Duval,Jacksonville,Urban,11/21/2024 18:34,11/21/2024 18:40,11/21/2024 18:45,11/21/2024 19:57,Y,Law Enforcement,TIMBERWOOD DR,,30.17031672,-81.54338338,0,,PHILIPS HWY,,Local,Paved,Not at Intersection,N,Dark - Not Lighted,Cloudy,Dry,N,Angle,Pedalcycle,On Roadway,N,Intersection-Related,None,,,None,,,N,,,,,OFFICER,Jacksonville Sheriff's Office,Sheriff's Office (SO),11/25/2024 19:51,11/25/2024 19:51,4,Y,Bicycle,Bicycle,Serious Injury,Incapacitating Injury,DAY,N,N,N,N,N,N,Y,N,N,1,1,0,0,1,0,0,0,0,0,0,1,1,0,1,1,0,0,0,0,0,0,0,0,0,N,0,0,Y,1,0,1,0,1,1000,1,5000,6000,1,0,0,Preliminary,Editor Mapped,447679.3318,3337779.564,30.17028783,-81.54340327
26391996,2024,11/5/2024 20:00,1/4/2025 6:51,FHP24ON0560143,L,1,2,41,0,Nassau,Unincorporated,Rural,11/5/2024 20:05,11/5/2024 20:09,11/5/2024 20:48,11/5/2024 23:43,Y,Law Enforcement,CR-108,,30.66909,-81.92985,458,North,MARVEL ROAD,,County,Paved,Not at Intersection,Y,Dark - Not Lighted,Clear,Dry,N,Other,Motor Vehicle in Transport,On Roadway,N,Non-Junction,None,,,None,,,N,,,,,TPR,Florida Highway Patrol,Florida Highway Patrol (FHP),12/3/2024 19:58,1/24/2025 19:58,28,Y,Single Vehicle,Other,Fatality,Fatal (within 30 days),NIGHT,N,N,N,N,N,N,N,N,N,1,0,0,0,0,1,1,0,0,0,0,1,0,1,1,0,0,0,0,0,0,0,0,0,0,Y,0,1,N,0,0,0,0,1,100,1,5000,5100,1,0,0,Preliminary,Editor Mapped,410928.2068,3393133.932,30.66760604,-81.92979128
26831475,2024,11/28/2024 16:22,11/28/2024 16:42,725783,L,2,4,2,38,Duval,Jacksonville,Urban,11/28/2024 16:23,11/28/2024 16:23,11/28/2024 16:30,11/28/2024 17:30,Y,Law Enforcement,TIMUQUANA RD,,30.24736483,-81.73071613,0,,SEABOARD AVE,,State,Curb,Four-Way Intersection,N,Daylight,Clear,Dry,N,Angle,Motor Vehicle in Transport,On Roadway,Y,Intersection,None,,,None,,,N,,,,,OFFICER,Jacksonville Sheriff's Office,Sheriff's Office (SO),11/29/2024 19:44,11/29/2024 19:44,1,Y,Left Rear,Left Turn,Serious Injury,Incapacitating Injury,DAY,N,N,N,N,N,N,Y,N,N,0,4,2,1,1,0,0,0,0,0,0,0,0,0,2,0,0,2,0,0,0,0,0,0,0,N,0,0,N,0,0,2,0,0,0,2,25000,25000,2,0,1,Preliminary,Editor Mapped,429707.6009,3346421.878,30.24736675,-81.73062276
26832402,2024,11/27/2024 21:55,11/27/2024 22:31,724627,L,2,3,2,38,Duval,Jacksonville,Urban,11/27/2024 22:00,11/27/2024 22:01,11/27/2024 22:10,11/27/2024 23:15,Y,Law Enforcement,SR A1A MAYPORT RD,,30.34374106,-81.41338024,67,South,MAYPORT APTS,,State,Curb,Not at Intersection,N,Dark - Lighted,Clear,Dry,N,Angle,Motor Vehicle in Transport,On Roadway,N,Non-Junction,None,,,None,,,N,,,,,OFFICER,Jacksonville Sheriff's Office,Sheriff's Office (SO),11/28/2024 19:27,11/28/2024 19:27,1,Y,Left Rear,Left Turn,Serious Injury,Incapacitating Injury,NIGHT,N,N,N,N,N,N,N,N,N,1,2,0,0,2,0,0,0,0,1,0,0,0,0,2,0,1,1,0,0,0,0,2,2,0,N,0,0,N,0,0,0,0,0,0,2,1500,1500,2,0,0,Preliminary,Editor Mapped,460265.8373,3356927.156,30.3435524,-81.41340594
26839234,2024,11/23/2024 18:20,11/23/2024 23:22,715975,L,6,15,2,38,Duval,Jacksonville,Urban,11/23/2024 18:21,11/23/2024 18:21,11/23/2024 18:23,11/23/2024 20:00,N,Law Enforcement,SOUTHSIDE CONNECTOR BLVD (SR 115),100,30.31721787,-81.55892886,266,North,ATLANTIC BLVD (S.R.10),,State,Paved,Four-Way Intersection,N,Dark - Lighted,Clear,Dry,N,Front to Rear,Motor Vehicle in Transport,On Roadway,N,Intersection-Related,None,,,None,,,N,,,,,OFFICER,Jacksonville Sheriff's Office,Sheriff's Office (SO),11/24/2024 19:17,11/24/2024 19:17,1,Y,Rear End,Rear End,Serious Injury,Incapacitating Injury,DAY,Y,Y,N,N,Y,N,Y,N,Y,2,13,9,3,1,0,0,0,0,0,0,0,0,0,6,0,0,9,0,0,0,0,0,0,0,N,0,0,N,0,0,0,0,1,500,6,57500,58000,4,0,0,Preliminary,Editor Mapped,446264.67,3354066.857,30.31720018,-81.55892655
26840265,2024,11/21/2024 8:06,11/21/2024 8:35,710681,L,3,4,2,38,Duval,Jacksonville,Urban,11/21/2024 8:06,11/21/2024 8:06,11/21/2024 8:18,11/21/2024 9:20,Y,Law Enforcement,MCDUFF AVE N,,30.33384957,-81.7055271,49,North,ORCHARD ST,,Local,Paved,Four-Way Intersection,N,Daylight,Clear,Dry,N,"Sideswipe, Same Direction",Motor Vehicle in Transport,On Roadway,N,Intersection,None,,,None,,,N,,,,,CSO,Jacksonville Sheriff's Office,Sheriff's Office (SO),11/26/2024 20:29,11/26/2024 20:29,5,Y,Same Direction Sideswipe,Sideswipe,Serious Injury,Incapacitating Injury,DAY,N,N,N,N,N,N,Y,N,N,2,2,0,1,1,0,0,0,0,0,0,0,0,0,3,0,0,1,0,0,0,0,0,0,0,N,0,0,N,0,0,1,0,2,1700,3,21500,23200,2,0,0,Preliminary,Editor Mapped,432179.7423,3356005.271,30.33398351,-81.70554754
26838659,2024,11/18/2024 14:50,11/18/2024 15:20,704747,L,2,2,2,38,Duval,Jacksonville,Urban,11/18/2024 14:55,11/18/2024 15:00,11/18/2024 15:10,11/19/2024 16:00,N,Law Enforcement,STATE ROAD 228,,30.29716446,-81.77170021,699,West,INTERSTATE 295 SOUTHBOUND OFF RAMP,,State,Curb,Not at Intersection,N,Daylight,Clear,Dry,N,"Sideswipe, Same Direction",Motor Vehicle in Transport,On Roadway,N,Non-Junction,None,,,None,,,N,,,,,CSO,Jacksonville Sheriff's Office,Sheriff's Office (SO),11/22/2024 20:07,11/22/2024 20:07,4,Y,Same Direction Sideswipe,Sideswipe,Serious Injury,Incapacitating Injury,DAY,N,N,N,N,N,Y,N,Y,N,1,1,0,0,1,0,0,0,0,0,0,0,0,0,1,0,0,1,0,0,0,0,0,0,0,N,0,0,N,0,0,0,0,0,0,1,2000,2000,0,0,0,Preliminary,Editor Mapped,425793.2532,3351965.807,30.2971587,-81.77169692
26834161,2024,12/15/2024 1:35,12/15/2024 2:29,758802,L,2,2,2,38,Duval,Jacksonville,Urban,12/15/2024 1:37,12/15/2024 1:39,12/15/2024 1:44,12/15/2024 5:34,Y,Law Enforcement,SAN JOSE BLVD (SR 13),9800,30.19832533,-81.62052622,231,South,3500 PALL MALL DR,,State,Curb,Not at Intersection,N,Dark - Lighted,Cloudy,Dry,N,Front to Rear,Motor Vehicle in Transport,On Roadway,N,Non-Junction,None,,,None,,,N,,,,,OFFICER,Jacksonville Sheriff's Office,Sheriff's Office (SO),12/16/2024 19:46,12/16/2024 19:46,1,Y,Rear End,Rear End,Serious Injury,Incapacitating Injury,NIGHT,Y,N,N,N,N,N,N,Y,Y,1,1,0,0,1,0,0,0,0,0,0,0,0,0,2,1,0,0,0,0,0,0,0,0,0,N,0,0,N,0,0,1,0,2,10500,2,15000,25500,1,0,0,Preliminary,Editor Mapped,440270.7703,3340923.794,30.1983196,-81.62052298
26840733,2024,12/13/2024 13:15,12/13/2024 13:34,755755,L,1,2,2,38,Duval,Jacksonville,Urban,12/13/2024 13:15,12/13/2024 13:15,12/13/2024 13:23,12/13/2024 15:52,Y,Law Enforcement,N OCEAN ST,,30.33296292,-81.65479724,85,North,E STATE ST,,Local,Curb,Not at Intersection,N,Daylight,Clear,Dry,N,Other,Other Fixed Object,Off Roadway,N,Non-Junction,None,,,None,,,N,,,,,CSO,Jacksonville Sheriff's Office,Sheriff's Office (SO),12/14/2024 19:25,12/14/2024 19:25,1,Y,Off Road,Off Road,Serious Injury,Incapacitating Injury,DAY,N,N,N,N,N,N,N,Y,N,0,2,0,1,1,0,0,0,0,0,0,0,0,0,1,0,0,1,0,0,0,0,0,0,0,N,0,0,N,0,0,1,0,2,30000,1,10000,40000,2,0,0,Preliminary,Editor Mapped,437057.8443,3355862.281,30.33295715,-81.65479399
26382055,2024,10/4/2024 7:57,10/4/2024 9:10,FHP24ON0498614,L,1,2,20,0,St. Johns,Unincorporated,Rural,10/4/2024 8:03,10/4/2024 8:08,10/4/2024 8:37,10/4/2024 9:33,Y,Law Enforcement,INTERSTATE 95,,29.88124,-81.40112,11947,South,MM 315,,Interstate,Paved,Not at Intersection,Y,Daylight,Clear,Dry,N,Other,Pedestrian,On Roadway,N,Non-Junction,None,,,None,,,N,,,,,TPR,Florida Highway Patrol,Florida Highway Patrol (FHP),10/8/2024 19:46,10/8/2024 19:46,4,Y,Pedestrian,Pedestrian,Serious Injury,Incapacitating Injury,DAY,N,N,Y,N,N,N,N,N,N,1,1,0,0,1,0,0,0,1,0,0,1,0,1,1,0,0,0,0,0,0,0,0,0,0,Y,1,0,N,0,0,0,0,0,0,1,1000,1000,1,0,0,Preliminary,Editor Mapped,461266.0908,3305693.089,29.88123672,-81.40112695
26843174,2024,12/24/2024 21:07,12/24/2024 21:28,778491,L,2,4,2,38,Duval,Jacksonville,Urban,12/24/2024 21:08,12/24/2024 21:09,12/24/2024 21:14,12/24/2024 22:00,Y,Law Enforcement,ZOO PKWY,,30.40693981,-81.6419886,0,,ZOO RD,,State,Unpaved,Four-Way Intersection,N,Dark - Lighted,Cloudy,Dry,N,Other,Motor Vehicle in Transport,On Roadway,N,Intersection,None,,,None,,,N,,,,,OFFICER,Jacksonville Sheriff's Office,Sheriff's Office (SO),12/25/2024 19:23,12/25/2024 19:23,1,Y,Left Entering,Left Turn,Serious Injury,Incapacitating Injury,NIGHT,N,N,N,N,N,N,Y,N,N,0,4,2,1,1,0,0,0,0,0,0,0,0,0,2,0,0,2,0,0,0,0,0,0,0,N,0,0,N,0,0,1,0,0,0,2,10000,10000,2,0,0,Preliminary,Editor Mapped,438334.5198,3364052.684,30.40692935,-81.64199599
26840432,2024,12/15/2024 11:15,12/15/2024 13:03,759312,L,1,2,2,38,Duval,Jacksonville,Urban,12/15/2024 11:20,12/15/2024 11:26,12/15/2024 11:32,12/15/2024 11:55,Y,Law Enforcement,EDGEWOOD AVE W,,30.37068468,-81.72436679,0,,NEW KINGS RD,,State,Paved,Four-Way Intersection,N,Daylight,Cloudy,Wet,N,Other,Pedestrian,On Roadway,N,Intersection,Unknown,,,Unknown,,,N,,,,,OFFICER,Jacksonville Sheriff's Office,Sheriff's Office (SO),12/18/2024 19:33,12/18/2024 19:33,3,Y,Pedestrian,Pedestrian,Serious Injury,Incapacitating Injury,DAY,N,N,N,N,N,Y,Y,N,N,1,1,0,0,1,0,0,0,0,0,0,1,0,1,1,0,0,0,0,0,0,0,0,0,0,Y,1,0,N,0,0,1,0,0,0,1,1000,1000,1,0,0,Preliminary,Editor Mapped,430387.3389,3360081.87,30.37066638,-81.724464
26322994,2024,3/20/2024 0:00,10/11/2024 6:35,FHP24ON0140060,L,2,2,2,38,Duval,Jacksonville,Urban,3/20/2024 1:37,3/20/2024 1:43,3/20/2024 1:56,3/29/2024 22:08,Y,Law Enforcement,INTERSTATE 295 SOUTHBOUND,,30.44804,-81.61315,2086,West,PULASKI ROAD,,Interstate,Paved,Not at Intersection,N,Dark - Lighted,Clear,Dry,N,Front to Rear,Motor Vehicle in Transport,On Roadway,N,Non-Junction,None,,,None,,,N,,,,,TPR,Florida Highway Patrol,Florida Highway Patrol (FHP),4/2/2024 19:52,10/13/2024 19:17,13,Y,Rear End,Rear End,Serious Injury,Incapacitating Injury,NIGHT,N,N,Y,N,N,N,N,Y,N,1,1,0,0,1,0,0,0,0,0,0,0,0,0,2,0,0,0,0,0,0,0,0,0,0,N,0,0,N,0,0,0,0,0,0,2,60000,60000,1,0,0,Preliminary,Editor Mapped,441300.0365,3368465.253,30.44689431,-81.61137191
26351167,2024,8/18/2024 22:11,4/10/2025 10:10,FHP24ON0414392,L,1,2,20,0,St. Johns,Unincorporated,Rural,8/18/2024 22:21,8/18/2024 22:31,8/18/2024 22:59,8/19/2024 6:08,Y,Law Enforcement,INTERSTATE 95,,29.67314814,-81.30603088,5422,West,MM299,,Interstate,Paved,Not at Intersection,Y,Dark - Not Lighted,Clear,Dry,N,Other,Pedestrian,On Roadway,N,Non-Junction,None,,,None,,,N,,,,,CPL,Florida Highway Patrol,Florida Highway Patrol (FHP),9/5/2024 19:29,4/11/2025 19:37,18,Y,Pedestrian,Pedestrian,Fatality,Fatal (within 30 days),NIGHT,N,Y,Y,N,N,N,N,Y,N,1,0,0,0,0,1,1,0,0,0,0,1,0,1,1,0,0,0,0,0,0,0,0,0,0,Y,0,1,N,0,0,0,0,0,0,1,6000,6000,0,0,1,Preliminary,Editor Mapped,470360.5797,3282577.547,29.67287657,-81.30631048
26467878,2024,12/10/2024 6:50,12/10/2024 7:28,FHP24ON0619862,L,3,4,2,38,Duval,Jacksonville,Urban,12/10/2024 6:52,12/10/2024 6:53,12/10/2024 7:01,12/10/2024 9:50,Y,Law Enforcement,SR 202 (BUTLER BLVD),,30.25714,-81.43698,2638,West,SAN PABLO RD,,State,Paved,Not at Intersection,N,Dark - Lighted,Cloudy,Dry,N,Front to Rear,Motor Vehicle in Transport,On Roadway,N,Non-Junction,None,,,None,,,N,,,,,TPR,Florida Highway Patrol,Florida Highway Patrol (FHP),12/16/2024 19:45,12/16/2024 19:45,6,Y,Rear End,Rear End,Serious Injury,Incapacitating Injury,NIGHT,N,N,N,Y,N,N,N,N,N,0,4,2,1,1,0,0,0,0,0,0,0,0,0,3,2,0,1,0,0,0,0,0,0,0,N,0,0,N,0,0,1,0,0,0,3,30000,30000,1,0,0,Preliminary,Editor Mapped,456675.1994,3346926.451,30.25318339,-81.45035046
26043885,2024,12/28/2024 18:28,12/28/2024 18:44,SJSO24CAD285220,L,2,4,20,50,St. Johns,St. Augustine,Rural,12/28/2024 18:29,12/28/2024 18:31,12/28/2024 18:36,12/28/2024 19:30,Y,Law Enforcement,OLD MOULTRIE RD & SUMMERHILL COURT,,29.84321,-81.32676,52,South,OLD MOULTRIE RD & SUMMERHILL COURT,,Local,Paved,Not at Intersection,N,Dark - Not Lighted,Clear,Dry,N,"Sideswipe, Opposite Direction",Motor Vehicle in Transport,On Roadway,N,Non-Junction,None,,,None,,,N,,,,,LE DEPUTY,St. Johns County Sheriff's Office,Sheriff's Office (SO),12/29/2024 19:17,12/29/2024 19:17,1,Y,Opposing Sideswipe,Sideswipe,Serious Injury,Incapacitating Injury,DAY,N,N,N,N,N,Y,N,Y,N,2,2,0,1,1,0,0,0,0,1,0,0,0,0,2,2,0,2,0,0,0,0,2,1,0,N,0,0,N,0,0,1,0,0,0,2,45000,45000,2,0,0,Preliminary,Editor Mapped,468439.4298,3301440.732,29.84306557,-81.3267162
26281129,2024,1/26/2024 14:51,11/19/2024 16:16,FHP24ON0043497,L,3,7,2,38,Duval,Jacksonville,Urban,1/26/2024 14:56,1/26/2024 15:02,1/26/2024 15:14,1/26/2024 20:26,Y,Law Enforcement,INTERSTATE 295 SB,,30.19157102,-81.69933695,731,West,US HIGHWAY 17,,Interstate,Paved,Not at Intersection,Y,Daylight,Clear,Dry,N,Front to Rear,Motor Vehicle in Transport,On Roadway,N,Non-Junction,None,,,None,,,N,,,,,CPL,Florida Highway Patrol,Florida Highway Patrol (FHP),2/10/2024 19:17,11/20/2024 19:46,15,Y,Rear End,Rear End,Fatality,Fatal (within 30 days),DAY,N,N,N,Y,N,N,N,Y,N,0,6,1,4,1,1,1,0,0,0,0,0,0,0,3,1,0,4,3,2,1,1,0,0,0,N,0,0,N,0,0,1,0,1,300,3,37500,37800,6,0,0,Preliminary,Editor Mapped,431407.2418,3340190.506,30.19123462,-81.71255236
26425361,2024,11/15/2024 18:17,11/15/2024 18:43,FHP24ON0577914,L,3,3,2,38,Duval,Jacksonville,Urban,11/15/2024 18:22,11/15/2024 18:24,11/15/2024 18:46,11/15/2024 20:00,Y,Law Enforcement,INTERSTATE 295,,30.20043809,-81.74861229,805,East,COLLINS ROAD,,Interstate,Paved,Not at Intersection,N,Dark - Lighted,Clear,Dry,N,Front to Rear,Motor Vehicle in Transport,On Roadway,Y,Entrance/Exit Ramp,None,,,None,,,N,,,,,TPR,Florida Highway Patrol,Florida Highway Patrol (FHP),12/10/2024 20:09,12/10/2024 20:09,25,Y,Rear End,Rear End,Serious Injury,Incapacitating Injury,DAY,N,N,N,N,N,N,N,N,N,0,3,0,2,1,0,0,0,0,0,0,0,0,0,3,0,0,0,0,0,0,0,0,0,0,N,0,0,N,0,0,2,0,0,0,3,30000,30000,1,0,0,Preliminary,Editor Mapped,427942.1577,3341231.212,30.20042499,-81.74861673
26250019,2024,12/4/2024 21:45,12/4/2024 22:27,SJSO24CAD266951,L,2,2,20,50,St. Johns,St. Augustine,Rural,12/4/2024 22:05,12/4/2024 22:07,12/4/2024 22:14,12/4/2024 22:59,Y,Law Enforcement,SR 16,,29.91642,-81.40755,0,,OUTLET MALL BLVD,,State,Paved,Four-Way Intersection,N,Dark - Lighted,Clear,Dry,N,Other,Motor Vehicle in Transport,On Roadway,Y,Intersection,None,,,None,,,N,,,,,LE DEPUTY,St. Johns County Sheriff's Office,Sheriff's Office (SO),12/10/2024 20:09,12/10/2024 20:09,6,Y,Other,Other,Serious Injury,Incapacitating Injury,NIGHT,N,N,N,N,N,N,Y,N,N,0,2,1,0,1,0,0,0,0,1,0,0,0,0,2,1,0,0,0,0,0,0,1,1,0,N,0,0,N,0,0,1,0,0,0,2,10000,10000,1,0,0,Preliminary,Editor Mapped,460644.4401,3309588.141,29.91636797,-81.40770768
26226623,2024,12/8/2024 18:15,12/8/2024 0:00,241115,L,1,3,2,44,Duval,Neptune Beach,Urban,12/8/2024 18:20,12/8/2024 18:20,12/8/2024 18:21,12/8/2024 19:50,Y,Law Enforcement,FOREST AVE,,30.315206,-81.408183,130,East,PENMAN RD,,Local,Unpaved,Not at Intersection,Y,Dark - Lighted,Clear,Dry,N,,Other Non-Collision,On Roadway,N,Non-Junction,None,,,None,,,N,,,,,PATROL,Neptune Beach Police Department,Police Department (PD),12/11/2024 19:32,12/11/2024 19:32,3,Y,Single Vehicle,Other,Serious Injury,Incapacitating Injury,DAY,N,Y,N,N,N,N,N,N,N,2,1,0,0,1,0,0,0,0,0,0,0,0,0,1,0,0,2,3,1,1,0,0,0,0,N,0,0,N,0,0,1,0,0,0,0,0,0,1,0,0,Preliminary,Editor Mapped,460757.5111,3353748.249,30.31488225,-81.40817155
26840972,2024,12/12/2024 6:45,12/12/2024 7:20,752947,L,2,3,2,38,Duval,Jacksonville,Urban,12/12/2024 6:50,12/12/2024 6:55,12/12/2024 7:05,12/12/2024 7:35,Y,Law Enforcement,STATE ROAD 21,,30.28045262,-81.72660752,0,,APPLETON AVENUE,,State,Curb,Four-Way Intersection,N,Dawn,Clear,Dry,N,Angle,Motor Vehicle in Transport,On Roadway,N,Intersection,None,,,None,,,N,,,,,CSO,Jacksonville Sheriff's Office,Sheriff's Office (SO),12/13/2024 20:04,12/13/2024 20:04,1,Y,Left Leaving,Left Turn,Serious Injury,Incapacitating Injury,NIGHT,N,N,N,N,N,N,Y,N,N,2,1,0,0,1,0,0,0,0,1,0,0,0,0,2,0,0,1,0,0,0,0,1,1,0,N,0,0,N,0,0,1,0,0,0,2,15000,15000,1,0,0,Preliminary,Editor Mapped,430112.7428,3350081.543,30.28041322,-81.72665511
26841279,2024,11/28/2024 16:49,1/15/2025 12:17,725811,L,2,3,2,38,Duval,Jacksonville,Urban,11/28/2024 16:50,11/28/2024 16:51,11/28/2024 16:58,11/28/2024 20:40,Y,Law Enforcement,SHERMAN HILLS PKWY,,30.25312811,-81.84159624,322,North,DANCING RABBIT LN,,Private Roadway,Curb,Not at Intersection,N,Daylight,Clear,Dry,N,Front to Front,Motor Vehicle in Transport,On Roadway,N,Non-Junction,None,,,None,,,N,,,,,OFFICER,Jacksonville Sheriff's Office,Sheriff's Office (SO),12/6/2024 20:09,1/16/2025 19:28,8,Y,Head On,Head On,Fatality,Fatal (within 30 days),DAY,Y,N,N,N,N,N,N,Y,Y,2,0,0,0,0,1,1,0,0,1,0,0,0,0,2,0,0,1,0,0,0,0,1,0,1,N,0,0,N,0,0,0,0,0,0,2,3000,3000,1,0,0,Preliminary,Officer Mapped,419035.649,3347133.501,30.25312238,-81.84159293
26839138,2024,12/16/2024 21:20,12/16/2024 21:47,762414,L,2,3,2,38,Duval,Jacksonville,Urban,12/16/2024 21:24,12/16/2024 21:25,12/16/2024 21:30,12/16/2024 21:50,Y,Law Enforcement,KERNAN BLVD S,,30.31669441,-81.48936024,907,South,VISTA POINT DR,,Local,Curb,Four-Way Intersection,N,Dark - Lighted,Rain,Wet,N,Other,Motor Vehicle in Transport,On Roadway,N,Intersection,None,,,Weather Conditions,None,,N,,,,,OFFICER,Jacksonville Sheriff's Office,Sheriff's Office (SO),12/17/2024 20:18,12/17/2024 20:18,1,Y,Left Entering,Left Turn,Serious Injury,Incapacitating Injury,NIGHT,N,N,N,N,N,N,Y,N,N,1,2,1,0,1,0,0,0,0,0,0,0,0,0,2,1,0,1,0,0,0,0,0,0,0,N,0,0,N,0,0,1,0,0,0,2,23000,23000,1,0,0,Preliminary,Editor Mapped,452946.8557,3353987.906,30.31676621,-81.48942072
26842867,2024,12/17/2024 18:25,12/27/2024 14:59,764427,L,2,3,2,38,Duval,Jacksonville,Urban,12/17/2024 18:25,12/17/2024 18:26,12/17/2024 18:31,12/17/2024 19:53,Y,Law Enforcement,W BAY ST,,30.32753209,-81.66658301,0,,N JEFFERSON ST,,Local,Curb,Four-Way Intersection,N,Dark - Lighted,Clear,Dry,N,Angle,Motor Vehicle in Transport,On Roadway,N,Intersection,None,,,None,,,N,,,,,CSO,Jacksonville Sheriff's Office,Sheriff's Office (SO),12/19/2024 19:34,12/28/2024 19:25,2,Y,Other,Other,Serious Injury,Incapacitating Injury,DAY,N,N,N,N,N,N,Y,N,N,2,1,0,0,1,0,0,0,0,1,0,0,0,0,2,0,0,1,0,0,0,0,1,1,0,N,0,0,N,0,0,0,0,0,0,2,11000,11000,1,0,0,Preliminary,Editor Mapped,435918.0279,3355266.421,30.32752048,-81.66661453