REPORT_NUMBER,CRASH_YEAR,CRASH_DATE_AND_TIME,REPORT_DATE_AND_TIME,INVESTIGATING_AGENCY_REPORT_NUMBER,FORM_TYPE,TOTAL_NUMBER_OF_VEHICLES,TOTAL_NUMBER_OF_PERSONS,COUNTY_CODE,CITY_CODE,COUNTY_NAME,CITY_NAME,RURAL_OR_URBAN,NOTIFIED_TIME,DISPATCHED_TIME,ARRIVED_TIME,CLEARED_TIME,COMPLETED_FLAG,NOTIFIED_BY,ON_STREET_ROAD_HIGHWAY,STREET_ADDRESS_NUMBER,LATITUDE,LONGITUDE,FEET_FROM_INTERSECTION,DIRECTION_FROM_INTERSECTION,FROM_INTERSECTION_OF,MILEPOST_NUMBER,ROAD_SYSTEM_IDENTIFER,TYPE_OF_SHOULDER,TYPE_OF_INTERSECTION,PHOTOS_TAKEN,LIGHT_CONDITION,WEATHER_CONDITION,ROAD_SURFACE_CONDITION,SCHOOL_BUS_RELATED_CODE,TYPE_OF_IMPACT,FIRST_HARMFUL_EVENT,LOCATION,INTERCHANGE_FLAG,JUNCTION_FLAG,ROAD_CIRCUMSTANCES_1,ROAD_CIRCUMSTANCES_2,ROAD_CIRCUMSTANCES_3,ENVIRONMENT_CIRCUMSTANCES_1,ENVIRONMENT_CIRCUMSTANCES_2,ENVIRONMENT_CIRCUMSTANCES_3,WORK_ZONE_RELATED_FLAG,CRASH_IN_WORK_ZONE,TYPE_OF_WORK_ZONE,WORKERS_PRESENT,LAW_ENFORCEMENT_PRESENT,INVESTIGATOR_RANK,INVESTIGATING_AGENCY_NAME,INVESTIGATING_AGENCY_TYPE,LOAD_DATE,UPDATE_DATE,DAYS_TO_LOAD,CODEABLE,S4_CRASH_TYPE,S4_CRASH_TYPE_SIMPLIFIED,S4_CRASH_SEVERITY,S4_CRASH_SEVERITY_DETAIL,S4_DAY_OR_NIGHT,S4_IS_AGGRESSIVE_DRIVING,S4_IS_ALCOHOL_RELATED,S4_IS_CMV_INVOLVED,S4_IS_DISTRACTED,S4_IS_DRUG_RELATED,S4_IS_HIT_AND_RUN,S4_IS_INTERSECTION_RELATED,S4_IS_LANE_DEPARTURE_RELATED,S4_IS_SPEEDING_RELATED,S4_NONE_INJURY_COUNT,S4_INJURY_COUNT,S4_POSSIBLE_INJURY_COUNT,S4_NON_INCAPACITATING_INJURY_COUNT,S4_INCAPACITATING_INJURY_COUNT,S4_FATALITY_COUNT,S4_FATALITY_WITHIN_30_DAYS_COUNT,S4_NON_TRAFFIC_FATALITY_COUNT,S4_TRAILER_COUNT,S4_MOTORCYCLE_COUNT,S4_MOPED_COUNT,S4_NON_MOTORIST_COUNT,S4_BICYCLIST_COUNT,S4_PEDESTRIAN_COUNT,S4_DRIVER_COUNT,S4_AGING_DRIVER_COUNT,S4_TEENAGER_DRIVER_COUNT,S4_PASSENGER_COUNT,S4_UNRESTRAINED_COUNT,S4_UNRESTRAINED_INJURY_COUNT,S4_UNRESTRAINED_INCAPACITATING_INJURY_COUNT,S4_UNRESTRAINED_FATALITY_COUNT,S4_MOTORCYCLIST_COUNT,S4_MOTORCYCLIST_INCAPACITATING_INJURY_COUNT,S4_MOTORCYCLIST_FATALITY_COUNT,S4_IS_PEDESTRIAN_INVOLVED,S4_PEDESTRIAN_INCAPACITATING_INJURY_COUNT,S4_PEDESTRIAN_FATALITY_COUNT,S4_IS_BICYCLIST_INVOLVED,S4_BICYCLIST_INCAPACITATING_INJURY_COUNT,S4_BICYCLIST_FATALITY_COUNT,S4_CITATION_COUNT,S4_CITATION_AMOUNT,S4_PROPERTY_DAMAGE_COUNT,S4_PROPERTY_DAMAGE_AMOUNT,S4_VEHICLE_DAMAGE_COUNT,S4_VEHICLE_DAMAGE_AMOUNT,S4_TOTAL_DAMAGE_AMOUNT,S4_TRANSPORT_BY_EMS_COUNT,S4_TRANSPORT_BY_LAW_ENFORCEMENT_COUNT,S4_TRANSPORT_BY_OTHER_COUNT,S4_GEOLOCATION_STATUS,S4_PRELIMINARY_GEOLOCATION_STATUS,S4_X,S4_Y,S4_LATITUDE,S4_LONGITUDE
26682501,2024,12/11/2024 14:22,12/11/2024 5:00,2025-00001492,L,2,2,41,0,Nassau,Unincorporated,Rural,12/11/2024 14:26,12/11/2024 14:27,12/11/2024 14:48,12/11/2024 15:58,Y,Law Enforcement,CR 108,,,,1314,East,EASTWOOD RD,,County,Unpaved,Not at Intersection,,Daylight,Clear,Dry,N,"Sideswipe, Opposite Direction",Cargo/Equipment Loss or Shift,On Roadway,N,Non-Junction,None,,,None,,,N,,,,,Dep.,Nassau County Sheriff's Office,Sheriff's Office (SO),1/16/2025 19:28,1/16/2025 19:28,36,Y,Opposing Sideswipe,Sideswipe,Fatality,Fatal (within 30 days),DAY,N,N,N,N,N,N,N,Y,N,1,0,0,0,0,1,1,0,1,0,0,0,0,0,2,1,0,0,0,0,0,0,0,0,0,N,0,0,N,0,0,1,0,0,0,1,3000,3000,0,0,0,Preliminary,Computer mapped confident by address,414073.6279,3396479.52,30.69802257,-81.89723978
26328666,2024,6/17/2024 8:19,1/28/2025 7:55,FHP24ON0303529,L,2,2,41,30,Nassau,Callahan,Urban,6/17/2024 8:23,6/17/2024 8:35,6/17/2024 8:53,6/17/2024 17:02,Y,Law Enforcement,COUNTY ROAD 108,,30.5545,-81.88783,9,East,BALL PARK RD,,County,Paved,Not at Intersection,Y,Daylight,Clear,Dry,N,Angle,Motor Vehicle in Transport,On Roadway,N,Non-Junction,None,,,None,,,N,,,,,CPL,Florida Highway Patrol,Florida Highway Patrol (FHP),7/12/2024 19:32,1/31/2025 19:38,25,Y,Backed Into,Other,Fatality,Fatal (within 30 days),DAY,N,N,Y,N,Y,N,N,N,N,1,0,0,0,0,1,1,0,1,0,0,0,0,0,2,0,0,0,0,0,0,0,0,0,0,N,0,0,N,0,0,1,0,0,0,2,12000,12000,1,0,0,Verified,n/a,414852.5166,3380566.86,30.55450403,-81.8877959
26338238,2024,8/15/2024 0:15,11/21/2024 11:35,FHP24ON0407513,L,1,2,2,38,Duval,Jacksonville,Urban,8/15/2024 0:20,8/15/2024 0:23,8/15/2024 0:45,8/15/2024 2:31,Y,Law Enforcement,CR-228,,30.28830798,-81.79679014,0,,HAMMOND BLVD,,County,Curb,Not at Intersection,Y,Dark - Not Lighted,Clear,Dry,N,Other,Pedestrian,On Roadway,N,Non-Junction,None,,,None,,,N,,,,,TPR,Florida Highway Patrol,Florida Highway Patrol (FHP),8/27/2024 19:53,1/10/2025 20:05,12,Y,Pedestrian,Pedestrian,Fatality,Fatal (within 30 days),NIGHT,N,N,N,N,N,N,N,N,N,1,0,0,0,0,1,1,0,0,0,0,1,0,1,1,0,0,0,0,0,0,0,0,0,0,Y,0,1,N,0,0,0,0,0,0,1,1500,1500,1,0,0,Preliminary,Computer mapped approximate by address,423245.4067,3350955.586,30.28788424,-81.79811676
26742455,2024,12/24/2024 17:03,12/24/2024 17:16,SJSO24CAD282481,L,1,2,20,50,St. Johns,St. Augustine,Urban,12/24/2024 17:05,12/24/2024 17:06,12/24/2024 17:06,12/24/2024 17:46,Y,Law Enforcement,SR 207,,29.88053,-81.32681,137,West,US-1,,State,Curb,Not at Intersection,N,Daylight,Clear,Dry,N,Other,Motor Vehicle in Transport,On Roadway,N,Non-Junction,None,,,None,,,N,,,,,PATROLMAN,St. Augustine Police Department,Police Department (PD),12/30/2024 20:05,12/30/2024 20:05,6,Y,Single Vehicle,Other,Serious Injury,Incapacitating Injury,DAY,N,N,N,N,N,N,N,N,N,1,1,0,0,1,0,0,0,0,0,0,1,1,0,1,0,0,0,0,0,0,0,0,0,0,N,0,0,Y,1,0,0,0,0,0,1,2000,2000,1,0,0,Preliminary,Editor Mapped,468561.2398,3305637.673,29.88094462,-81.32557816
26475381,2024,12/28/2024 14:45,2/14/2025 2:13,FHP24ON0652178,L,1,2,2,38,Duval,Jacksonville,Urban,12/28/2024 14:46,12/28/2024 14:49,12/28/2024 15:03,12/28/2024 17:22,Y,Law Enforcement,INTERSTATE 10,,30.31645327,-81.76975517,1899,North,INTERSTATE 295,,Interstate,Paved,Not at Intersection,Y,Daylight,Clear,Dry,N,Other,Other Non-Collision,Shoulder,Y,Entrance/Exit Ramp,None,,,None,,,N,,,,,TPR,Florida Highway Patrol,Florida Highway Patrol (FHP),1/15/2025 19:27,3/7/2025 19:32,18,Y,Single Vehicle,Other,Fatality,Fatal (within 30 days),DAY,N,N,N,N,Y,N,N,Y,N,0,0,0,0,0,2,2,0,0,1,0,0,0,0,1,0,0,1,0,0,0,0,2,0,2,N,0,0,N,0,0,0,0,0,0,1,15000,15000,2,0,0,Preliminary,Editor Mapped,425995.8263,3354098.916,30.31641895,-81.76974085
26341731,2024,8/10/2024 19:50,2/12/2025 14:25,FHP24ON0400365,L,3,3,2,38,Duval,Jacksonville,Urban,8/10/2024 19:55,8/10/2024 20:02,8/10/2024 20:21,8/11/2024 2:09,Y,Law Enforcement,INTERSTATE 295,,30.18197,-81.63027,1125,East,STATE ROAD 13,,Interstate,Paved,Not at Intersection,Y,Daylight,Clear,Dry,N,"Sideswipe, Same Direction",Motor Vehicle in Transport,On Roadway,N,Non-Junction,None,,,None,,,N,,,,,CPL,Florida Highway Patrol,Florida Highway Patrol (FHP),8/22/2024 19:29,2/20/2025 19:30,12,Y,Same Direction Sideswipe,Sideswipe,Fatality,Fatal (within 30 days),NIGHT,N,N,Y,N,N,N,N,Y,N,2,0,0,0,0,1,1,0,1,1,0,0,0,0,3,0,1,0,0,0,0,0,1,0,1,N,0,0,N,0,0,1,0,1,60,3,20500,20560,1,0,0,Verified,n/a,439323.8027,3339118.69,30.18198377,-81.63025674
26479086,2024,12/28/2024 18:17,12/28/2024 19:16,FHP24ON0652485,L,1,1,41,0,Nassau,Unincorporated,Urban,12/28/2024 18:22,12/28/2024 18:34,12/28/2024 19:03,12/28/2024 20:20,Y,Law Enforcement,COUNTY ROAD 119,,30.39174,-81.94009,79,East,US HIGHWAY 301,,County,Paved,Not at Intersection,N,Dark - Not Lighted,Cloudy,Dry,N,Other,Overturn/Rollover,On Roadway,N,Railway Grade Crossing,None,,,None,,,N,,,,,TPR,Florida Highway Patrol,Florida Highway Patrol (FHP),1/22/2025 19:36,1/22/2025 19:36,25,Y,Rollover,Rollover,Serious Injury,Incapacitating Injury,DAY,N,N,N,N,N,N,Y,N,N,0,1,0,0,1,0,0,0,0,1,0,0,0,0,1,0,0,0,0,0,0,0,1,1,0,N,0,0,N,0,0,1,0,0,0,1,1500,1500,1,0,0,Preliminary,Editor Mapped,409708.6397,3362555.203,30.3916129,-81.93986073
26115457,2024,4/8/2024 20:34,1/21/2025 10:38,217209,L,3,3,2,38,Duval,Jacksonville,Urban,4/8/2024 20:34,4/8/2024 20:36,4/8/2024 20:46,4/8/2024 23:48,N,Law Enforcement,SOUTEL DR,,30.40132453,-81.72273314,89,North,CLYDE DR,,County,Curb,Not at Intersection,Y,Dark - Not Lighted,Clear,Dry,N,Angle,Pedestrian,On Roadway,N,Non-Junction,None,,,None,,,N,,,,,DETECTIVE,Jacksonville Sheriff's Office,Sheriff's Office (SO),4/9/2024 19:35,1/22/2025 19:36,1,Y,Pedestrian,Pedestrian,Fatality,Fatal (within 30 days),NIGHT,N,N,N,N,N,Y,N,N,N,2,0,0,0,0,1,1,0,0,0,0,1,0,1,2,1,0,0,0,0,0,0,0,0,0,Y,0,1,N,0,0,0,0,0,0,2,1500,1500,1,0,0,Preliminary,Officer Mapped,430575.6488,3363477.673,30.40131878,-81.72272986
26399789,2024,10/1/2024 6:50,1/30/2025 8:10,FHP24ON0492727,L,2,6,48,0,Clay,Unincorporated,Rural,10/1/2024 7:00,10/1/2024 7:05,10/1/2024 7:23,10/1/2024 12:40,Y,Law Enforcement,US-17,,29.84349,-81.66215,0,,LOVERS LANE,,U.S.,Unpaved,Not at Intersection,Y,Dark - Not Lighted,Cloudy,Dry,N,Other,Pedestrian,On Roadway,N,Non-Junction,None,,,None,,,N,,,,,TPR,Florida Highway Patrol,Florida Highway Patrol (FHP),10/10/2024 0:49,2/4/2025 19:59,9,Y,Pedestrian,Pedestrian,Fatality,Fatal (within 30 days),NIGHT,N,N,N,N,Y,N,N,N,N,5,0,0,0,0,1,1,0,0,0,0,1,0,1,2,0,0,3,2,0,0,0,0,0,0,Y,0,1,N,0,0,0,0,0,0,1,9000,9000,0,0,1,Preliminary,Computer mapped confident by address,436058.1366,3301620.957,29.84343736,-81.66192534
26398113,2024,8/8/2024 22:22,4/23/2025 10:57,FHP24ON0397036,L,3,3,2,38,Duval,Jacksonville,Urban,8/8/2024 22:27,8/8/2024 22:34,8/8/2024 22:55,8/9/2024 5:30,Y,Law Enforcement,U.S. HIGHWAY 1 (PHILLIPS HWY),,30.24728,-81.60275,0,,LENOIR AVE,,U.S.,Paved,T-Intersection,Y,Dark - Lighted,Clear,Dry,N,Other,Motor Vehicle in Transport,On Roadway,Y,Intersection,None,,,None,,,Y,Before the First Work Zone Warning Sign,Work on Shoulder or Median,N,N,CPL,Florida Highway Patrol,Florida Highway Patrol (FHP),8/29/2024 19:29,4/24/2025 19:20,21,Y,Other,Other,Fatality,Fatal (within 30 days),NIGHT,N,N,N,N,N,N,Y,N,N,1,1,0,0,1,1,1,0,0,1,0,0,0,0,3,0,0,0,0,0,0,0,1,0,1,N,0,0,N,0,0,3,0,0,0,3,11000,11000,1,0,1,Verified,n/a,442009.2391,3346337.619,30.24725711,-81.60276083
26315868,2024,5/25/2024 2:00,2/24/2025 18:20,FHP24ON0262006,L,1,3,2,38,Duval,Jacksonville,Urban,5/25/2024 2:03,5/25/2024 2:06,5/25/2024 2:16,5/25/2024 9:33,Y,Law Enforcement,INTERSTATE 10,,30.32079305,-81.71044258,449,West,MCDUFF AVE,,Interstate,Paved,Not at Intersection,Y,Dark - Lighted,Clear,Dry,N,Other,Pedestrian,On Roadway,N,Non-Junction,None,,,None,,,N,,,,,TPR,Florida Highway Patrol,Florida Highway Patrol (FHP),6/27/2024 19:25,2/26/2025 19:34,33,Y,Pedestrian,Pedestrian,Fatality,Fatal (within 30 days),NIGHT,N,N,N,N,N,Y,N,Y,N,0,1,1,0,0,2,2,0,0,0,0,2,0,2,1,0,0,0,1,1,0,0,0,0,0,Y,0,2,N,0,0,0,0,0,0,1,8000,8000,0,0,2,Preliminary,Editor Mapped,431698.7162,3354546.16,30.32079019,-81.71045639
26832259,2024,12/27/2024 21:45,12/27/2024 22:20,784084,L,3,3,2,38,Duval,Jacksonville,Urban,12/27/2024 21:50,12/27/2024 21:51,12/27/2024 21:59,12/27/2024 23:41,Y,Law Enforcement,MERRILL RD,,30.35204659,-81.57754534,0,,TOWNSEND BLVD,,Local,Paved,Four-Way Intersection,N,Dark - Lighted,Clear,Wet,N,Angle,Motor Vehicle in Transport,On Roadway,N,Intersection,Road Surface Condition,,,None,,,N,,,,,OFFICER,Jacksonville Sheriff's Office,Sheriff's Office (SO),12/28/2024 19:25,12/28/2024 19:25,1,Y,Left Entering,Left Turn,Serious Injury,Incapacitating Injury,NIGHT,N,N,N,Y,N,N,Y,N,N,2,1,0,0,1,0,0,0,0,1,0,0,0,0,3,0,1,0,0,0,0,0,1,1,0,N,0,0,N,0,0,1,0,0,0,3,10000,10000,1,0,0,Preliminary,Editor Mapped,444493.9539,3357936.22,30.35203613,-81.57754873
26285914,2024,2/16/2024 0:19,4/2/2024 21:21,FHP24ON0078751,L,1,2,2,38,Duval,Jacksonville,Urban,2/16/2024 1:15,2/16/2024 1:26,2/16/2024 1:50,2/16/2024 3:48,Y,Law Enforcement,STATE ROAD 21 (BLANDING BLVD),,30.19390323,-81.73927855,0,,YOUNGERMAN CIRCLE,,State,Curb,Four-Way Intersection,Y,Dark - Lighted,Clear,Dry,N,Other,Pedestrian,On Roadway,Y,Intersection,None,,,None,,,N,,,,,TPR,Florida Highway Patrol,Florida Highway Patrol (FHP),2/27/2024 20:15,4/5/2024 19:41,11,Y,Pedestrian,Pedestrian,Fatality,Fatal (within 30 days),NIGHT,N,N,N,N,N,N,Y,N,N,1,0,0,0,0,1,1,0,0,0,0,1,0,1,1,0,0,0,0,0,0,0,0,0,0,Y,0,1,N,0,0,0,0,0,0,1,4500,4500,1,0,0,Verified,n/a,428836.7329,3340487.593,30.19376762,-81.73927341
25689425,2024,11/4/2024 4:28,11/4/2024 4:48,674473,L,1,1,2,38,Duval,Jacksonville,Urban,11/4/2024 4:30,11/4/2024 4:31,11/4/2024 4:32,11/4/2024 5:30,Y,Law Enforcement,ROOSEVELT BLVD,3147,30.31011044,-81.70887514,244,West,,,Local,Curb,Not at Intersection,N,Dark - Lighted,Clear,Dry,N,Other,Curb,Off Roadway,N,Non-Junction,None,,,None,,,N,,,,,OFFICER,Jacksonville Sheriff's Office,Sheriff's Office (SO),11/6/2024 23:00,11/6/2024 23:00,2,Y,Off Road,Off Road,Serious Injury,Incapacitating Injury,NIGHT,Y,N,N,N,N,N,N,Y,Y,0,1,0,0,1,0,0,0,0,1,0,0,0,0,1,0,0,0,0,0,0,0,1,1,0,N,0,0,N,0,0,0,0,0,0,1,5000,5000,1,0,0,Preliminary,Editor Mapped,431847.9794,3353362.716,30.31011982,-81.70882701
26834957,2024,10/31/2024 12:19,10/31/2024 12:47,666564,L,1,2,2,38,Duval,Jacksonville,Urban,10/31/2024 12:24,10/31/2024 12:26,10/31/2024 12:33,10/31/2024 13:08,Y,Law Enforcement,UNIVERSITY BLVD W,,30.2681267,-81.61482981,0,,RICHARD ST,,Local,Curb,Four-Way Intersection,N,Daylight,Clear,Dry,N,Angle,Pedalcycle,On Roadway,N,Intersection-Related,None,,,None,,,N,,,,,CSO,Jacksonville Sheriff's Office,Sheriff's Office (SO),11/5/2024 19:58,11/5/2024 19:58,5,Y,Bicycle,Bicycle,Serious Injury,Incapacitating Injury,DAY,N,N,N,N,N,N,Y,N,N,1,1,0,0,1,0,0,0,0,0,0,1,1,0,1,0,0,0,0,0,0,0,0,0,0,N,0,0,Y,1,0,1,0,0,0,1,2000,2000,1,0,0,Preliminary,Editor Mapped,440865.0371,3348648.418,30.26805389,-81.61478305
26836845,2024,11/3/2024 16:41,11/3/2024 17:08,673612,L,1,1,2,38,Duval,Jacksonville,Urban,11/3/2024 16:45,11/3/2024 16:47,11/3/2024 16:53,11/3/2024 17:18,Y,Law Enforcement,MCCORMICK RD,,30.36019007,-81.50302758,90,South,MONUMENT RD,,State,Paved,Four-Way Intersection,N,Daylight,Rain,Wet,N,Angle,Fell/Jumped From Motor Vehicle,Off Roadway,N,Intersection,Road Surface Condition,,,None,,,N,,,,,OFFICER,Jacksonville Sheriff's Office,Sheriff's Office (SO),11/4/2024 19:56,11/4/2024 19:56,1,Y,Single Vehicle,Other,Serious Injury,Incapacitating Injury,DAY,Y,N,N,N,N,N,Y,N,Y,0,1,0,0,1,0,0,0,0,1,0,0,0,0,1,0,0,0,0,0,0,0,1,1,0,N,0,0,N,0,0,0,0,0,0,1,4550,4550,1,0,0,Preliminary,Editor Mapped,451689.3335,3358777.393,30.35993598,-81.50272113
26836955,2024,11/1/2024 23:30,11/1/2024 23:45,670210,L,1,3,2,38,Duval,Jacksonville,Urban,11/1/2024 23:35,11/1/2024 23:40,11/1/2024 23:43,11/1/2024 23:45,Y,Law Enforcement,TOWN CENTER PKWY,4618,30.26023452,-81.52917681,715,North,TROPEA  WAY N,,State,Paved,Four-Way Intersection,N,Dark - Lighted,Clear,Dry,N,Angle,Pedalcycle,On Roadway,N,Intersection,None,,,None,,,N,,,,,OFFICER,Jacksonville Sheriff's Office,Sheriff's Office (SO),11/5/2024 19:58,11/5/2024 19:58,4,Y,Bicycle,Bicycle,Serious Injury,Incapacitating Injury,NIGHT,N,N,N,N,N,N,Y,N,N,2,1,0,0,1,0,0,0,0,0,0,1,1,0,1,0,0,1,0,0,0,0,0,0,0,N,0,0,Y,1,0,0,0,0,0,1,500,500,1,0,0,Preliminary,Editor Mapped,449082.5001,3347717,30.26002209,-81.52931031
26310421,2024,5/19/2024 23:30,6/14/2024 9:05,FHP24ON0252259,L,1,1,2,38,Duval,Jacksonville,Urban,5/20/2024 0:26,5/20/2024 0:32,5/20/2024 0:50,5/20/2024 4:34,Y,Law Enforcement,CHAFFEE ROAD SOUTH,,30.26751,-81.8487,1632,South,STATE ROAD 228 (NORMANDY BOULEVARD),,Local,Paved,Not at Intersection,Y,Dark - Not Lighted,Cloudy,Dry,N,Other,Tree (standing),Off Roadway,N,Non-Junction,None,,,None,,,N,,,,,TPR,Florida Highway Patrol,Florida Highway Patrol (FHP),5/26/2024 19:15,6/15/2024 19:21,7,Y,Off Road,Off Road,Fatality,Fatal (within 30 days),NIGHT,N,N,N,N,N,N,N,Y,N,0,0,0,0,0,1,1,0,0,0,0,0,0,0,1,0,1,0,1,0,0,1,0,0,0,N,0,0,N,0,0,0,0,0,0,1,13000,13000,0,0,1,Verified,n/a,418364.4802,3347928.291,30.26024896,-81.84863049
26105315,2024,10/28/2024 23:00,10/28/2024 23:41,660615,L,1,1,2,38,Duval,Jacksonville,Urban,10/28/2024 23:02,10/28/2024 23:02,10/28/2024 23:10,10/29/2024 3:49,Y,Law Enforcement,SOUTEL DR,,30.38380231,-81.73636084,328,West,BISHOP HATCHER DR E,,Local,Curb,Not at Intersection,N,Dark - Lighted,Clear,Dry,N,Front to Front,Utility Pole/Light Support,Shoulder,N,Non-Junction,None,,,None,,,N,,,,,OFFICER,Jacksonville Sheriff's Office,Sheriff's Office (SO),11/5/2024 19:58,11/5/2024 19:58,8,Y,Off Road,Off Road,Serious Injury,Incapacitating Injury,NIGHT,N,Y,N,Y,N,N,N,Y,N,0,1,0,0,1,0,0,0,0,0,0,0,0,0,1,0,0,0,1,1,1,0,0,0,0,N,0,0,N,0,0,2,0,1,5000,1,10000,15000,1,0,0,Preliminary,Editor Mapped,429253.9307,3361544.31,30.38379656,-81.73635756
26109000,2024,1/26/2024 7:04,3/7/2024 12:29,53242,L,1,2,2,30,Duval,Atlantic Beach,Urban,1/26/2024 7:06,1/26/2024 7:08,1/26/2024 7:41,1/26/2024 9:59,Y,Law Enforcement,MAYPORT RD,,30.35417659,-81.41364316,200,North,FLEET LANDING BLVD,,State,Curb,Not at Intersection,Y,Dawn,Rain,Wet,Y,,Pedestrian,On Roadway,N,Non-Junction,Road Surface Condition,,,None,,,N,,,,,DETECTIVE,Jacksonville Sheriff's Office,Sheriff's Office (SO),1/27/2024 19:19,3/8/2024 19:26,1,Y,Pedestrian,Pedestrian,Fatality,Fatal (within 30 days),DAY,N,N,Y,N,N,N,N,N,N,1,0,0,0,0,1,1,0,0,0,0,1,0,1,1,1,0,0,0,0,0,0,0,0,0,Y,0,1,N,0,0,0,0,0,0,1,200,200,1,0,0,Verified,n/a,460247.796,3358103.702,30.35416883,-81.41363829
26111905,2024,7/24/2024 21:02,10/9/2024 7:50,451879,L,2,3,2,38,Duval,Jacksonville,Urban,7/24/2024 21:04,7/24/2024 21:06,7/24/2024 21:08,7/25/2024 1:57,Y,Law Enforcement,ATLANTIC BLVD,,30.31404548,-81.5690262,0,,BOWLAN ST,,State,Paved,Four-Way Intersection,N,Dark - Lighted,Clear,Dry,N,Angle,Motor Vehicle in Transport,On Roadway,Y,Intersection,None,,,None,,,N,,,,,OFFICER,Jacksonville Sheriff's Office,Sheriff's Office (SO),7/25/2024 19:22,10/10/2024 19:26,1,Y,Left Entering,Left Turn,Fatality,Fatal (within 30 days),NIGHT,N,N,N,N,Y,N,Y,N,N,0,1,1,0,0,2,2,0,0,0,0,0,0,0,2,0,0,1,1,0,0,1,0,0,0,N,0,0,N,0,0,0,0,1,1000,2,25000,26000,3,0,0,Verified,n/a,445292.7163,3353724.068,30.31406336,-81.56901801
26119119,2024,10/13/2024 0:15,2/26/2025 12:05,627090,L,1,2,2,38,Duval,Jacksonville,Urban,10/13/2024 0:19,10/13/2024 0:21,10/13/2024 0:21,10/13/2024 3:49,Y,Law Enforcement,W 13TH ST,,30.35134909,-81.6865162,79,West,FAIRFAX ST,,Local,Curb,Four-Way Intersection,N,Dark - Lighted,Clear,Dry,N,Other,Pedestrian,On Roadway,N,Intersection-Related,None,,,None,,,N,,,,,DETECTIVE,Jacksonville Sheriff's Office,Sheriff's Office (SO),10/14/2024 19:41,2/27/2025 19:31,1,Y,Pedestrian,Pedestrian,Serious Injury,Incapacitating Injury,NIGHT,N,N,N,N,N,N,Y,N,N,1,1,0,0,1,0,0,0,0,0,0,1,0,1,1,0,0,0,0,0,0,0,0,0,0,Y,1,0,N,0,0,0,0,0,0,1,8000,8000,1,0,0,Preliminary,Editor Mapped,434021.1191,3357917.824,30.35134335,-81.68651294
26425336,2024,10/23/2024 20:51,10/23/2024 22:04,FHP24ON0536401,L,2,2,2,38,Duval,Jacksonville,Urban,10/23/2024 20:56,10/23/2024 21:34,10/23/2024 21:38,10/23/2024 22:39,Y,Law Enforcement,STATE ROAD 202,,30.24992,-81.5526,686,East,SOUTHSIDE BOULEVARD,,Interstate,Paved,Not at Intersection,N,Dark - Lighted,Clear,Dry,N,Front to Rear,Motor Vehicle in Transport,On Roadway,N,Non-Junction,None,,,None,,,N,,,,,TPR,Florida Highway Patrol,Florida Highway Patrol (FHP),11/5/2024 19:58,11/5/2024 19:58,13,Y,Rear End,Rear End,Serious Injury,Incapacitating Injury,NIGHT,N,N,N,N,N,N,N,N,N,0,2,1,0,1,0,0,0,0,0,0,0,0,0,2,0,0,0,1,1,1,0,0,0,0,N,0,0,N,0,0,3,0,0,0,2,18500,18500,1,0,0,Preliminary,Editor Mapped,447590.0144,3346624.273,30.25009787,-81.54477037
26285938,2024,4/20/2024 1:17,1/9/2025 20:24,FHP24ON0197521,L,2,2,2,38,Duval,Jacksonville,Urban,4/20/2024 1:17,4/20/2024 1:26,4/20/2024 1:36,4/20/2024 4:40,Y,Law Enforcement,STATE ROAD 134 (103RD STREET),,30.24657709,-81.86589068,0,,APPROACH ROAD,,State,Paved,Four-Way Intersection,Y,Dark - Not Lighted,Clear,Dry,N,Angle,Motor Vehicle in Transport,On Roadway,Y,Intersection,None,,,None,,,N,,,,,CPL,Florida Highway Patrol,Florida Highway Patrol (FHP),4/25/2024 19:23,1/11/2025 19:25,5,Y,Other,Other,Fatality,Fatal (within 30 days),NIGHT,N,Y,Y,N,N,N,Y,N,N,1,0,0,0,0,1,1,0,1,1,0,0,0,0,2,0,0,0,0,0,0,0,1,0,1,N,0,0,N,0,0,1,0,0,0,2,2500,2500,0,0,1,Preliminary,Editor Mapped,416693.7217,3346414.372,30.24647484,-81.86587715
26436990,2024,11/30/2024 2:32,12/23/2024 6:30,FHP24ON0602763,L,2,3,2,38,Duval,Jacksonville,Urban,11/30/2024 2:37,11/30/2024 2:42,11/30/2024 2:50,11/30/2024 7:29,Y,Law Enforcement,US HIGHWAY 1,,30.25559,-81.61001,198,South,BOWDENDALE AVENUE,,U.S.,Paved,Not at Intersection,Y,Dark - Not Lighted,Cloudy,Dry,N,Other,Pedestrian,On Roadway,N,Non-Junction,None,,,None,,,N,,,,,TPR,Florida Highway Patrol,Florida Highway Patrol (FHP),12/11/2024 19:32,12/24/2024 19:51,11,Y,Pedestrian,Pedestrian,Fatality,Fatal (within 30 days),NIGHT,N,N,N,N,N,N,N,N,N,1,1,0,1,0,1,1,0,0,0,0,1,0,1,2,0,0,0,1,1,0,0,0,0,0,Y,0,1,N,0,0,0,0,0,0,1,10000,10000,0,0,1,Preliminary,Computer mapped confident by address,441352.8086,3347214.744,30.25514049,-81.60963237